--------- beginning of main
09-14 09:34:28.215  1333  1333 I wpa_supplicant: wlan0: CTRL-EVENT-BEACON-LOSS 
09-14 09:34:28.503   661  1014 E WifiDataStall: Ignore this poll. newStats: null txLinkSpeedMbps: 1 rxLinkSpeedMbps: 2 rssi: -50 connectionCapabilities: com.android.server.wifi.WifiNative$ConnectionCapabilities@42dc428
09-14 09:34:28.762   661  1164 W AS.PlaybackActivityMon: No piid assigned for invalid/internal port id 18
09-14 09:34:28.762   661  2239 W AS.PlaybackActivityMon: No piid assigned for invalid/internal port id 18
09-14 09:34:28.762   661  1238 V GrammaticalInflectionUtils: AttributionSource: android.content.AttributionSource@bc33f359 does not have READ_SYSTEM_GRAMMATICAL_GENDER permission.
09-14 09:34:28.764   516   538 I libbinder.BpBinder: onLastStrongRef automatically unlinking death recipients for binder (0x732c2fe41360) with descriptor: '(not cached)'
--------- beginning of system
09-14 09:34:28.764   661  1238 V ActivityTaskManager: TaskLaunchParamsModifier: phase=2 task=Task{f797d86 #149 type=standard A=10229:com.highfly.logbook} activity=ActivityRecord{125185633 u0 com.highfly.logbook/.MainActivity t-1} display-from-option=0 display-id=0 task-display-area-windowing-mode=1 suggested-display-area=DefaultTaskDisplayArea@86450763 inherit-from-source=fullscreen non-freeform-task-display-area display-area=DefaultTaskDisplayArea@86450763 skip-bounds-fullscreen
09-14 09:34:28.764  1110  1321 I SceneFramework: REJECTED scene change quick_actions → <none> because "quick_actions is not a current overlay" (original change reason: "QuickActionChipsInteractor.close")
09-14 09:34:28.764   661  1238 I ActivityTaskManager: START u0 {act=android.intent.action.MAIN cat=[android.intent.category.LAUNCHER] flg=0x10200000 xflg=0x4 cmp=com.highfly.logbook/.MainActivity bnds=[285,1372][540,1652]} with LAUNCH_MULTIPLE from uid 10193 (com.google.android.apps.nexuslauncher) (sr=264339979) (BAL_ALLOW_VISIBLE_WINDOW) result code=0
09-14 09:34:28.764  1110  1200 V WindowManagerShell: Transition requested (#305): android.os.BinderProxy@77badb8 TransitionRequestInfo { type = OPEN, triggerTask = TaskInfo{userId=0 taskId=149 effectiveUid=10229 seqId=0 displayId=0 isRunning=true baseIntent=Intent { act=android.intent.action.MAIN cat=[android.intent.category.LAUNCHER] flg=0x10200000 cmp=com.highfly.logbook/.MainActivity } baseActivity=ComponentInfo{com.highfly.logbook/com.highfly.logbook.MainActivity} topActivity=ComponentInfo{com.highfly.logbook/com.highfly.logbook.MainActivity} origActivity=null realActivity=ComponentInfo{com.highfly.logbook/com.highfly.logbook.MainActivity} realActivityIsAppLockEnabled=false numActivities=1 lastActiveTime=38417536 supportsMultiWindow=true supportsMultiWindowWithoutConstraints=true resizeMode=1 isResizeable=true minWidth=-1 minHeight=-1 defaultMinSize=220 token=WCT{android.os.BinderProxy@2e73791} topActivityType=1 pictureInPictureParams=null shouldDockBigOverlays=false launchIntoPipHostTaskId=-1 lastParentTaskIdBeforePip=-1 displayCutoutSafeInsets=Rect(0, 132 - 0, 0) topActivityInfo=ActivityInfo{a8706f6 com.highfly.logbook.MainActivity} launchCookies=[android.os.BinderProxy@7e11af7] positionInParent=Point(0, 0) parentTaskId=-1 isFocused=false isInteractive=false isVisible=false isVisibleRequested=false isTopActivityNoDisplay=false isSleeping=false locusId=null displayAreaFeatureId=1 isTopActivityTransparent=false isActivityStackTransparent=false lastNonFullscreenBounds=null leafTaskBoundsFromOptions= false capturedLink=null capturedLinkTimestamp=0 requestedVisibleTypes=503 topActivityRequestOpenInBrowserEducationTimestamp=0 appCompatTaskInfo=AppCompatTaskInfo { topActivityInSizeCompat=false isLeafTask= true eligibleForLetterboxEducation= false isLetterboxEducationEnabled= true isLetterboxDoubleTapEnabled= false eligibleForUserAspectRatioButton= false topActivityBoundsLetterboxed= false isFromLetterboxDoubleTap= false topActivityLetterboxVerticalPosition= -1 topActivityLetterboxHorizontalPosition= -1 topActivityLetterboxWidth=-1 topActivityLetterboxHeight=-1 topActivityAppBounds=Rect(0, 0 - 1080, 2400) isUserFullscreenOverrideEnabled=false isSystemFullscreenOverrideEnabled=false hasMinAspectRatioOverride=false topActivityLetterboxBounds=null topNonResizableActivityAspectRatio=-1.0} topActivityMainWindowFrame=null isAppBubble=false}, pipChange = null, remoteTransitionInfo = RemoteTransitionInfo { remoteTransition = android.window.IRemoteTransition$Stub$Proxy@319ed64, debugName = QuickstepLaunch, filter = null }, displayChanges = null, requestedLocation = null, userChange = null, windowingLayerChange = null, fullscreenRequestChange = null, flags = 0, debugId = 305 }
09-14 09:34:28.765   661   686 V GrammaticalInflectionUtils: AttributionSource: android.content.AttributionSource@bc33f359 does not have READ_SYSTEM_GRAMMATICAL_GENDER permission.
09-14 09:34:28.765  1401  1401 D StatsLog: LAUNCHER_APP_LAUNCH_TAP
09-14 09:34:28.765  1401  1401 D StatsLog: LAUNCHER_HOTSEAT_RANKED
09-14 09:34:28.765  1401  1401 D RecentsView: onTaskDisplayChanged: 149, new displayId = 0
09-14 09:34:28.765  1401  1401 D BaseActivity: Launcher flags updated: [state_started|state_resumed|state_deferred_resumed|state_window_focused|state_user_active] -[]
09-14 09:34:28.765  1401  1401 D BaseActivity: Launcher flags updated: [state_started|state_resumed|state_deferred_resumed|state_window_focused] -[state_user_active]
09-14 09:34:28.765  1401  1401 D BaseActivity: Launcher flags updated: [state_started|state_window_focused] -[state_resumed|state_deferred_resumed]
09-14 09:34:28.765  1110  1200 V ShellDesktopMode: DesktopTasksController: skipping handleRequest reason=triggerTask's display doesn't support desktop mode
09-14 09:34:28.765  1401  1401 W SplitSelectStateCtor: Missing session instanceIds
09-14 09:34:28.765  1110  1200 D ShellSplitScreen: logExit: no-op, mLoggerSessionId is null
09-14 09:34:28.765  1401  1401 D StatsLog: LAUNCHER_SPLIT_SELECTION_EXIT_INTERRUPTED
09-14 09:34:28.765  1110  1200 V WindowManagerShell: RemoteTransition directly requested for (#305) android.os.BinderProxy@77badb8: RemoteTransition { remoteTransition = android.window.IRemoteTransition$Stub$Proxy@319ed64, appThread = null, debugName = QuickstepLaunch, filter = null }
09-14 09:34:28.765  1110  1200 V WindowManagerShell: Transition (#305): request handled by DefaultMixedHandler
09-14 09:34:28.765  1401  1466 D QuickstepModelDelegate: notifyAppTargetEvent action=1 launchLocation=all-apps
09-14 09:34:28.765   568 10331 W libbinder.IPCThreadState: Sending oneway calls to frozen process.
09-14 09:34:28.766   661  1164 V WindowManager: Defer transition id=305 for TaskFragmentTransaction=android.os.Binder@c312fe3
09-14 09:34:28.766  1110  1200 D WindowManagerShell: setLauncherKeepClearAreaHeight: visible=false, height=495
09-14 09:34:28.766  1110  1200 V RecentTasksController: Notify recent tasks changed: 1
09-14 09:34:28.766  1110  1200 V RecentTasksController: onRecentTaskRemovedForAddTask; removing task=148
09-14 09:34:28.766  1401  1401 D RecentTasksList: invalidateLoadedTasks - previous requestLoadId: -1
09-14 09:34:28.766  1110  1200 D ShellDesktopMode: DesktopRepository(0): Removes freeform task: taskId=148
09-14 09:34:28.766  1110  1200 W ShellDesktopMode: DesktopRepository(0): No display id found for task: taskId=148
09-14 09:34:28.766  1110  1200 V RecentTasksController: Notify recent tasks changed: 1
09-14 09:34:28.766  1401  1401 D RecentTasksList: invalidateLoadedTasks - previous requestLoadId: -1
09-14 09:34:28.767   661  2239 W InputChannel-JNI: Channel already disposed.
09-14 09:34:28.767   661  2239 V WindowManager: Continue transition id=305 for TaskFragmentTransaction=android.os.Binder@c312fe3
09-14 09:34:28.768   456   456 D Zygote  : Forked child process 19082
09-14 09:34:28.769   661   693 I ActivityManager: Start proc 19082:com.highfly.logbook/u0a229 for next-top-activity {com.highfly.logbook/com.highfly.logbook.MainActivity}
09-14 09:34:28.769 19082 19082 I libprocessgroup: Created cgroup /sys/fs/cgroup/apps/uid_10229/pid_19082
09-14 09:34:28.771 19082 19082 I Zygote  : Process 19082 created for com.highfly.logbook
09-14 09:34:28.771 19082 19082 I highfly.logbook: Late-enabling -Xcheck:jni
09-14 09:34:28.777 19082 19082 I highfly.logbook: Using generational CollectorTypeCMC GC.
09-14 09:34:28.778 19082 19082 W highfly.logbook: Unexpected CPU variant for x86: x86_64.
09-14 09:34:28.778 19082 19082 W highfly.logbook: Known variants: atom, sandybridge, silvermont, goldmont, goldmont-plus, goldmont-without-sha-xsaves, tremont, kabylake, alderlake, pantherlake, default
09-14 09:34:28.778   516   516 W skia    : AGTM parsing failed flags.readFromStream(s) at 159
09-14 09:34:28.778   516   516 W skia    : AGTM parsing failed flags.readFromStream(s) at 159
09-14 09:34:28.778   516   516 W skia    : AGTM parsing failed flags.readFromStream(s) at 159
09-14 09:34:28.778   516   516 W skia    : AGTM parsing failed flags.readFromStream(s) at 159
09-14 09:34:28.778   516   516 W skia    : AGTM parsing failed flags.readFromStream(s) at 159
09-14 09:34:28.778   516   516 W skia    : AGTM parsing failed flags.readFromStream(s) at 159
09-14 09:34:28.778   516   516 W skia    : AGTM parsing failed flags.readFromStream(s) at 159
09-14 09:34:28.778   516   547 W skia    : AGTM parsing failed flags.readFromStream(s) at 159
09-14 09:34:28.778   516   547 W skia    : AGTM parsing failed flags.readFromStream(s) at 159
09-14 09:34:28.778   516   547 W skia    : AGTM parsing failed flags.readFromStream(s) at 159
09-14 09:34:28.778   516   547 W skia    : AGTM parsing failed flags.readFromStream(s) at 159
09-14 09:34:28.778   516   547 W skia    : AGTM parsing failed flags.readFromStream(s) at 159
09-14 09:34:28.778   516   547 W skia    : AGTM parsing failed flags.readFromStream(s) at 159
09-14 09:34:28.778   661  2239 D WindowManager: setClientSurface Surface(name=VRI-Splash Screen com.highfly.logbook#5185)/@0x99dd80c for e7d4899 Splash Screen com.highfly.logbook
09-14 09:34:28.779  1110  1244 I Surface : Creating surface for consumer unnamed-1110-174 with slotExpansion=1 for 64 slots
09-14 09:34:28.779  1110  1244 I Surface : Creating surface for consumer VRI[logbook]#174(BLAST Consumer)174 with slotExpansion=1 for 64 slots
09-14 09:34:28.779  1952  2011 I adbd    : jdwp connection from 19082
09-14 09:34:28.782 19082 19082 D nativeloader: Load libframework-connectivity-tiramisu-jni.so using APEX ns com_android_tethering for caller /apex/com.android.tethering/javalib/framework-connectivity-t.jar: ok
09-14 09:34:28.794   516   516 W skia    : AGTM parsing failed flags.readFromStream(s) at 159
09-14 09:34:28.794   516   516 W skia    : AGTM parsing failed flags.readFromStream(s) at 159
09-14 09:34:28.794   516   516 W skia    : AGTM parsing failed flags.readFromStream(s) at 159
09-14 09:34:28.795   516   516 W skia    : AGTM parsing failed flags.readFromStream(s) at 159
09-14 09:34:28.786 19082 19082 W re-initialized>: type=1400 audit(0.0:159): avc:  granted  { execute } for  path="/data/data/com.highfly.logbook/code_cache/startup_agents/d77b4fbe-agent.so" dev="dm-6" ino=558436 scontext=u:r:untrusted_app:s0:c229,c256,c512,c768 tcontext=u:object_r:app_data_file:s0:c229,c256,c512,c768 tclass=file app=com.highfly.logbook
09-14 09:34:28.795   516   516 W skia    : AGTM parsing failed flags.readFromStream(s) at 159
09-14 09:34:28.795   516   516 W skia    : AGTM parsing failed flags.readFromStream(s) at 159
09-14 09:34:28.795   516   516 W skia    : AGTM parsing failed flags.readFromStream(s) at 159
09-14 09:34:28.795 19082 19082 D nativeloader: Load /data/user/0/com.highfly.logbook/code_cache/startup_agents/d77b4fbe-agent.so using system ns (caller=<unknown>): ok
09-14 09:34:28.795 19082 19082 V studio.deploy: Startup agent attached to VM
09-14 09:34:28.795 19082 19082 V studio.deploy: No existing instrumentation found. Loading instrumentation from instruments-c3716e42.jar
09-14 09:34:28.795   516   547 W skia    : AGTM parsing failed flags.readFromStream(s) at 159
09-14 09:34:28.795   516   547 W skia    : AGTM parsing failed flags.readFromStream(s) at 159
09-14 09:34:28.795   516   547 W skia    : AGTM parsing failed flags.readFromStream(s) at 159
09-14 09:34:28.795   516   547 W skia    : AGTM parsing failed flags.readFromStream(s) at 159
09-14 09:34:28.795   516   547 W skia    : AGTM parsing failed flags.readFromStream(s) at 159
09-14 09:34:28.795   516   547 W skia    : AGTM parsing failed flags.readFromStream(s) at 159
09-14 09:34:28.796   661   687 V SharedSurfaceAnimation: Checking SharedSurface matching for: ComponentInfo{com.google.android.apps.nexuslauncher/com.google.android.apps.nexuslauncher.NexusLauncherActivity}, user= 0
09-14 09:34:28.796   661   687 V SharedSurfaceAnimation:   No matching provider found.
09-14 09:34:28.796  1401  1401 D BaseActivity: Launcher flags updated: [state_started] -[state_window_focused]
09-14 09:34:28.796  1401  1401 D ExtendedEditText: onWindowFocusChanged: hasWindowFocus=false
09-14 09:34:28.796  1401  1401 D ExtendedEditText: resetConnectionAndPendingStates
09-14 09:34:28.797  1401  1401 D ExtendedEditText: resetConnectionState
09-14 09:34:28.797   661   683 V WindowManager: Sent Transition (#305) createdAt=09-14 09:34:28.763 via request=TransitionRequestInfo { type = OPEN, triggerTask = TaskInfo{userId=0 taskId=149 effectiveUid=10229 seqId=0 displayId=0 isRunning=true baseIntent=Intent { act=android.intent.action.MAIN cat=[android.intent.category.LAUNCHER] flg=0x10200000 cmp=com.highfly.logbook/.MainActivity } baseActivity=ComponentInfo{com.highfly.logbook/com.highfly.logbook.MainActivity} topActivity=ComponentInfo{com.highfly.logbook/com.highfly.logbook.MainActivity} origActivity=null realActivity=ComponentInfo{com.highfly.logbook/com.highfly.logbook.MainActivity} realActivityIsAppLockEnabled=false numActivities=1 lastActiveTime=38417536 supportsMultiWindow=true supportsMultiWindowWithoutConstraints=true resizeMode=1 isResizeable=true minWidth=-1 minHeight=-1 defaultMinSize=220 token=WCT{RemoteToken{f625436 Task{f797d86 #149 type=standard A=10229:com.highfly.logbook}}} topActivityType=1 pictureInPictureParams=null shouldDockBigOverlays=false launchIntoPipHostTaskId=-1 lastParentTaskIdBeforePip=-1 displayCutoutSafeInsets=Rect(0, 132 - 0, 0) topActivityInfo=ActivityInfo{a4a7f37 com.highfly.logbook.MainActivity} launchCookies=[android.os.BinderProxy@51ca4] positionInParent=Point(0, 0) parentTaskId=-1 isFocused=false isInteractive=false isVisible=false isVisibleRequested=false isTopActivityNoDisplay=false isSleeping=false locusId=null displayAreaFeatureId=1 isTopActivityTransparent=false isActivityStackTransparent=false lastNonFullscreenBounds=null leafTaskBoundsFromOptions= false capturedLink=null capturedLinkTimestamp=0 requestedVisibleTypes=503 topActivityRequestOpenInBrowserEducationTimestamp=0 appCompatTaskInfo=AppCompatTaskInfo { topActivityInSizeCompat=false isLeafTask= true eligibleForLetterboxEducation= false isLetterboxEducationEnabled= true isLetterboxDoubleTapEnabled= false eligibleForUserAspectRatioButton= false topActivityBoundsLetterboxed= false isFromLetterboxDoubleTap= false topActivityLetterboxVerticalPosition= -1 topActivityLetterboxHorizontalPosition= -1 topActivityLetterboxWidth=-1 topActivityLetterboxHeight=-1 topActivityAppBounds=Rect(0, 0 - 1080, 2400) isUserFullscreenOverrideEnabled=false isSystemFullscreenOverrideEnabled=false hasMinAspectRatioOverride=false topActivityLetterboxBounds=null topNonResizableActivityAspectRatio=-1.0} topActivityMainWindowFrame=null isAppBubble=false}, pipChange = null, remoteTransitionInfo = RemoteTransitionInfo { remoteTransition = android.window.IRemoteTransition$Stub$Proxy@bbf5a0d, debugName = QuickstepLaunch, filter = null }, displayChanges = null, requestedLocation = null, userChange = null, windowingLayerChange = null, fullscreenRequestChange = null, flags = 0, debugId = 305 }
09-14 09:34:28.797   661   683 V WindowManager:     startWCT=WindowContainerTransaction { changes= {} hops= [] flags= 0 errorCallbackToken=null taskFragmentOrganizer=null }
09-14 09:34:28.797   661   683 V WindowManager:     info={id=305 t=OPEN f=0x0 trk=0 r=[0@Point(0, 0)] c=[
09-14 09:34:28.797   661   683 V WindowManager:         {WCT{RemoteToken{f625436 Task{f797d86 #149 type=standard A=10229:com.highfly.logbook}}} m=OPEN f=MOVE_TO_TOP|FLAG_CHANGED_INTERACTIVE leash=Surface(name=Task=149#5182)/@0x5668f8 sb=Rect(0, 0 - 1080, 2400) eb=Rect(0, 0 - 1080, 2400) epz=Point(1080, 2400) d=0 taskParent=-1 winMode=1 userId=0},
09-14 09:34:28.797   661   683 V WindowManager:         {WCT{RemoteToken{352ed02 Task{769d023 #1 type=home}}} m=TO_BACK f=SHOW_WALLPAPER|FLAG_CHANGED_INTERACTIVE leash=Surface(name=Task=1#35)/@0x646a9e4 sb=Rect(0, 0 - 1080, 2400) eb=Rect(0, 0 - 1080, 2400) epz=Point(1080, 2400) d=0 taskParent=-1 winMode=1 userId=0},
09-14 09:34:28.797   661   683 V WindowManager:         {m=TO_BACK f=IS_WALLPAPER leash=Surface(name=WallpaperWindowToken{9bd9d3d}#41)/@0xc65f079 sb=Rect(0, 0 - 1080, 2400) eb=Rect(0, 0 - 1080, 2400) epz=Point(1080, 2400) d=0}
09-14 09:34:28.797   661   683 V WindowManager:     ]}
09-14 09:34:28.797  1110  1672 V WindowManagerShell: onTransitionReady(transaction=2838973422004)
09-14 09:34:28.798  1110  1200 V WindowManagerShell: onTransitionReady (#305) android.os.BinderProxy@77badb8: {id=305 t=OPEN f=0x0 trk=0 r=[0@Point(0, 0)] c=[
09-14 09:34:28.798  1110  1200 V WindowManagerShell:         {m=OPEN f=MOVE_TO_TOP|FLAG_CHANGED_INTERACTIVE leash=Surface(name=Task=149#5182)/@0xa766383 sb=Rect(0, 0 - 1080, 2400) eb=Rect(0, 0 - 1080, 2400) epz=Point(1080, 2400) d=0 taskParent=-1 winMode=1 userId=0},
09-14 09:34:28.798  1110  1200 V WindowManagerShell:         {m=TO_BACK f=SHOW_WALLPAPER|FLAG_CHANGED_INTERACTIVE leash=Surface(name=Task=1#35)/@0x10c7900 sb=Rect(0, 0 - 1080, 2400) eb=Rect(0, 0 - 1080, 2400) epz=Point(1080, 2400) d=0 taskParent=-1 winMode=1 userId=0},
09-14 09:34:28.798  1110  1200 V WindowManagerShell:         {m=TO_BACK f=IS_WALLPAPER leash=Surface(name=WallpaperWindowToken{9bd9d3d}#41)/@0x52db539 sb=Rect(0, 0 - 1080, 2400) eb=Rect(0, 0 - 1080, 2400) epz=Point(1080, 2400) d=0}
09-14 09:34:28.798  1110  1200 V WindowManagerShell:     ]}
09-14 09:34:28.798  1110  1200 V WindowManagerShell: FocusTransitionObserver: Updating focus state for transition #305
09-14 09:34:28.798  1110  1200 D WindowManagerShell: FocusTransitionObserver: Focus updated on displayId=0 to taskId=149
09-14 09:34:28.798  1110  1200 V WindowManagerShell: FocusTransitionObserver: Notifying local listeners of task focus change: taskId=149, isFocusedOnDisplay=true, isFocusedGlobally=true
09-14 09:34:28.798  1110  1200 V RecentTasksController: Notify recent tasks changed: 2
09-14 09:34:28.798  1110  1200 V WindowManagerShell: FocusTransitionObserver: Notifying local listeners of task focus change: taskId=1, isFocusedOnDisplay=false, isFocusedGlobally=false
09-14 09:34:28.798  1110  1200 V WindowManagerShell: Playing animation for (#305) android.os.BinderProxy@77badb8@0
09-14 09:34:28.798  1110  1200 V WindowManagerShell:  try firstHandler com.android.wm.shell.transition.DefaultMixedHandler@234beb3
09-14 09:34:28.798  1110  1200 V WindowManagerShell: Mixed transition for opening an intent with a remote transition and PIP or Desktop #305
09-14 09:34:28.798  1110  1200 V WindowManagerShell: tryAnimateOpenIntentWithRemoteAndPipOrDesktop
09-14 09:34:28.798  1110  1200 V WindowManagerShell:  Delegate animation for (#305) to RemoteTransition { remoteTransition = android.window.IRemoteTransition$Stub$Proxy@319ed64, appThread = null, debugName = QuickstepLaunch, filter = null }
09-14 09:34:28.798  1110  1200 V WindowManagerShell:  animated by firstHandler
09-14 09:34:28.798  1110  1200 V ShellTaskOrganizer: Task appeared taskId=149 listener=FullscreenTaskListener
09-14 09:34:28.799  1110  1200 V ShellTaskOrganizer: Fullscreen Task Appeared: #149
09-14 09:34:28.799  1110  1200 V RecentTasksController: Notify recent tasks changed: 1
09-14 09:34:28.799 19082 19082 W highfly.logbook: hiddenapi: DexFile /data/data/com.highfly.logbook/code_cache/.studio/instruments-c3716e42.jar is in boot class path but is not in a known location
09-14 09:34:28.799  1401  1401 D LauncherStateManager: StateManager.cancelAnimation: animation ongoing: false, partial trace:
09-14 09:34:28.799  1401  1401 D LauncherStateManager: 	at com.android.launcher3.statemanager.StateManager.setCurrentAnimation(go/retraceme 815e0705c72483a13850a92e13311adc3be202157d5e2ccabeb5d99cd4ed4ca4:59)
09-14 09:34:28.799  1401  1401 D LauncherStateManager: 	at com.android.launcher3.QuickstepTransitionManager$AppLaunchAnimationRunner.onAnimationStart(go/retraceme 815e0705c72483a13850a92e13311adc3be202157d5e2ccabeb5d99cd4ed4ca4:421)
09-14 09:34:28.799  1401  1401 D LauncherStateManager: 	at com.android.launcher3.LauncherAnimationRunner$$ExternalSyntheticLambda2.run(go/retraceme 815e0705c72483a13850a92e13311adc3be202157d5e2ccabeb5d99cd4ed4ca4:71)
09-14 09:34:28.799 19082 19082 V studio.deploy: Applying transforms with cached classes
09-14 09:34:28.808   512   557 D AudioFlinger: mixer(0x7f38b824b790) throttle end: throttle time(33)
09-14 09:34:28.811   516   516 W skia    : AGTM parsing failed flags.readFromStream(s) at 159
09-14 09:34:28.811   516   516 W skia    : AGTM parsing failed flags.readFromStream(s) at 159
09-14 09:34:28.811   516   516 W skia    : AGTM parsing failed flags.readFromStream(s) at 159
09-14 09:34:28.811   516   516 W skia    : AGTM parsing failed flags.readFromStream(s) at 159
09-14 09:34:28.811   516   516 W skia    : AGTM parsing failed flags.readFromStream(s) at 159
09-14 09:34:28.811   516   516 W skia    : AGTM parsing failed flags.readFromStream(s) at 159
09-14 09:34:28.811   516   516 W skia    : AGTM parsing failed flags.readFromStream(s) at 159
09-14 09:34:28.811   516   516 W skia    : AGTM parsing failed flags.readFromStream(s) at 159
09-14 09:34:28.811   516   516 W skia    : AGTM parsing failed flags.readFromStream(s) at 159
09-14 09:34:28.811   516   547 W skia    : AGTM parsing failed flags.readFromStream(s) at 159
09-14 09:34:28.812   516   547 W skia    : AGTM parsing failed flags.readFromStream(s) at 159
09-14 09:34:28.812   516   547 W skia    : AGTM parsing failed flags.readFromStream(s) at 159
09-14 09:34:28.812   516   547 W skia    : AGTM parsing failed flags.readFromStream(s) at 159
09-14 09:34:28.812   516   547 W skia    : AGTM parsing failed flags.readFromStream(s) at 159
09-14 09:34:28.812   516   547 W skia    : AGTM parsing failed flags.readFromStream(s) at 159
09-14 09:34:28.812  1401  1401 D RecentTasksList: invalidateLoadedTasks - previous requestLoadId: -1
09-14 09:34:28.812  1401  1401 D RecentTasksList: invalidateLoadedTasks - previous requestLoadId: -1
09-14 09:34:28.828   516   516 W skia    : AGTM parsing failed flags.readFromStream(s) at 159
09-14 09:34:28.828   516   516 W skia    : AGTM parsing failed flags.readFromStream(s) at 159
09-14 09:34:28.828   516   516 W skia    : AGTM parsing failed flags.readFromStream(s) at 159
09-14 09:34:28.828   516   516 W skia    : AGTM parsing failed flags.readFromStream(s) at 159
09-14 09:34:28.828   516   516 W skia    : AGTM parsing failed flags.readFromStream(s) at 159
09-14 09:34:28.828   516   516 W skia    : AGTM parsing failed flags.readFromStream(s) at 159
09-14 09:34:28.828   516   516 W skia    : AGTM parsing failed flags.readFromStream(s) at 159
09-14 09:34:28.828   516   516 W skia    : AGTM parsing failed flags.readFromStream(s) at 159
09-14 09:34:28.828   516   547 W skia    : AGTM parsing failed flags.readFromStream(s) at 159
09-14 09:34:28.828   516   547 W skia    : AGTM parsing failed flags.readFromStream(s) at 159
09-14 09:34:28.828   516   547 W skia    : AGTM parsing failed flags.readFromStream(s) at 159
09-14 09:34:28.828   516   547 W skia    : AGTM parsing failed flags.readFromStream(s) at 159
09-14 09:34:28.828   516   547 W skia    : AGTM parsing failed flags.readFromStream(s) at 159
09-14 09:34:28.828   516   547 W skia    : AGTM parsing failed flags.readFromStream(s) at 159
09-14 09:34:28.840 19082 19082 W highfly.logbook: Redefining intrinsic method java.lang.Thread java.lang.Thread.currentThread(). This may cause the unexpected use of the original definition of java.lang.Thread java.lang.Thread.currentThread()in methods that have already been compiled.
09-14 09:34:28.840 19082 19082 W highfly.logbook: Redefining intrinsic method boolean java.lang.Thread.interrupted(). This may cause the unexpected use of the original definition of boolean java.lang.Thread.interrupted()in methods that have already been compiled.
09-14 09:34:28.841 19082 19082 I studio.deploy: Registering DispatchJNI
09-14 09:34:28.841 19082 19082 I studio.deploy: Found com/android/tools/deploy/interpreter/JNI
09-14 09:34:28.844   516   516 W skia    : AGTM parsing failed flags.readFromStream(s) at 159
09-14 09:34:28.844   516   516 W skia    : AGTM parsing failed flags.readFromStream(s) at 159
09-14 09:34:28.844   516   516 W skia    : AGTM parsing failed flags.readFromStream(s) at 159
09-14 09:34:28.844   516   516 W skia    : AGTM parsing failed flags.readFromStream(s) at 159
09-14 09:34:28.844   516   516 W skia    : AGTM parsing failed flags.readFromStream(s) at 159
09-14 09:34:28.844   516   516 W skia    : AGTM parsing failed flags.readFromStream(s) at 159
09-14 09:34:28.844   516   516 W skia    : AGTM parsing failed flags.readFromStream(s) at 159
09-14 09:34:28.844   516   516 W skia    : AGTM parsing failed flags.readFromStream(s) at 159
09-14 09:34:28.845   476   524 I RanchuHwc: logCompositionFallbackIfChanged: layer 950 CompositionType fallback from 3 to 1
09-14 09:34:28.845   516   547 W skia    : AGTM parsing failed flags.readFromStream(s) at 159
09-14 09:34:28.845   516   547 W skia    : AGTM parsing failed flags.readFromStream(s) at 159
09-14 09:34:28.845   516   547 W skia    : AGTM parsing failed flags.readFromStream(s) at 159
09-14 09:34:28.845   516   547 W skia    : AGTM parsing failed flags.readFromStream(s) at 159
09-14 09:34:28.845   516   547 W skia    : AGTM parsing failed flags.readFromStream(s) at 159
09-14 09:34:28.845   516   547 W skia    : AGTM parsing failed flags.readFromStream(s) at 159
09-14 09:34:28.845   516   547 W skia    : AGTM parsing failed flags.readFromStream(s) at 159
09-14 09:34:28.846 19082 19082 D CompatChangeReporter: Compat change id reported: 333566037; UID 10229; state: ENABLED
09-14 09:34:28.848 19082 19082 D ApplicationLoaders: Returning zygote-cached class loader: /system_ext/framework/androidx.window.extensions.jar
09-14 09:34:28.848 19082 19082 D ApplicationLoaders: Returning zygote-cached class loader: /system_ext/framework/androidx.window.sidecar.jar
09-14 09:34:28.861   516   516 W skia    : AGTM parsing failed flags.readFromStream(s) at 159
09-14 09:34:28.861   516   516 W skia    : AGTM parsing failed flags.readFromStream(s) at 159
09-14 09:34:28.861   516   516 W skia    : AGTM parsing failed flags.readFromStream(s) at 159
09-14 09:34:28.861   516   516 W skia    : AGTM parsing failed flags.readFromStream(s) at 159
09-14 09:34:28.861   516   516 W skia    : AGTM parsing failed flags.readFromStream(s) at 159
09-14 09:34:28.861   516   516 W skia    : AGTM parsing failed flags.readFromStream(s) at 159
09-14 09:34:28.861   516   516 W skia    : AGTM parsing failed flags.readFromStream(s) at 159
09-14 09:34:28.861   516   516 W skia    : AGTM parsing failed flags.readFromStream(s) at 159
09-14 09:34:28.861   516   547 W skia    : AGTM parsing failed flags.readFromStream(s) at 159
09-14 09:34:28.862   516   547 W skia    : AGTM parsing failed flags.readFromStream(s) at 159
09-14 09:34:28.862   516   547 W skia    : AGTM parsing failed flags.readFromStream(s) at 159
09-14 09:34:28.862   516   547 W skia    : AGTM parsing failed flags.readFromStream(s) at 159
09-14 09:34:28.862   516   547 W skia    : AGTM parsing failed flags.readFromStream(s) at 159
09-14 09:34:28.862   516   547 W skia    : AGTM parsing failed flags.readFromStream(s) at 159
09-14 09:34:28.862   516   547 W skia    : AGTM parsing failed flags.readFromStream(s) at 159
09-14 09:34:28.866  1110  1200 V RecentTasksController: Notify recent tasks changed: 1
09-14 09:34:28.867  1401  1401 D RecentTasksList: invalidateLoadedTasks - previous requestLoadId: -1
09-14 09:34:28.867  1110  1200 V RecentTasksController: generateList(getRecentTasks)
09-14 09:34:28.867  1110  1200 V RecentTasksController: initializeDesksMap - allDeskIds: []
09-14 09:34:28.867  1110  1200 V RecentTasksController: Task 149 is not an active desktop task
09-14 09:34:28.867  1110  1200 V RecentTasksController: Added fullscreen task: 149
09-14 09:34:28.867  1110  1200 V RecentTasksController: generateList - complete
09-14 09:34:28.867  1401  1464 D PreloadThumbnailUseCase: Preloading thumbnails for task ids: [[id=149 windowingMode=1 user=0 lastActiveTime=38417536 lastFocusedTime=38417570] null]
09-14 09:34:28.875 19082 19082 D nativeloader: Configuring clns-9 for other apk /data/app/~~n2x1m-crqWbY2-boxV-wxg==/com.highfly.logbook-5BQQQ2tB7Rh6IyF4phTWOg==/base.apk. target_sdk_version=37, uses_libraries=, library_path=/data/app/~~n2x1m-crqWbY2-boxV-wxg==/com.highfly.logbook-5BQQQ2tB7Rh6IyF4phTWOg==/lib/x86_64, permitted_path=/data:/mnt/expand:/data/user/0/com.highfly.logbook
09-14 09:34:28.878   516   516 W skia    : AGTM parsing failed flags.readFromStream(s) at 159
09-14 09:34:28.878   516   516 W skia    : AGTM parsing failed flags.readFromStream(s) at 159
09-14 09:34:28.878   516   516 W skia    : AGTM parsing failed flags.readFromStream(s) at 159
09-14 09:34:28.878   516   516 W skia    : AGTM parsing failed flags.readFromStream(s) at 159
09-14 09:34:28.878   516   516 W skia    : AGTM parsing failed flags.readFromStream(s) at 159
09-14 09:34:28.878   516   516 W skia    : AGTM parsing failed flags.readFromStream(s) at 159
09-14 09:34:28.878   516   516 W skia    : AGTM parsing failed flags.readFromStream(s) at 159
09-14 09:34:28.878   516   516 W skia    : AGTM parsing failed flags.readFromStream(s) at 159
09-14 09:34:28.878 19082 19082 D ActivityThread: Set OS env TMPDIR to /data/user/0/com.highfly.logbook/cache
09-14 09:34:28.878   516   547 W skia    : AGTM parsing failed flags.readFromStream(s) at 159
09-14 09:34:28.878   516   547 W skia    : AGTM parsing failed flags.readFromStream(s) at 159
09-14 09:34:28.878   516   547 W skia    : AGTM parsing failed flags.readFromStream(s) at 159
09-14 09:34:28.878   516   547 W skia    : AGTM parsing failed flags.readFromStream(s) at 159
09-14 09:34:28.878   516   547 W skia    : AGTM parsing failed flags.readFromStream(s) at 159
09-14 09:34:28.878   516   547 W skia    : AGTM parsing failed flags.readFromStream(s) at 159
09-14 09:34:28.878   516   547 W skia    : AGTM parsing failed flags.readFromStream(s) at 159
09-14 09:34:28.878 19082 19082 V GraphicsEnvironment: Currently set values for:
09-14 09:34:28.878 19082 19082 V GraphicsEnvironment:   angle_gl_driver_selection_pkgs=[]
09-14 09:34:28.878 19082 19082 V GraphicsEnvironment:   angle_gl_driver_selection_values=[]
09-14 09:34:28.878 19082 19082 V GraphicsEnvironment: com.highfly.logbook is not listed in per-application setting
09-14 09:34:28.878 19082 19082 V GraphicsEnvironment: No special selections for ANGLE, returning default driver choice
09-14 09:34:28.879 19082 19082 V GraphicsEnvironment: Neither updatable production driver nor prerelease driver is supported.
09-14 09:34:28.880 19082 19082 D CompatChangeReporter: Compat change id reported: 407952621; UID 10229; state: ENABLED
09-14 09:34:28.880 19082 19082 D CompatChangeReporter: Compat change id reported: 419020719; UID 10229; state: ENABLED
09-14 09:34:28.888   516   547 W skia    : AGTM parsing failed flags.readFromStream(s) at 159
09-14 09:34:28.888   516   547 W skia    : AGTM parsing failed flags.readFromStream(s) at 159
09-14 09:34:28.889   661  2238 I AppsFilter: interaction: PackageSetting{104d766 com.highfly.logbook/10229} -> PackageSetting{26dea27 com.google.android.apps.nexuslauncher/10193} BLOCKED
09-14 09:34:28.890 19082 19099 I DisplayManager: Choreographer implicitly registered for the refresh rate.
09-14 09:34:28.894   516   516 W skia    : AGTM parsing failed flags.readFromStream(s) at 159
09-14 09:34:28.894   516   516 W skia    : AGTM parsing failed flags.readFromStream(s) at 159
09-14 09:34:28.894   516   516 W skia    : AGTM parsing failed flags.readFromStream(s) at 159
09-14 09:34:28.894   516   516 W skia    : AGTM parsing failed flags.readFromStream(s) at 159
09-14 09:34:28.894   516   516 W skia    : AGTM parsing failed flags.readFromStream(s) at 159
09-14 09:34:28.894   516   516 W skia    : AGTM parsing failed flags.readFromStream(s) at 159
09-14 09:34:28.894   516   516 W skia    : AGTM parsing failed flags.readFromStream(s) at 159
09-14 09:34:28.894   516   516 W skia    : AGTM parsing failed flags.readFromStream(s) at 159
09-14 09:34:28.895   516   547 W skia    : AGTM parsing failed flags.readFromStream(s) at 159
09-14 09:34:28.895   516   547 W skia    : AGTM parsing failed flags.readFromStream(s) at 159
09-14 09:34:28.895   516   547 W skia    : AGTM parsing failed flags.readFromStream(s) at 159
09-14 09:34:28.895   516   547 W skia    : AGTM parsing failed flags.readFromStream(s) at 159
09-14 09:34:28.895   516   547 W skia    : AGTM parsing failed flags.readFromStream(s) at 159
09-14 09:34:28.895   516   547 W skia    : AGTM parsing failed flags.readFromStream(s) at 159
09-14 09:34:28.895   516   547 W skia    : AGTM parsing failed flags.readFromStream(s) at 159
09-14 09:34:28.899   578   578 D AudioAnalytics: gc(1700, 2000): log size:1700 item map size:6, item map items:1700
09-14 09:34:28.901 19082 19082 D AppCompatDelegate: Checking for metadata for AppLocalesMetadataHolderService : Service not found
09-14 09:34:28.903 19082 19082 D CompatChangeReporter: Compat change id reported: 418924588; UID 10229; state: ENABLED
09-14 09:34:28.905 19082 19099 I GFXSTREAM: [eglDisplay.cpp(297)] Opening libGLESv1_CM_emulation.so
09-14 09:34:28.906 19082 19099 I GFXSTREAM: [eglDisplay.cpp(297)] Opening libGLESv2_emulation.so
09-14 09:34:28.906 19082 19099 W libc    : Access denied finding property "vendor.mesa.virtgpu.kumquat"
09-14 09:34:28.908 19082 19099 W HWUI    : Failed to choose config with EGL_SWAP_BEHAVIOR_PRESERVED, retrying without...
09-14 09:34:28.908 19082 19099 W HWUI    : Failed to initialize 101010-2 format, error = EGL_SUCCESS
09-14 09:34:28.911   516   516 W skia    : AGTM parsing failed flags.readFromStream(s) at 159
09-14 09:34:28.911   516   516 W skia    : AGTM parsing failed flags.readFromStream(s) at 159
09-14 09:34:28.911   516   516 W skia    : AGTM parsing failed flags.readFromStream(s) at 159
09-14 09:34:28.911   516   516 W skia    : AGTM parsing failed flags.readFromStream(s) at 159
09-14 09:34:28.911   516   516 W skia    : AGTM parsing failed flags.readFromStream(s) at 159
09-14 09:34:28.911   516   516 W skia    : AGTM parsing failed flags.readFromStream(s) at 159
09-14 09:34:28.911   516   516 W skia    : AGTM parsing failed flags.readFromStream(s) at 159
09-14 09:34:28.911   516   516 W skia    : AGTM parsing failed flags.readFromStream(s) at 159
09-14 09:34:28.911   516   547 W skia    : AGTM parsing failed flags.readFromStream(s) at 159
09-14 09:34:28.912   516   547 W skia    : AGTM parsing failed flags.readFromStream(s) at 159
09-14 09:34:28.912   516   547 W skia    : AGTM parsing failed flags.readFromStream(s) at 159
09-14 09:34:28.912   516   547 W skia    : AGTM parsing failed flags.readFromStream(s) at 159
09-14 09:34:28.912   516   547 W skia    : AGTM parsing failed flags.readFromStream(s) at 159
09-14 09:34:28.912   516   547 W skia    : AGTM parsing failed flags.readFromStream(s) at 159
09-14 09:34:28.912   516   547 W skia    : AGTM parsing failed flags.readFromStream(s) at 159
09-14 09:34:28.924   512   549 I APM_AudioPolicyManager: getNewOutputDevices io 13 recent device override {AUDIO_DEVICE_OUT_SPEAKER, @:}
09-14 09:34:28.926 19082 19082 I highfly.logbook: hiddenapi: Accessing hidden method Landroid/view/View;->computeFitSystemWindows(Landroid/graphics/Rect;Landroid/graphics/Rect;)Z (runtime_flags=0, domain=platform, api=unsupported) from Landroidx/appcompat/widget/ViewUtils; (domain=app, TargetSdkVersion=37) using reflection: allowed
09-14 09:34:28.928   516   516 W skia    : AGTM parsing failed flags.readFromStream(s) at 159
09-14 09:34:28.928   516   516 W skia    : AGTM parsing failed flags.readFromStream(s) at 159
09-14 09:34:28.928   516   516 W skia    : AGTM parsing failed flags.readFromStream(s) at 159
09-14 09:34:28.928   516   516 W skia    : AGTM parsing failed flags.readFromStream(s) at 159
09-14 09:34:28.928   516   516 W skia    : AGTM parsing failed flags.readFromStream(s) at 159
09-14 09:34:28.928   516   516 W skia    : AGTM parsing failed flags.readFromStream(s) at 159
09-14 09:34:28.928   516   516 W skia    : AGTM parsing failed flags.readFromStream(s) at 159
09-14 09:34:28.928   516   516 W skia    : AGTM parsing failed flags.readFromStream(s) at 159
09-14 09:34:28.928   516   547 W skia    : AGTM parsing failed flags.readFromStream(s) at 159
09-14 09:34:28.928   516   547 W skia    : AGTM parsing failed flags.readFromStream(s) at 159
09-14 09:34:28.928   516   547 W skia    : AGTM parsing failed flags.readFromStream(s) at 159
09-14 09:34:28.928   516   547 W skia    : AGTM parsing failed flags.readFromStream(s) at 159
09-14 09:34:28.928   516   547 W skia    : AGTM parsing failed flags.readFromStream(s) at 159
09-14 09:34:28.928   516   547 W skia    : AGTM parsing failed flags.readFromStream(s) at 159
09-14 09:34:28.928   516   547 W skia    : AGTM parsing failed flags.readFromStream(s) at 159
09-14 09:34:28.930 19082 19082 I HWUI    : Using FreeType backend (prop=Auto)
09-14 09:34:28.944   516   516 W skia    : AGTM parsing failed flags.readFromStream(s) at 159
09-14 09:34:28.944   516   516 W skia    : AGTM parsing failed flags.readFromStream(s) at 159
09-14 09:34:28.944   516   516 W skia    : AGTM parsing failed flags.readFromStream(s) at 159
09-14 09:34:28.944   516   516 W skia    : AGTM parsing failed flags.readFromStream(s) at 159
09-14 09:34:28.944   516   516 W skia    : AGTM parsing failed flags.readFromStream(s) at 159
09-14 09:34:28.944   516   516 W skia    : AGTM parsing failed flags.readFromStream(s) at 159
09-14 09:34:28.944   516   516 W skia    : AGTM parsing failed flags.readFromStream(s) at 159
09-14 09:34:28.944   516   516 W skia    : AGTM parsing failed flags.readFromStream(s) at 159
09-14 09:34:28.945   516   547 W skia    : AGTM parsing failed flags.readFromStream(s) at 159
09-14 09:34:28.945   516   547 W skia    : AGTM parsing failed flags.readFromStream(s) at 159
09-14 09:34:28.945   516   547 W skia    : AGTM parsing failed flags.readFromStream(s) at 159
09-14 09:34:28.945   516   547 W skia    : AGTM parsing failed flags.readFromStream(s) at 159
09-14 09:34:28.945   516   547 W skia    : AGTM parsing failed flags.readFromStream(s) at 159
09-14 09:34:28.945   516   547 W skia    : AGTM parsing failed flags.readFromStream(s) at 159
09-14 09:34:28.945   516   547 W skia    : AGTM parsing failed flags.readFromStream(s) at 159
09-14 09:34:28.961   516   516 W skia    : AGTM parsing failed flags.readFromStream(s) at 159
09-14 09:34:28.961   516   516 W skia    : AGTM parsing failed flags.readFromStream(s) at 159
09-14 09:34:28.961   516   516 W skia    : AGTM parsing failed flags.readFromStream(s) at 159
09-14 09:34:28.961   516   516 W skia    : AGTM parsing failed flags.readFromStream(s) at 159
09-14 09:34:28.961   516   516 W skia    : AGTM parsing failed flags.readFromStream(s) at 159
09-14 09:34:28.961   516   516 W skia    : AGTM parsing failed flags.readFromStream(s) at 159
09-14 09:34:28.961   516   516 W skia    : AGTM parsing failed flags.readFromStream(s) at 159
09-14 09:34:28.961   516   516 W skia    : AGTM parsing failed flags.readFromStream(s) at 159
09-14 09:34:28.961   516   547 W skia    : AGTM parsing failed flags.readFromStream(s) at 159
09-14 09:34:28.961   516   547 W skia    : AGTM parsing failed flags.readFromStream(s) at 159
09-14 09:34:28.961   516   547 W skia    : AGTM parsing failed flags.readFromStream(s) at 159
09-14 09:34:28.961   516   547 W skia    : AGTM parsing failed flags.readFromStream(s) at 159
09-14 09:34:28.961   516   547 W skia    : AGTM parsing failed flags.readFromStream(s) at 159
09-14 09:34:28.961   516   547 W skia    : AGTM parsing failed flags.readFromStream(s) at 159
09-14 09:34:28.961   516   547 W skia    : AGTM parsing failed flags.readFromStream(s) at 159
09-14 09:34:28.978   516   516 W skia    : AGTM parsing failed flags.readFromStream(s) at 159
09-14 09:34:28.978   516   516 W skia    : AGTM parsing failed flags.readFromStream(s) at 159
09-14 09:34:28.978   516   516 W skia    : AGTM parsing failed flags.readFromStream(s) at 159
09-14 09:34:28.978   516   516 W skia    : AGTM parsing failed flags.readFromStream(s) at 159
09-14 09:34:28.978   516   516 W skia    : AGTM parsing failed flags.readFromStream(s) at 159
09-14 09:34:28.978   516   516 W skia    : AGTM parsing failed flags.readFromStream(s) at 159
09-14 09:34:28.978   516   516 W skia    : AGTM parsing failed flags.readFromStream(s) at 159
09-14 09:34:28.978   516   516 W skia    : AGTM parsing failed flags.readFromStream(s) at 159
09-14 09:34:28.978   516   547 W skia    : AGTM parsing failed flags.readFromStream(s) at 159
09-14 09:34:28.978   516   547 W skia    : AGTM parsing failed flags.readFromStream(s) at 159
09-14 09:34:28.978   516   547 W skia    : AGTM parsing failed flags.readFromStream(s) at 159
09-14 09:34:28.978   516   547 W skia    : AGTM parsing failed flags.readFromStream(s) at 159
09-14 09:34:28.978   516   547 W skia    : AGTM parsing failed flags.readFromStream(s) at 159
09-14 09:34:28.978   516   547 W skia    : AGTM parsing failed flags.readFromStream(s) at 159
09-14 09:34:28.978   516   547 W skia    : AGTM parsing failed flags.readFromStream(s) at 159
09-14 09:34:28.988   516   547 W skia    : AGTM parsing failed flags.readFromStream(s) at 159
09-14 09:34:28.988   516   547 W skia    : AGTM parsing failed flags.readFromStream(s) at 159
09-14 09:34:28.994   516   516 W skia    : AGTM parsing failed flags.readFromStream(s) at 159
09-14 09:34:28.994   516   516 W skia    : AGTM parsing failed flags.readFromStream(s) at 159
09-14 09:34:28.994   516   516 W skia    : AGTM parsing failed flags.readFromStream(s) at 159
09-14 09:34:28.994   516   516 W skia    : AGTM parsing failed flags.readFromStream(s) at 159
09-14 09:34:28.994   516   516 W skia    : AGTM parsing failed flags.readFromStream(s) at 159
09-14 09:34:28.994   516   516 W skia    : AGTM parsing failed flags.readFromStream(s) at 159
09-14 09:34:28.994   516   516 W skia    : AGTM parsing failed flags.readFromStream(s) at 159
09-14 09:34:28.994   516   516 W skia    : AGTM parsing failed flags.readFromStream(s) at 159
09-14 09:34:28.995   516   547 W skia    : AGTM parsing failed flags.readFromStream(s) at 159
09-14 09:34:28.995   516   547 W skia    : AGTM parsing failed flags.readFromStream(s) at 159
09-14 09:34:28.995   516   547 W skia    : AGTM parsing failed flags.readFromStream(s) at 159
09-14 09:34:28.995   516   547 W skia    : AGTM parsing failed flags.readFromStream(s) at 159
09-14 09:34:28.995   516   547 W skia    : AGTM parsing failed flags.readFromStream(s) at 159
09-14 09:34:28.995   516   547 W skia    : AGTM parsing failed flags.readFromStream(s) at 159
09-14 09:34:28.995   516   547 W skia    : AGTM parsing failed flags.readFromStream(s) at 159
09-14 09:34:29.002 19082 19082 I highfly.logbook: hiddenapi: Accessing hidden method Landroid/view/ViewGroup;->makeOptionalFitsSystemWindows()V (runtime_flags=0, domain=platform, api=unsupported) from Landroidx/appcompat/widget/ViewUtils; (domain=app, TargetSdkVersion=37) using reflection: allowed
09-14 09:34:29.011   516   516 W skia    : AGTM parsing failed flags.readFromStream(s) at 159
09-14 09:34:29.011   516   516 W skia    : AGTM parsing failed flags.readFromStream(s) at 159
09-14 09:34:29.011   516   516 W skia    : AGTM parsing failed flags.readFromStream(s) at 159
09-14 09:34:29.011   516   516 W skia    : AGTM parsing failed flags.readFromStream(s) at 159
09-14 09:34:29.011   516   516 W skia    : AGTM parsing failed flags.readFromStream(s) at 159
09-14 09:34:29.011   516   516 W skia    : AGTM parsing failed flags.readFromStream(s) at 159
09-14 09:34:29.011   516   516 W skia    : AGTM parsing failed flags.readFromStream(s) at 159
09-14 09:34:29.011   516   516 W skia    : AGTM parsing failed flags.readFromStream(s) at 159
09-14 09:34:29.011   516   547 W skia    : AGTM parsing failed flags.readFromStream(s) at 159
09-14 09:34:29.011   516   547 W skia    : AGTM parsing failed flags.readFromStream(s) at 159
09-14 09:34:29.011   516   547 W skia    : AGTM parsing failed flags.readFromStream(s) at 159
09-14 09:34:29.011   516   547 W skia    : AGTM parsing failed flags.readFromStream(s) at 159
09-14 09:34:29.011   516   547 W skia    : AGTM parsing failed flags.readFromStream(s) at 159
09-14 09:34:29.011   516   547 W skia    : AGTM parsing failed flags.readFromStream(s) at 159
09-14 09:34:29.011   516   547 W skia    : AGTM parsing failed flags.readFromStream(s) at 159
09-14 09:34:29.028  1904  2225 I AiAiStatsd: Successfully logged feature enablement for HYBRID_HOTSEAT.
09-14 09:34:29.028   516   516 W skia    : AGTM parsing failed flags.readFromStream(s) at 159
09-14 09:34:29.028   516   516 W skia    : AGTM parsing failed flags.readFromStream(s) at 159
09-14 09:34:29.028   516   516 W skia    : AGTM parsing failed flags.readFromStream(s) at 159
09-14 09:34:29.028   516   516 W skia    : AGTM parsing failed flags.readFromStream(s) at 159
09-14 09:34:29.028   516   516 W skia    : AGTM parsing failed flags.readFromStream(s) at 159
09-14 09:34:29.028   516   516 W skia    : AGTM parsing failed flags.readFromStream(s) at 159
09-14 09:34:29.028   516   516 W skia    : AGTM parsing failed flags.readFromStream(s) at 159
09-14 09:34:29.028   516   516 W skia    : AGTM parsing failed flags.readFromStream(s) at 159
09-14 09:34:29.028   516   547 W skia    : AGTM parsing failed flags.readFromStream(s) at 159
09-14 09:34:29.028   516   547 W skia    : AGTM parsing failed flags.readFromStream(s) at 159
09-14 09:34:29.028   516   547 W skia    : AGTM parsing failed flags.readFromStream(s) at 159
09-14 09:34:29.028   516   547 W skia    : AGTM parsing failed flags.readFromStream(s) at 159
09-14 09:34:29.028   516   547 W skia    : AGTM parsing failed flags.readFromStream(s) at 159
09-14 09:34:29.028   516   547 W skia    : AGTM parsing failed flags.readFromStream(s) at 159
09-14 09:34:29.028   516   547 W skia    : AGTM parsing failed flags.readFromStream(s) at 159
09-14 09:34:29.031  1904  2225 I AiAiStatsd: Successfully logged feature enablement for ECHO_ALL_APPS.
09-14 09:34:29.044   516   516 W skia    : AGTM parsing failed flags.readFromStream(s) at 159
09-14 09:34:29.044   516   516 W skia    : AGTM parsing failed flags.readFromStream(s) at 159
09-14 09:34:29.044   516   516 W skia    : AGTM parsing failed flags.readFromStream(s) at 159
09-14 09:34:29.044   516   516 W skia    : AGTM parsing failed flags.readFromStream(s) at 159
09-14 09:34:29.044   516   516 W skia    : AGTM parsing failed flags.readFromStream(s) at 159
09-14 09:34:29.044   516   516 W skia    : AGTM parsing failed flags.readFromStream(s) at 159
09-14 09:34:29.044   516   516 W skia    : AGTM parsing failed flags.readFromStream(s) at 159
09-14 09:34:29.044   516   516 W skia    : AGTM parsing failed flags.readFromStream(s) at 159
09-14 09:34:29.045   516   547 W skia    : AGTM parsing failed flags.readFromStream(s) at 159
09-14 09:34:29.045   516   547 W skia    : AGTM parsing failed flags.readFromStream(s) at 159
09-14 09:34:29.045   516   547 W skia    : AGTM parsing failed flags.readFromStream(s) at 159
09-14 09:34:29.045   516   547 W skia    : AGTM parsing failed flags.readFromStream(s) at 159
09-14 09:34:29.045   516   547 W skia    : AGTM parsing failed flags.readFromStream(s) at 159
09-14 09:34:29.045   516   547 W skia    : AGTM parsing failed flags.readFromStream(s) at 159
09-14 09:34:29.045   516   547 W skia    : AGTM parsing failed flags.readFromStream(s) at 159
09-14 09:34:29.061   516   516 W skia    : AGTM parsing failed flags.readFromStream(s) at 159
09-14 09:34:29.061   516   516 W skia    : AGTM parsing failed flags.readFromStream(s) at 159
09-14 09:34:29.061   516   516 W skia    : AGTM parsing failed flags.readFromStream(s) at 159
09-14 09:34:29.061   516   516 W skia    : AGTM parsing failed flags.readFromStream(s) at 159
09-14 09:34:29.061   516   516 W skia    : AGTM parsing failed flags.readFromStream(s) at 159
09-14 09:34:29.061   516   516 W skia    : AGTM parsing failed flags.readFromStream(s) at 159
09-14 09:34:29.061   516   516 W skia    : AGTM parsing failed flags.readFromStream(s) at 159
09-14 09:34:29.061   516   516 W skia    : AGTM parsing failed flags.readFromStream(s) at 159
09-14 09:34:29.061   516   547 W skia    : AGTM parsing failed flags.readFromStream(s) at 159
09-14 09:34:29.061   516   547 W skia    : AGTM parsing failed flags.readFromStream(s) at 159
09-14 09:34:29.061   516   547 W skia    : AGTM parsing failed flags.readFromStream(s) at 159
09-14 09:34:29.061   516   547 W skia    : AGTM parsing failed flags.readFromStream(s) at 159
09-14 09:34:29.061   516   547 W skia    : AGTM parsing failed flags.readFromStream(s) at 159
09-14 09:34:29.061   516   547 W skia    : AGTM parsing failed flags.readFromStream(s) at 159
09-14 09:34:29.061   516   547 W skia    : AGTM parsing failed flags.readFromStream(s) at 159
09-14 09:34:29.078   516   516 W skia    : AGTM parsing failed flags.readFromStream(s) at 159
09-14 09:34:29.078   516   516 W skia    : AGTM parsing failed flags.readFromStream(s) at 159
09-14 09:34:29.078   516   516 W skia    : AGTM parsing failed flags.readFromStream(s) at 159
09-14 09:34:29.078   516   516 W skia    : AGTM parsing failed flags.readFromStream(s) at 159
09-14 09:34:29.078   516   516 W skia    : AGTM parsing failed flags.readFromStream(s) at 159
09-14 09:34:29.078   516   516 W skia    : AGTM parsing failed flags.readFromStream(s) at 159
09-14 09:34:29.078   516   516 W skia    : AGTM parsing failed flags.readFromStream(s) at 159
09-14 09:34:29.078   516   516 W skia    : AGTM parsing failed flags.readFromStream(s) at 159
09-14 09:34:29.078   516   547 W skia    : AGTM parsing failed flags.readFromStream(s) at 159
09-14 09:34:29.078   516   547 W skia    : AGTM parsing failed flags.readFromStream(s) at 159
09-14 09:34:29.078   516   547 W skia    : AGTM parsing failed flags.readFromStream(s) at 159
09-14 09:34:29.078   516   547 W skia    : AGTM parsing failed flags.readFromStream(s) at 159
09-14 09:34:29.078   516   547 W skia    : AGTM parsing failed flags.readFromStream(s) at 159
09-14 09:34:29.078   516   547 W skia    : AGTM parsing failed flags.readFromStream(s) at 159
09-14 09:34:29.078   516   547 W skia    : AGTM parsing failed flags.readFromStream(s) at 159
09-14 09:34:29.088   516   547 W skia    : AGTM parsing failed flags.readFromStream(s) at 159
09-14 09:34:29.088   516   547 W skia    : AGTM parsing failed flags.readFromStream(s) at 159
09-14 09:34:29.094   516   516 W skia    : AGTM parsing failed flags.readFromStream(s) at 159
09-14 09:34:29.094   516   516 W skia    : AGTM parsing failed flags.readFromStream(s) at 159
09-14 09:34:29.094   516   516 W skia    : AGTM parsing failed flags.readFromStream(s) at 159
09-14 09:34:29.094   516   516 W skia    : AGTM parsing failed flags.readFromStream(s) at 159
09-14 09:34:29.094   516   516 W skia    : AGTM parsing failed flags.readFromStream(s) at 159
09-14 09:34:29.094   516   516 W skia    : AGTM parsing failed flags.readFromStream(s) at 159
09-14 09:34:29.094   516   516 W skia    : AGTM parsing failed flags.readFromStream(s) at 159
09-14 09:34:29.094   516   516 W skia    : AGTM parsing failed flags.readFromStream(s) at 159
09-14 09:34:29.095 19082 19082 W HWUI    : Unknown dataspace 0
09-14 09:34:29.096   516   547 W skia    : AGTM parsing failed flags.readFromStream(s) at 159
09-14 09:34:29.096   516   547 W skia    : AGTM parsing failed flags.readFromStream(s) at 159
09-14 09:34:29.096   516   547 W skia    : AGTM parsing failed flags.readFromStream(s) at 159
09-14 09:34:29.096   516   547 W skia    : AGTM parsing failed flags.readFromStream(s) at 159
09-14 09:34:29.096   516   547 W skia    : AGTM parsing failed flags.readFromStream(s) at 159
09-14 09:34:29.096   516   547 W skia    : AGTM parsing failed flags.readFromStream(s) at 159
09-14 09:34:29.096   516   547 W skia    : AGTM parsing failed flags.readFromStream(s) at 159
09-14 09:34:29.099   661  2239 W InputChannel-JNI: Channel already disposed.
09-14 09:34:29.103 19082 19105 W libc    : Access denied finding property "vendor.mesa.virtgpu.kumquat"
09-14 09:34:29.104 19082 19082 D WindowOnBackDispatcher: setTopOnBackInvokedCallback (unwrapped): android.app.Activity$$ExternalSyntheticLambda0@a976b31
09-14 09:34:29.105 19082 19106 D CompatChangeReporter: Compat change id reported: 458413887; UID 10229; state: ENABLED
09-14 09:34:29.105 19082 19106 D WindowOnBackDispatcher: setOnBackInvokedCallbackInfo: android.app.Activity$$ExternalSyntheticLambda0@a976b31
09-14 09:34:29.105   661  2239 D CoreBackPreview: Window{baac40 u0 com.highfly.logbook/com.highfly.logbook.MainActivity}: Setting back callback OnBackInvokedCallbackInfo{mCallback=android.window.IOnBackInvokedCallback$Stub$Proxy@cbef11f, mPriority=-1, mIsAnimationCallback=false, mOverrideBehavior=0}
09-14 09:34:29.111   516   516 W skia    : AGTM parsing failed flags.readFromStream(s) at 159
09-14 09:34:29.111   516   516 W skia    : AGTM parsing failed flags.readFromStream(s) at 159
09-14 09:34:29.111   516   516 W skia    : AGTM parsing failed flags.readFromStream(s) at 159
09-14 09:34:29.111   516   516 W skia    : AGTM parsing failed flags.readFromStream(s) at 159
09-14 09:34:29.111   516   516 W skia    : AGTM parsing failed flags.readFromStream(s) at 159
09-14 09:34:29.111   516   516 W skia    : AGTM parsing failed flags.readFromStream(s) at 159
09-14 09:34:29.111   516   516 W skia    : AGTM parsing failed flags.readFromStream(s) at 159
09-14 09:34:29.111   516   516 W skia    : AGTM parsing failed flags.readFromStream(s) at 159
09-14 09:34:29.111   516   516 W skia    : AGTM parsing failed flags.readFromStream(s) at 159
09-14 09:34:29.112   516   547 W skia    : AGTM parsing failed flags.readFromStream(s) at 159
09-14 09:34:29.112   516   547 W skia    : AGTM parsing failed flags.readFromStream(s) at 159
09-14 09:34:29.112   516   547 W skia    : AGTM parsing failed flags.readFromStream(s) at 159
09-14 09:34:29.112   516   547 W skia    : AGTM parsing failed flags.readFromStream(s) at 159
09-14 09:34:29.112   516   547 W skia    : AGTM parsing failed flags.readFromStream(s) at 159
09-14 09:34:29.112   516   547 W skia    : AGTM parsing failed flags.readFromStream(s) at 159
09-14 09:34:29.112   516   547 W skia    : AGTM parsing failed flags.readFromStream(s) at 159
09-14 09:34:29.113 19082 19082 D VRI[MainActivity]: WindowInsets changed: 1080x2400 statusBars:[0,132,0,0] navigationBars:[0,0,0,63] mandatorySystemGestures:[0,164,0,84] 
09-14 09:34:29.128   516   516 W skia    : AGTM parsing failed flags.readFromStream(s) at 159
09-14 09:34:29.128   516   516 W skia    : AGTM parsing failed flags.readFromStream(s) at 159
09-14 09:34:29.128   516   516 W skia    : AGTM parsing failed flags.readFromStream(s) at 159
09-14 09:34:29.128   516   516 W skia    : AGTM parsing failed flags.readFromStream(s) at 159
09-14 09:34:29.128   516   516 W skia    : AGTM parsing failed flags.readFromStream(s) at 159
09-14 09:34:29.128   516   516 W skia    : AGTM parsing failed flags.readFromStream(s) at 159
09-14 09:34:29.128   516   516 W skia    : AGTM parsing failed flags.readFromStream(s) at 159
09-14 09:34:29.128   516   516 W skia    : AGTM parsing failed flags.readFromStream(s) at 159
09-14 09:34:29.128   516   516 W skia    : AGTM parsing failed flags.readFromStream(s) at 159
09-14 09:34:29.128   516   547 W skia    : AGTM parsing failed flags.readFromStream(s) at 159
09-14 09:34:29.128   516   547 W skia    : AGTM parsing failed flags.readFromStream(s) at 159
09-14 09:34:29.128   516   547 W skia    : AGTM parsing failed flags.readFromStream(s) at 159
09-14 09:34:29.128   516   547 W skia    : AGTM parsing failed flags.readFromStream(s) at 159
09-14 09:34:29.128   516   547 W skia    : AGTM parsing failed flags.readFromStream(s) at 159
09-14 09:34:29.128   516   547 W skia    : AGTM parsing failed flags.readFromStream(s) at 159
09-14 09:34:29.128   516   547 W skia    : AGTM parsing failed flags.readFromStream(s) at 159
09-14 09:34:29.144   516   516 W skia    : AGTM parsing failed flags.readFromStream(s) at 159
09-14 09:34:29.144   516   516 W skia    : AGTM parsing failed flags.readFromStream(s) at 159
09-14 09:34:29.144   516   516 W skia    : AGTM parsing failed flags.readFromStream(s) at 159
09-14 09:34:29.144   516   516 W skia    : AGTM parsing failed flags.readFromStream(s) at 159
09-14 09:34:29.144   516   516 W skia    : AGTM parsing failed flags.readFromStream(s) at 159
09-14 09:34:29.144   516   516 W skia    : AGTM parsing failed flags.readFromStream(s) at 159
09-14 09:34:29.144   516   516 W skia    : AGTM parsing failed flags.readFromStream(s) at 159
09-14 09:34:29.144   516   516 W skia    : AGTM parsing failed flags.readFromStream(s) at 159
09-14 09:34:29.144   516   516 W skia    : AGTM parsing failed flags.readFromStream(s) at 159
09-14 09:34:29.145   516   547 W skia    : AGTM parsing failed flags.readFromStream(s) at 159
09-14 09:34:29.145   516   547 W skia    : AGTM parsing failed flags.readFromStream(s) at 159
09-14 09:34:29.145   516   547 W skia    : AGTM parsing failed flags.readFromStream(s) at 159
09-14 09:34:29.145   516   547 W skia    : AGTM parsing failed flags.readFromStream(s) at 159
09-14 09:34:29.145   516   547 W skia    : AGTM parsing failed flags.readFromStream(s) at 159
09-14 09:34:29.145   516   547 W skia    : AGTM parsing failed flags.readFromStream(s) at 159
09-14 09:34:29.145   516   547 W skia    : AGTM parsing failed flags.readFromStream(s) at 159
09-14 09:34:29.161   516   516 W skia    : AGTM parsing failed flags.readFromStream(s) at 159
09-14 09:34:29.161   516   516 W skia    : AGTM parsing failed flags.readFromStream(s) at 159
09-14 09:34:29.161   516   516 W skia    : AGTM parsing failed flags.readFromStream(s) at 159
09-14 09:34:29.161   516   516 W skia    : AGTM parsing failed flags.readFromStream(s) at 159
09-14 09:34:29.161   516   516 W skia    : AGTM parsing failed flags.readFromStream(s) at 159
09-14 09:34:29.161   516   516 W skia    : AGTM parsing failed flags.readFromStream(s) at 159
09-14 09:34:29.161   516   516 W skia    : AGTM parsing failed flags.readFromStream(s) at 159
09-14 09:34:29.161   516   516 W skia    : AGTM parsing failed flags.readFromStream(s) at 159
09-14 09:34:29.161   516   516 W skia    : AGTM parsing failed flags.readFromStream(s) at 159
09-14 09:34:29.162   516   547 W skia    : AGTM parsing failed flags.readFromStream(s) at 159
09-14 09:34:29.162   516   547 W skia    : AGTM parsing failed flags.readFromStream(s) at 159
09-14 09:34:29.162   516   547 W skia    : AGTM parsing failed flags.readFromStream(s) at 159
09-14 09:34:29.162   516   547 W skia    : AGTM parsing failed flags.readFromStream(s) at 159
09-14 09:34:29.162   516   547 W skia    : AGTM parsing failed flags.readFromStream(s) at 159
09-14 09:34:29.162   516   547 W skia    : AGTM parsing failed flags.readFromStream(s) at 159
09-14 09:34:29.162   516   547 W skia    : AGTM parsing failed flags.readFromStream(s) at 159
09-14 09:34:29.178   516   516 W skia    : AGTM parsing failed flags.readFromStream(s) at 159
09-14 09:34:29.178   516   516 W skia    : AGTM parsing failed flags.readFromStream(s) at 159
09-14 09:34:29.178   516   516 W skia    : AGTM parsing failed flags.readFromStream(s) at 159
09-14 09:34:29.178   516   516 W skia    : AGTM parsing failed flags.readFromStream(s) at 159
09-14 09:34:29.178   516   516 W skia    : AGTM parsing failed flags.readFromStream(s) at 159
09-14 09:34:29.178   516   516 W skia    : AGTM parsing failed flags.readFromStream(s) at 159
09-14 09:34:29.178   516   516 W skia    : AGTM parsing failed flags.readFromStream(s) at 159
09-14 09:34:29.178   516   516 W skia    : AGTM parsing failed flags.readFromStream(s) at 159
09-14 09:34:29.178   516   516 W skia    : AGTM parsing failed flags.readFromStream(s) at 159
09-14 09:34:29.178   516   547 W skia    : AGTM parsing failed flags.readFromStream(s) at 159
09-14 09:34:29.178   516   547 W skia    : AGTM parsing failed flags.readFromStream(s) at 159
09-14 09:34:29.178   516   547 W skia    : AGTM parsing failed flags.readFromStream(s) at 159
09-14 09:34:29.178   516   547 W skia    : AGTM parsing failed flags.readFromStream(s) at 159
09-14 09:34:29.178   516   547 W skia    : AGTM parsing failed flags.readFromStream(s) at 159
09-14 09:34:29.178   516   547 W skia    : AGTM parsing failed flags.readFromStream(s) at 159
09-14 09:34:29.178   516   547 W skia    : AGTM parsing failed flags.readFromStream(s) at 159
09-14 09:34:29.188   516   547 W skia    : AGTM parsing failed flags.readFromStream(s) at 159
09-14 09:34:29.188   516   547 W skia    : AGTM parsing failed flags.readFromStream(s) at 159
09-14 09:34:29.188   516   547 W skia    : AGTM parsing failed flags.readFromStream(s) at 159
09-14 09:34:29.194   516   516 W skia    : AGTM parsing failed flags.readFromStream(s) at 159
09-14 09:34:29.194   516   516 W skia    : AGTM parsing failed flags.readFromStream(s) at 159
09-14 09:34:29.194   516   516 W skia    : AGTM parsing failed flags.readFromStream(s) at 159
09-14 09:34:29.194   516   516 W skia    : AGTM parsing failed flags.readFromStream(s) at 159
09-14 09:34:29.194   516   516 W skia    : AGTM parsing failed flags.readFromStream(s) at 159
09-14 09:34:29.194   516   516 W skia    : AGTM parsing failed flags.readFromStream(s) at 159
09-14 09:34:29.194   516   516 W skia    : AGTM parsing failed flags.readFromStream(s) at 159
09-14 09:34:29.194   516   516 W skia    : AGTM parsing failed flags.readFromStream(s) at 159
09-14 09:34:29.194   516   516 W skia    : AGTM parsing failed flags.readFromStream(s) at 159
09-14 09:34:29.195   516   547 W skia    : AGTM parsing failed flags.readFromStream(s) at 159
09-14 09:34:29.195   516   547 W skia    : AGTM parsing failed flags.readFromStream(s) at 159
09-14 09:34:29.195   516   547 W skia    : AGTM parsing failed flags.readFromStream(s) at 159
09-14 09:34:29.195   516   547 W skia    : AGTM parsing failed flags.readFromStream(s) at 159
09-14 09:34:29.195   516   547 W skia    : AGTM parsing failed flags.readFromStream(s) at 159
09-14 09:34:29.195   516   547 W skia    : AGTM parsing failed flags.readFromStream(s) at 159
09-14 09:34:29.195   516   547 W skia    : AGTM parsing failed flags.readFromStream(s) at 159
09-14 09:34:29.211   516   516 W skia    : AGTM parsing failed flags.readFromStream(s) at 159
09-14 09:34:29.211   516   516 W skia    : AGTM parsing failed flags.readFromStream(s) at 159
09-14 09:34:29.211   516   516 W skia    : AGTM parsing failed flags.readFromStream(s) at 159
09-14 09:34:29.211   516   516 W skia    : AGTM parsing failed flags.readFromStream(s) at 159
09-14 09:34:29.211   516   516 W skia    : AGTM parsing failed flags.readFromStream(s) at 159
09-14 09:34:29.211   516   516 W skia    : AGTM parsing failed flags.readFromStream(s) at 159
09-14 09:34:29.211   516   516 W skia    : AGTM parsing failed flags.readFromStream(s) at 159
09-14 09:34:29.211   516   516 W skia    : AGTM parsing failed flags.readFromStream(s) at 159
09-14 09:34:29.211   516   516 W skia    : AGTM parsing failed flags.readFromStream(s) at 159
09-14 09:34:29.211   516   547 W skia    : AGTM parsing failed flags.readFromStream(s) at 159
09-14 09:34:29.211   516   547 W skia    : AGTM parsing failed flags.readFromStream(s) at 159
09-14 09:34:29.211   516   547 W skia    : AGTM parsing failed flags.readFromStream(s) at 159
09-14 09:34:29.211   516   547 W skia    : AGTM parsing failed flags.readFromStream(s) at 159
09-14 09:34:29.211   516   547 W skia    : AGTM parsing failed flags.readFromStream(s) at 159
09-14 09:34:29.211   516   547 W skia    : AGTM parsing failed flags.readFromStream(s) at 159
09-14 09:34:29.212   516   547 W skia    : AGTM parsing failed flags.readFromStream(s) at 159
09-14 09:34:29.228   516   516 W skia    : AGTM parsing failed flags.readFromStream(s) at 159
09-14 09:34:29.228   516   516 W skia    : AGTM parsing failed flags.readFromStream(s) at 159
09-14 09:34:29.228   516   516 W skia    : AGTM parsing failed flags.readFromStream(s) at 159
09-14 09:34:29.228   516   516 W skia    : AGTM parsing failed flags.readFromStream(s) at 159
09-14 09:34:29.228   516   516 W skia    : AGTM parsing failed flags.readFromStream(s) at 159
09-14 09:34:29.228   516   516 W skia    : AGTM parsing failed flags.readFromStream(s) at 159
09-14 09:34:29.228   516   516 W skia    : AGTM parsing failed flags.readFromStream(s) at 159
09-14 09:34:29.228   516   516 W skia    : AGTM parsing failed flags.readFromStream(s) at 159
09-14 09:34:29.228   516   516 W skia    : AGTM parsing failed flags.readFromStream(s) at 159
09-14 09:34:29.228   516   547 W skia    : AGTM parsing failed flags.readFromStream(s) at 159
09-14 09:34:29.228   516   547 W skia    : AGTM parsing failed flags.readFromStream(s) at 159
09-14 09:34:29.228   516   547 W skia    : AGTM parsing failed flags.readFromStream(s) at 159
09-14 09:34:29.228   516   547 W skia    : AGTM parsing failed flags.readFromStream(s) at 159
09-14 09:34:29.228   516   547 W skia    : AGTM parsing failed flags.readFromStream(s) at 159
09-14 09:34:29.228   516   547 W skia    : AGTM parsing failed flags.readFromStream(s) at 159
09-14 09:34:29.228   516   547 W skia    : AGTM parsing failed flags.readFromStream(s) at 159
09-14 09:34:29.230 19082 19086 I highfly.logbook: Compiler allocated 5567KB to compile void android.view.ViewRootImpl.performTraversals(long)
09-14 09:34:29.244   516   516 W skia    : AGTM parsing failed flags.readFromStream(s) at 159
09-14 09:34:29.244   516   516 W skia    : AGTM parsing failed flags.readFromStream(s) at 159
09-14 09:34:29.244   516   516 W skia    : AGTM parsing failed flags.readFromStream(s) at 159
09-14 09:34:29.244   516   516 W skia    : AGTM parsing failed flags.readFromStream(s) at 159
09-14 09:34:29.244   516   516 W skia    : AGTM parsing failed flags.readFromStream(s) at 159
09-14 09:34:29.244   516   516 W skia    : AGTM parsing failed flags.readFromStream(s) at 159
09-14 09:34:29.244   516   516 W skia    : AGTM parsing failed flags.readFromStream(s) at 159
09-14 09:34:29.244   516   516 W skia    : AGTM parsing failed flags.readFromStream(s) at 159
09-14 09:34:29.244   516   516 W skia    : AGTM parsing failed flags.readFromStream(s) at 159
09-14 09:34:29.245   516   547 W skia    : AGTM parsing failed flags.readFromStream(s) at 159
09-14 09:34:29.245   516   547 W skia    : AGTM parsing failed flags.readFromStream(s) at 159
09-14 09:34:29.245   516   547 W skia    : AGTM parsing failed flags.readFromStream(s) at 159
09-14 09:34:29.245   516   547 W skia    : AGTM parsing failed flags.readFromStream(s) at 159
09-14 09:34:29.245   516   547 W skia    : AGTM parsing failed flags.readFromStream(s) at 159
09-14 09:34:29.245   516   547 W skia    : AGTM parsing failed flags.readFromStream(s) at 159
09-14 09:34:29.245   516   547 W skia    : AGTM parsing failed flags.readFromStream(s) at 159
09-14 09:34:29.261   516   516 W skia    : AGTM parsing failed flags.readFromStream(s) at 159
09-14 09:34:29.261   516   516 W skia    : AGTM parsing failed flags.readFromStream(s) at 159
09-14 09:34:29.261   516   516 W skia    : AGTM parsing failed flags.readFromStream(s) at 159
09-14 09:34:29.261   516   516 W skia    : AGTM parsing failed flags.readFromStream(s) at 159
09-14 09:34:29.261   516   516 W skia    : AGTM parsing failed flags.readFromStream(s) at 159
09-14 09:34:29.261   516   516 W skia    : AGTM parsing failed flags.readFromStream(s) at 159
09-14 09:34:29.261   516   516 W skia    : AGTM parsing failed flags.readFromStream(s) at 159
09-14 09:34:29.261   516   516 W skia    : AGTM parsing failed flags.readFromStream(s) at 159
09-14 09:34:29.261   516   516 W skia    : AGTM parsing failed flags.readFromStream(s) at 159
09-14 09:34:29.261   516   547 W skia    : AGTM parsing failed flags.readFromStream(s) at 159
09-14 09:34:29.261   516   547 W skia    : AGTM parsing failed flags.readFromStream(s) at 159
09-14 09:34:29.261   516   547 W skia    : AGTM parsing failed flags.readFromStream(s) at 159
09-14 09:34:29.261   516   547 W skia    : AGTM parsing failed flags.readFromStream(s) at 159
09-14 09:34:29.261   516   547 W skia    : AGTM parsing failed flags.readFromStream(s) at 159
09-14 09:34:29.261   516   547 W skia    : AGTM parsing failed flags.readFromStream(s) at 159
09-14 09:34:29.261   516   547 W skia    : AGTM parsing failed flags.readFromStream(s) at 159
09-14 09:34:29.283   516   516 W skia    : AGTM parsing failed flags.readFromStream(s) at 159
09-14 09:34:29.283   516   516 W skia    : AGTM parsing failed flags.readFromStream(s) at 159
09-14 09:34:29.283   516   516 W skia    : AGTM parsing failed flags.readFromStream(s) at 159
09-14 09:34:29.284   516   516 W skia    : AGTM parsing failed flags.readFromStream(s) at 159
09-14 09:34:29.284   516   516 W skia    : AGTM parsing failed flags.readFromStream(s) at 159
09-14 09:34:29.284   516   516 W skia    : AGTM parsing failed flags.readFromStream(s) at 159
09-14 09:34:29.284   516   516 W skia    : AGTM parsing failed flags.readFromStream(s) at 159
09-14 09:34:29.284   516   516 W skia    : AGTM parsing failed flags.readFromStream(s) at 159
09-14 09:34:29.284   516   547 W skia    : AGTM parsing failed flags.readFromStream(s) at 159
09-14 09:34:29.284   516   547 W skia    : AGTM parsing failed flags.readFromStream(s) at 159
09-14 09:34:29.284   516   547 W skia    : AGTM parsing failed flags.readFromStream(s) at 159
09-14 09:34:29.284   516   547 W skia    : AGTM parsing failed flags.readFromStream(s) at 159
09-14 09:34:29.284   516   547 W skia    : AGTM parsing failed flags.readFromStream(s) at 159
09-14 09:34:29.284   516   547 W skia    : AGTM parsing failed flags.readFromStream(s) at 159
09-14 09:34:29.284   516   547 W skia    : AGTM parsing failed flags.readFromStream(s) at 159
09-14 09:34:29.288   516   547 W skia    : AGTM parsing failed flags.readFromStream(s) at 159
09-14 09:34:29.288   516   547 W skia    : AGTM parsing failed flags.readFromStream(s) at 159
09-14 09:34:29.288   516   547 W skia    : AGTM parsing failed flags.readFromStream(s) at 159
09-14 09:34:29.294   516   516 W skia    : AGTM parsing failed flags.readFromStream(s) at 159
09-14 09:34:29.294   516   516 W skia    : AGTM parsing failed flags.readFromStream(s) at 159
09-14 09:34:29.294   516   516 W skia    : AGTM parsing failed flags.readFromStream(s) at 159
09-14 09:34:29.294   516   516 W skia    : AGTM parsing failed flags.readFromStream(s) at 159
09-14 09:34:29.294   516   516 W skia    : AGTM parsing failed flags.readFromStream(s) at 159
09-14 09:34:29.294   516   516 W skia    : AGTM parsing failed flags.readFromStream(s) at 159
09-14 09:34:29.294   516   516 W skia    : AGTM parsing failed flags.readFromStream(s) at 159
09-14 09:34:29.294   516   516 W skia    : AGTM parsing failed flags.readFromStream(s) at 159
09-14 09:34:29.295   516   547 W skia    : AGTM parsing failed flags.readFromStream(s) at 159
09-14 09:34:29.295   516   547 W skia    : AGTM parsing failed flags.readFromStream(s) at 159
09-14 09:34:29.295   516   547 W skia    : AGTM parsing failed flags.readFromStream(s) at 159
09-14 09:34:29.295   516   547 W skia    : AGTM parsing failed flags.readFromStream(s) at 159
09-14 09:34:29.295   516   547 W skia    : AGTM parsing failed flags.readFromStream(s) at 159
09-14 09:34:29.295   516   547 W skia    : AGTM parsing failed flags.readFromStream(s) at 159
09-14 09:34:29.295   516   547 W skia    : AGTM parsing failed flags.readFromStream(s) at 159
09-14 09:34:29.322   516   516 W skia    : AGTM parsing failed flags.readFromStream(s) at 159
09-14 09:34:29.322   516   516 W skia    : AGTM parsing failed flags.readFromStream(s) at 159
09-14 09:34:29.322   516   516 W skia    : AGTM parsing failed flags.readFromStream(s) at 159
09-14 09:34:29.322   516   516 W skia    : AGTM parsing failed flags.readFromStream(s) at 159
09-14 09:34:29.322   516   516 W skia    : AGTM parsing failed flags.readFromStream(s) at 159
09-14 09:34:29.322   516   516 W skia    : AGTM parsing failed flags.readFromStream(s) at 159
09-14 09:34:29.322   516   516 W skia    : AGTM parsing failed flags.readFromStream(s) at 159
09-14 09:34:29.322   516   516 W skia    : AGTM parsing failed flags.readFromStream(s) at 159
09-14 09:34:29.323   516   547 W skia    : AGTM parsing failed flags.readFromStream(s) at 159
09-14 09:34:29.323   516   547 W skia    : AGTM parsing failed flags.readFromStream(s) at 159
09-14 09:34:29.323   516   547 W skia    : AGTM parsing failed flags.readFromStream(s) at 159
09-14 09:34:29.323   516   547 W skia    : AGTM parsing failed flags.readFromStream(s) at 159
09-14 09:34:29.323   516   547 W skia    : AGTM parsing failed flags.readFromStream(s) at 159
09-14 09:34:29.323   516   547 W skia    : AGTM parsing failed flags.readFromStream(s) at 159
09-14 09:34:29.323   516   547 W skia    : AGTM parsing failed flags.readFromStream(s) at 159
09-14 09:34:29.328   516   516 W skia    : AGTM parsing failed flags.readFromStream(s) at 159
09-14 09:34:29.328   516   516 W skia    : AGTM parsing failed flags.readFromStream(s) at 159
09-14 09:34:29.328   516   516 W skia    : AGTM parsing failed flags.readFromStream(s) at 159
09-14 09:34:29.328   516   516 W skia    : AGTM parsing failed flags.readFromStream(s) at 159
09-14 09:34:29.328   516   516 W skia    : AGTM parsing failed flags.readFromStream(s) at 159
09-14 09:34:29.328   516   516 W skia    : AGTM parsing failed flags.readFromStream(s) at 159
09-14 09:34:29.328   516   516 W skia    : AGTM parsing failed flags.readFromStream(s) at 159
09-14 09:34:29.328   516   516 W skia    : AGTM parsing failed flags.readFromStream(s) at 159
09-14 09:34:29.328   516   547 W skia    : AGTM parsing failed flags.readFromStream(s) at 159
09-14 09:34:29.328   516   547 W skia    : AGTM parsing failed flags.readFromStream(s) at 159
09-14 09:34:29.328   516   547 W skia    : AGTM parsing failed flags.readFromStream(s) at 159
09-14 09:34:29.328   516   547 W skia    : AGTM parsing failed flags.readFromStream(s) at 159
09-14 09:34:29.328   516   547 W skia    : AGTM parsing failed flags.readFromStream(s) at 159
09-14 09:34:29.328   516   547 W skia    : AGTM parsing failed flags.readFromStream(s) at 159
09-14 09:34:29.328   516   547 W skia    : AGTM parsing failed flags.readFromStream(s) at 159
09-14 09:34:29.329  1110 10570 V WindowManagerShell: Received remote transition finished callback for (#305)
09-14 09:34:29.329  1110  1200 V WindowManagerShell: Transition animation finished (aborted=false), notifying core (#305) android.os.BinderProxy@77badb8@0
09-14 09:34:29.330   661   683 V WindowManager: Finish Transition (#305): created at 09-14 09:34:28.763 collect-started=0.021ms request-sent=1.575ms started=3.459ms ready=32.18ms sent=33.519ms commit=15.206ms finished=567.023ms
09-14 09:34:29.330  1110  1424 D WallpaperService: onVisibilityChanged(false): com.android.systemui.wallpapers.ImageWallpaper$CanvasEngine@b49a053
09-14 09:34:29.331  1110  1200 V WindowManagerShell: Track 0 became idle
09-14 09:34:29.331  1110  1200 V WindowManagerShell: All active transition animations finished
09-14 09:34:29.344   516   516 W skia    : AGTM parsing failed flags.readFromStream(s) at 159
09-14 09:34:29.345   516   516 W skia    : AGTM parsing failed flags.readFromStream(s) at 159
09-14 09:34:29.345   516   516 W skia    : AGTM parsing failed flags.readFromStream(s) at 159
09-14 09:34:29.345   516   516 W skia    : AGTM parsing failed flags.readFromStream(s) at 159
09-14 09:34:29.345   516   516 W skia    : AGTM parsing failed flags.readFromStream(s) at 159
09-14 09:34:29.345   516   516 W skia    : AGTM parsing failed flags.readFromStream(s) at 159
09-14 09:34:29.346  1401  1401 D VRI[NexusLauncherActivity]: visibilityChanged oldVisibility=true newVisibility=false
09-14 09:34:29.346  1952  1952 I adbd    : adbd service requested 'shell,v2,TERM=dumb,raw:dumpsys package com.google.android.gms'
09-14 09:34:29.361   516   516 W skia    : AGTM parsing failed flags.readFromStream(s) at 159
09-14 09:34:29.361   516   516 W skia    : AGTM parsing failed flags.readFromStream(s) at 159
09-14 09:34:29.361   516   516 W skia    : AGTM parsing failed flags.readFromStream(s) at 159
09-14 09:34:29.361   516   516 W skia    : AGTM parsing failed flags.readFromStream(s) at 159
09-14 09:34:29.361   516   516 W skia    : AGTM parsing failed flags.readFromStream(s) at 159
09-14 09:34:29.361   516   516 W skia    : AGTM parsing failed flags.readFromStream(s) at 159
09-14 09:34:29.361  1401  1401 D SmartspaceInteractor: notifySmartspaceEvent: SmartspaceTargetEvent{mSmartspaceTarget=null, mSmartspaceActionId='null', mEventType=7}
09-14 09:34:29.370   800   809 I artd    : GetBestInfo: odex next to the dex file (/data/app/~~J0ZOBjQhMBo57462xA45VA==/com.google.android.gms-ZFU-Crkx8OOL2-kKPFaoBA==/oat/x86_64/base.odex) is kOatUpToDate with filter 'verify' executable 'false'
09-14 09:34:29.370   800   809 I artd    : GetBestInfo: odex next to the dex file (/data/app/~~J0ZOBjQhMBo57462xA45VA==/com.google.android.gms-ZFU-Crkx8OOL2-kKPFaoBA==/oat/x86_64/base.odex) is kOatUpToDate with filter 'verify' executable 'false'
09-14 09:34:29.370   800   809 I artd    : GetBestInfo: dm (/data/app/~~J0ZOBjQhMBo57462xA45VA==/com.google.android.gms-ZFU-Crkx8OOL2-kKPFaoBA==/split_AdsDynamite_installtime.dm) is kOatUpToDate with filter 'verify' executable 'false'
09-14 09:34:29.371   800   809 I artd    : GetBestInfo: odex next to the dex file (/data/app/~~J0ZOBjQhMBo57462xA45VA==/com.google.android.gms-ZFU-Crkx8OOL2-kKPFaoBA==/oat/x86_64/split_CronetDynamite_installtime.odex) is kOatUpToDate with filter 'speed-profile' executable 'false'
09-14 09:34:29.371   800   809 I artd    : GetBestInfo: odex next to the dex file (/data/app/~~J0ZOBjQhMBo57462xA45VA==/com.google.android.gms-ZFU-Crkx8OOL2-kKPFaoBA==/oat/x86_64/split_CronetDynamite_installtime.odex) is kOatUpToDate with filter 'speed-profile' executable 'false'
09-14 09:34:29.371   800   809 I artd    : GetBestInfo: dm (/data/app/~~J0ZOBjQhMBo57462xA45VA==/com.google.android.gms-ZFU-Crkx8OOL2-kKPFaoBA==/split_DynamiteLoader_installtime.dm) is kOatUpToDate with filter 'verify' executable 'false'
09-14 09:34:29.372   800   809 I artd    : GetBestInfo: dm (/data/app/~~J0ZOBjQhMBo57462xA45VA==/com.google.android.gms-ZFU-Crkx8OOL2-kKPFaoBA==/split_DynamiteModulesA_installtime.dm) is kOatUpToDate with filter 'verify' executable 'false'
09-14 09:34:29.373   800   809 I artd    : GetBestInfo: dm (/data/app/~~J0ZOBjQhMBo57462xA45VA==/com.google.android.gms-ZFU-Crkx8OOL2-kKPFaoBA==/split_DynamiteModulesC_installtime.dm) is kOatUpToDate with filter 'verify' executable 'false'
09-14 09:34:29.373   800   809 I artd    : GetBestInfo: dm (/data/app/~~J0ZOBjQhMBo57462xA45VA==/com.google.android.gms-ZFU-Crkx8OOL2-kKPFaoBA==/split_GoogleCertificates_installtime.dm) is kOatUpToDate with filter 'verify' executable 'false'
09-14 09:34:29.374   800   809 I artd    : GetBestInfo: dm (/data/app/~~J0ZOBjQhMBo57462xA45VA==/com.google.android.gms-ZFU-Crkx8OOL2-kKPFaoBA==/split_MapsDynamite_installtime.dm) is kOatUpToDate with filter 'verify' executable 'false'
09-14 09:34:29.374   800   809 I artd    : GetBestInfo: dm (/data/app/~~J0ZOBjQhMBo57462xA45VA==/com.google.android.gms-ZFU-Crkx8OOL2-kKPFaoBA==/split_MeasurementDynamite_installtime.dm) is kOatUpToDate with filter 'verify' executable 'false'
09-14 09:34:29.375   800   809 I artd    : GetBestInfo: dm (/data/app/~~J0ZOBjQhMBo57462xA45VA==/com.google.android.gms-ZFU-Crkx8OOL2-kKPFaoBA==/split_all_locale_splits.dm) is kOatUpToDate with filter 'verify' executable 'false'
09-14 09:34:29.375   800   809 I artd    : GetBestInfo: /data/user_de/0/com.google.android.gms/app_chimera/m/00000012/dl-PlayCloudSearch.optional_263332100000.apk has no usable artifacts
09-14 09:34:29.375   800   809 I artd    : GetBestInfo: /data/user_de/0/com.google.android.gms/app_chimera/m/00000001/CronetDynamite.apk has no usable artifacts
09-14 09:34:29.375   800   809 I artd    : GetBestInfo: /data/user_de/0/com.google.android.gms/app_chimera/m/00000002/DynamiteLoader.apk has no usable artifacts
09-14 09:34:29.376   800   809 I artd    : GetBestInfo: /data/user_de/0/com.google.android.gms/app_chimera/m/00000011/dl-MlkitOcrCommon.optional_263332100800.apk has no usable artifacts
09-14 09:34:29.376   800   809 I artd    : GetBestInfo: /data/user_de/0/com.google.android.gms/app_chimera/m/00000005/GoogleCertificates.apk has no usable artifacts
09-14 09:34:29.376   800   809 I artd    : GetBestInfo: /data/user_de/0/com.google.android.gms/app_chimera/m/00000014/dl-Appsearch.optional_263332100800.apk has no usable artifacts
09-14 09:34:29.377   800   809 I artd    : GetBestInfo: /data/user_de/0/com.google.android.gms/app_chimera/m/00000009/dl-VisionOcr.optional_262236100000.apk has no usable artifacts
09-14 09:34:29.378   800   809 I artd    : GetBestInfo: /data/user_de/0/com.google.android.gms/app_chimera/m/00000008/dl-MlkitOcrCommon.optional_262236100800.apk has no usable artifacts
09-14 09:34:29.378   800   809 I artd    : GetBestInfo: /data/user_de/0/com.google.android.gms/app_chimera/m/00000010/dl-MlkitBarcodeUi.optional_263332100800.apk has no usable artifacts
09-14 09:34:29.379   800   809 I artd    : GetBestInfo: /data/user_de/0/com.google.android.gms/app_chimera/m/0000000c/dl-VisionOcr.optional_263332100000.apk has no usable artifacts
09-14 09:34:29.380   800   809 I artd    : GetBestInfo: vdex next to the dex file (/data/user/0/com.google.android.gms/app_dg_cache/EC7C859F3FC767BB82D82EE06B046D25E8EB9283/oat/x86_64/the.vdex) is kOatUpToDate with filter 'verify' executable 'false'
09-14 09:34:29.380   800   809 I artd    : GetBestInfo: /data/user_de/0/com.google.android.gms/app_chimera/m/00000007/MeasurementDynamite.apk has no usable artifacts
09-14 09:34:29.381   800   809 I artd    : GetBestInfo: /data/user_de/0/com.google.android.gms/app_chimera/m/0000000b/dl-PlayCloudSearch.optional_262236100000.apk has no usable artifacts
09-14 09:34:29.381   800   809 I artd    : GetBestInfo: /data/user_de/0/com.google.android.gms/app_chimera/m/0000000d/dl-IdentityCredentialsPlatform.optional_263332100800.apk has no usable artifacts
09-14 09:34:29.388   661  2239 D WindowManager: setClientSurface Surface(name=VRI-com.highfly.logbook/com.highfly.logbook.MainActivity#5198)/@0xabdab33 for baac40 com.highfly.logbook/com.highfly.logbook.MainActivity
09-14 09:34:29.388   516   547 W skia    : AGTM parsing failed flags.readFromStream(s) at 159
09-14 09:34:29.389 19082 19082 I Surface : Creating surface for consumer unnamed-19082-0 with slotExpansion=1 for 64 slots
09-14 09:34:29.389 19082 19082 I Surface : Creating surface for consumer VRI[MainActivity]#0(BLAST Consumer)0 with slotExpansion=1 for 64 slots
09-14 09:34:29.394   516   516 W skia    : AGTM parsing failed flags.readFromStream(s) at 159
09-14 09:34:29.394   516   516 W skia    : AGTM parsing failed flags.readFromStream(s) at 159
09-14 09:34:29.394   516   516 W skia    : AGTM parsing failed flags.readFromStream(s) at 159
09-14 09:34:29.394   516   516 W skia    : AGTM parsing failed flags.readFromStream(s) at 159
09-14 09:34:29.394   516   516 W skia    : AGTM parsing failed flags.readFromStream(s) at 159
09-14 09:34:29.411   516   516 W skia    : AGTM parsing failed flags.readFromStream(s) at 159
09-14 09:34:29.411   516   516 W skia    : AGTM parsing failed flags.readFromStream(s) at 159
09-14 09:34:29.411   516   516 W skia    : AGTM parsing failed flags.readFromStream(s) at 159
09-14 09:34:29.411   516   516 W skia    : AGTM parsing failed flags.readFromStream(s) at 159
09-14 09:34:29.411   516   516 W skia    : AGTM parsing failed flags.readFromStream(s) at 159
09-14 09:34:29.428   516   516 W skia    : AGTM parsing failed flags.readFromStream(s) at 159
09-14 09:34:29.428   516   516 W skia    : AGTM parsing failed flags.readFromStream(s) at 159
09-14 09:34:29.428   516   516 W skia    : AGTM parsing failed flags.readFromStream(s) at 159
09-14 09:34:29.428   516   516 W skia    : AGTM parsing failed flags.readFromStream(s) at 159
09-14 09:34:29.428   516   516 W skia    : AGTM parsing failed flags.readFromStream(s) at 159
09-14 09:34:29.488   516   547 W skia    : AGTM parsing failed flags.readFromStream(s) at 159
09-14 09:34:29.511   516   516 W skia    : AGTM parsing failed flags.readFromStream(s) at 159
09-14 09:34:29.511   516   516 W skia    : AGTM parsing failed flags.readFromStream(s) at 159
09-14 09:34:29.511   516   516 W skia    : AGTM parsing failed flags.readFromStream(s) at 159
09-14 09:34:29.511   516   516 W skia    : AGTM parsing failed flags.readFromStream(s) at 159
09-14 09:34:29.511   516   516 W skia    : AGTM parsing failed flags.readFromStream(s) at 159
09-14 09:34:29.549   661   683 I ActivityTaskManager: Displayed com.highfly.logbook/.MainActivity for user 0: +786ms
09-14 09:34:29.561   516   516 W skia    : AGTM parsing failed flags.readFromStream(s) at 159
09-14 09:34:29.561   516   516 W skia    : AGTM parsing failed flags.readFromStream(s) at 159
09-14 09:34:29.561   516   516 W skia    : AGTM parsing failed flags.readFromStream(s) at 159
09-14 09:34:29.561   516   516 W skia    : AGTM parsing failed flags.readFromStream(s) at 159
09-14 09:34:29.561   516   516 W skia    : AGTM parsing failed flags.readFromStream(s) at 159
09-14 09:34:29.561   516   516 W skia    : AGTM parsing failed flags.readFromStream(s) at 159
09-14 09:34:29.578   516   516 W skia    : AGTM parsing failed flags.readFromStream(s) at 159
09-14 09:34:29.578   516   516 W skia    : AGTM parsing failed flags.readFromStream(s) at 159
09-14 09:34:29.578   516   516 W skia    : AGTM parsing failed flags.readFromStream(s) at 159
09-14 09:34:29.578   516   516 W skia    : AGTM parsing failed flags.readFromStream(s) at 159
09-14 09:34:29.578   516   516 W skia    : AGTM parsing failed flags.readFromStream(s) at 159
09-14 09:34:29.578   516   516 W skia    : AGTM parsing failed flags.readFromStream(s) at 159
09-14 09:34:29.578   516   516 W skia    : AGTM parsing failed flags.readFromStream(s) at 159
09-14 09:34:29.588   516   547 W skia    : AGTM parsing failed flags.readFromStream(s) at 159
09-14 09:34:29.588   516   547 W skia    : AGTM parsing failed flags.readFromStream(s) at 159
09-14 09:34:29.594   516   516 W skia    : AGTM parsing failed flags.readFromStream(s) at 159
09-14 09:34:29.594   516   516 W skia    : AGTM parsing failed flags.readFromStream(s) at 159
09-14 09:34:29.598   661   780 I ImeTracker: com.highfly.logbook:6dfac48b: onRequestHide at ORIGIN_SERVER reason HIDE_UNSPECIFIED_WINDOW fromUser false userId 0 displayId 0
09-14 09:34:29.598   661  2239 D InputMethodManagerService: Attach new input but force hide
09-14 09:34:29.598   661  2239 I ImeTracker: com.highfly.logbook:a2c9925d: onRequestHide at ORIGIN_SERVER reason HIDE_SOFT_INPUT fromUser false userId 0 displayId 0
09-14 09:34:29.599   661  2239 I ImeTracker: com.highfly.logbook:a2c9925d: onCancelled at PHASE_SERVER_SHOULD_HIDE
09-14 09:34:29.599   661  2239 W InputChannel-JNI: Channel already disposed.
09-14 09:34:29.599  7043  7043 I GoogleInputMethodService: GoogleInputMethodService.onFinishInput():2269 
09-14 09:34:29.599  7043  7043 I Module  : DeviceLockedStatusModuleProvider$Module.updateDeviceLockedStatusInternal():127 repeatCheckTimes = 0, locked = false
09-14 09:34:29.599   661  1164 I ImeTracker: system_server:9f69bd07: onRequestHide at ORIGIN_SERVER reason IME_REQUESTED_CHANGED_LISTENER fromUser false displayId 0
09-14 09:34:29.599  7043  7043 I GoogleInputMethodService: GoogleInputMethodService.onStartInput():1454 onStartInput(EditorInfo{EditorInfo{packageName=com.highfly.logbook, inputType=0, inputTypeString=NULL, enableLearning=false, autoCorrection=false, autoComplete=false, imeOptions=0, privateImeOptions=null, actionName=UNSPECIFIED, actionLabel=null, initialSelStart=-1, initialSelEnd=-1, initialCapsMode=0, label=null, fieldId=0, fieldName=null, extras=null, hintText=null, hintLocales=[]}}, false)
09-14 09:34:29.599  7043  7043 I AndroidIME: LatinIMEBase.updateInputViewCoverNavigation():321 Update input view padding, isNavbarOverInputWindow=true, bottom inset=63
09-14 09:34:29.599  7043  7043 I Module  : DeviceLockedStatusModuleProvider$Module.updateDeviceLockedStatusInternal():127 repeatCheckTimes = 1, locked = false
09-14 09:34:29.599   661   686 I ImeTracker: system_server:9f69bd07: onCancelled at PHASE_SERVER_SHOULD_HIDE
09-14 09:34:29.600 19082 19082 D InsetsController: hide(ime())
09-14 09:34:29.600 19082 19082 I ImeTracker: com.highfly.logbook:6dfac48b: onCancelled at PHASE_CLIENT_ALREADY_HIDDEN
09-14 09:34:29.600  7043  7043 I DynamicLanguageSetterModule: DynamicLanguageSetterModule.createTemporaryEnableTask():503 Enable temporary entries: [de], and current entry: null
09-14 09:34:29.600  7043  7043 I InputMethodEntryManager: InputMethodEntryManager.enableLanguagesAndChangeCurrentTemporarily():1922 enabledLanguages: [de-Latn-DE], specifiedCurrentLanguage null
09-14 09:34:29.601  7043  7043 I InputMethodEntryManager: InputMethodEntryManager.enableInputMethodEntriesTemporarily():2148 temporarilyEnabledEntryTuples [LanguageTagVariantTuple{languageTag=de-DE, variant=qwerty}]
09-14 09:34:29.601  7043  7043 I GlobeKeyExtension: GlobeKeyExtension$2.onEnabledInputMethodEntriesChanged():92 maybeDisableLanguageSwitchKeyPref when a single language user adds more languages
09-14 09:34:29.601  7043  7043 I GlobeKeyExtension: GlobeKeyExtension.maybeDisableLanguageSwitchKeyPref():211 maybeDisableLanguageSwitchKeyPref hasGlobeKeyBeenDisabled: true, shouldDisableLanguageSwitchKey: true
09-14 09:34:29.601  7388  7670 I FontLog : (REDACTED) Received query %s, URI %s
09-14 09:34:29.601  7043 19119 I LatinImeEntryActivation: LatinImeActivationContentObserver.activeLanguagesHaveChanged():70 Active entries changed: [en-US] -> {de, en-US}
09-14 09:34:29.601  7388  7670 I FontLog : (REDACTED) Query [%s] resolved to %s
09-14 09:34:29.601  7043  7043 I InputMethodEntryManager: InputMethodEntryManager.enableLanguagesAndChangeCurrentTemporarily():1958 Update temporary current entry(de-DE, qwerty)
09-14 09:34:29.601  7043  7043 I InputMethodEntryManager: InputMethodEntryManager.changeCurrentInputMethodEntry():3095 Set current input method entry: source=UNSPECIFIED, entryChanged=true, enablePersist=false, npg{languageTag=de-DE, variant=qwerty, hasLocalizedResources=true, conditionCacheKey=_android_software_xr_api_spatial=false_app_first_start_timestamp=1789210355600_cache_ime_defs_for_condition_change=false_deprecate_long_press_space_for_ime_picker=false_device=phone_device_size=default_enable_more_candidates_view_for_multilingual=false_enable_number_row=false_enable_number_row_in_password=true_enable_pk_simulator=false_enable_pk_simulator_setting=false_enable_preemptive_decode=true_enable_scrub_move=true_enable_secondary_digits=true_enable_secondary_symbols=false_expressions=normal_four_or_more_letter_rows=false_free_cursor=false_free_cursor_spacebar_popup=false_keyboard_font_size_setting=_keyboard_mode=normal_language=de-DE_layout_9key_split=false_orientation=portrait_physical_keyboard=qwerty_pk_simulator_vk_ready=false_pref_enable_flick_symbols=false_rtl_layout=false_show_comma_key=true_show_period_key=true_show_secondary_digits=true_show_suggestion_strip=true_show_suggestions=true_split_with_duplicate_keys=true_true=true_variant=qwerty_writing_helper_enable_by_word_revert=false, imeDef.stringId=ime_german, imeDef.className=com.google.android.apps.inputmethod.libs.latin5.LatinIme, imeDef.languageTag=de}
09-14 09:34:29.601  7043  7043 I InputMethodEntryManager: InputMethodEntryManager.loadAdditionalImeDefsForCurrentEntry():3128 loadAdditionalImeDefsForCurrentEntry(): npg{languageTag=de-DE, variant=qwerty, hasLocalizedResources=true, conditionCacheKey=_android_software_xr_api_spatial=false_app_first_start_timestamp=1789210355600_cache_ime_defs_for_condition_change=false_deprecate_long_press_space_for_ime_picker=false_device=phone_device_size=default_enable_more_candidates_view_for_multilingual=false_enable_number_row=false_enable_number_row_in_password=true_enable_pk_simulator=false_enable_pk_simulator_setting=false_enable_preemptive_decode=true_enable_scrub_move=true_enable_secondary_digits=true_enable_secondary_symbols=false_expressions=normal_four_or_more_letter_rows=false_free_cursor=false_free_cursor_spacebar_popup=false_keyboard_font_size_setting=_keyboard_mode=normal_language=de-DE_layout_9key_split=false_orientation=portrait_physical_keyboard=qwerty_pk_simulator_vk_ready=false_pref_enable_flick_symbols=false_rtl_layout=false_show_comma_key=true_show_period_key=true_show_secondary_digits=true_show_suggestion_strip=true_show_suggestions=true_split_with_duplicate_keys=true_true=true_variant=qwerty_writing_helper_enable_by_word_revert=false, imeDef.stringId=ime_german, imeDef.className=com.google.android.apps.inputmethod.libs.latin5.LatinIme, imeDef.languageTag=de}
09-14 09:34:29.601  7388  7670 I FontLog : (REDACTED) Fetch %s end status %s
09-14 09:34:29.602  7043 19029 I DelightKLPDownloader: DelightKLPDownloader.downloadKLPInternal():203 downloading KLP for en_840
09-14 09:34:29.602  7043  7043 I InputMethodEntryManager: InputMethodEntryManager$6.onSuccess():3154 Success load additional ImeDefs, entryChanged=true, additionalImeDefsChanged=true, [ImeDef{stringId=password, language=und-Latn-x-password, languageTag=und-Latn-x-password, processedConditions={language=de-DE, variant=qwerty, enable_number_row=true, enable_pk_simulator=false, true=true, device=phone, writing_helper_enable_by_word_revert=false, enable_number_row_in_password=true}, className=com.google.android.libraries.inputmethod.ime.password.PasswordIme, label=2132019375, keyEventInterpreter=null, inlineComposing=true, autoCapital=true, announceAutoSelectedCandidate=true, statusIcon=0, indicatorIcon=0, indicatorLabel=null, displayAppCompletions=false, extraValues=okj{}, processors=com.google.android.libraries.inputmethod.metadata.ProcessorsDef@87e60b6, unacceptableMetaKeys=4098, languageSpecificSettings=0, asciiCapable=false, alwaysShowSuggestions=false, useAsciiPasswordKeyboard=false, keyboardGroupDef=KeyboardGroupDef(variant=qwerty, variantLabel=0, pkLanguageTag=, pkLayoutType=, dynamicLayout=null, layoutSpecificSettings=[], layoutSpecificTheme=2132083595, order=0, supportsSplitMode=true, supportsOneHandedMode=true, isVariantNameMandatory=false, keyboardDefInfos={prime=KeyboardDefInfo(kbType=prime, initialStates=0, keyboardDefs=[2132215273, 2132215953, 2132215482], extraValues=okj{}), digit=KeyboardDefInfo(kbType=digit, initialStates=0, keyboardDefs=[2132215914], extraValues=okj{}), symbol=KeyboardDefInfo(kbType=symbol, initialStates=0, keyboardDefs=[2132216099], extraValues=okj{})}, overrideKeyboardXmlConditions=com.google.android.libraries.inputmethod.metadata.OverrideKeyboardXmlConditionsDef@94f04e5), phenotypeFlagId=0, localizationLanguageTag=null, supportsInlineSuggestion=false}, ImeDef{stringId=number, language=und-Latn-x-number, languageTag=und-Latn-x-number, processedConditions={}, className=com.google.android.libraries.inputmethod.ime.DummyIme, label=2132019312, keyEventInterpreter=null, inlineComposing=true, autoCapital=false, announceAutoSelectedCandidate=false, statusIcon=0, indicatorIcon=0, indicatorLabel=null, displayAppCompletions=false, extraValues=okj{}, processors=com.google.android.libraries.inputmethod.metadata.ProcessorsDef@87e60b6, unacceptableMetaKeys=4098, languageSpecificSettings=0, asciiCapable=false, alwaysShowSuggestions=false, useAsciiPasswordKeyboard=false, keyboardGroupDef=KeyboardGroupDef(variant=, variantLabel=0, pkLanguageTag=, pkLayoutType=, dynamicLayout=null, layoutSpecificSettings=[], layoutSpecificTheme=0, order=0, supportsSplitMode=false, supportsOneHandedMode=true, isVariantNameMandatory=false, keyboardDefInfos={prime=KeyboardDefInfo(kbType=prime, initialStates=0, keyboardDefs=[2132215919], extraValues=okj{})}, overrideKeyboardXmlConditions=com.google.android.libraries.inputmethod.metadata.OverrideKeyboardXmlConditionsDef@50b3d24), phenotypeFlagId=0, localizationLanguageTag=null, supportsInlineSuggestion=false}, ImeDef{stringId=number_password, language=und-Latn-x-number-password, languageTag=und-Latn-x-number-password, processedConditions={}, className=com.google.android.libraries.inputmethod.ime.DummyIme, label=2132019313, keyEventInterpreter=null, inlineComposing=true, autoCapital=false, announceAutoSelectedCandidate=false, statusIcon=0, indicatorIcon=0, indicatorLabel=null, displayAppCompletions=false, extraValues=okj{}, processors=com.google.android.libraries.inputmethod.metadata.ProcessorsDef@87e60b6, unacceptableMetaKeys=4098, languageSpecificSettings=0, asciiCapable=false, alwaysShowSuggestions=false, useAsciiPasswordKeyboard=false, keyboardGroupDef=KeyboardGroupDef(variant=, variantLabel=0, pkLanguageTag=, pkLayoutType=, dynamicLayout=null, layoutSpecificSettings=[], layoutSpecificTheme=0, order=0, supportsSplitMode=false, supportsOneHandedMode=true, isVariantNameMandatory=false, keyboardDefInfos={prime=KeyboardDefInfo(kbType=prime, initialStates=0, keyboardDefs=[2132215920], extraValues=okj{})}, overrideKeyboardXmlConditions=com.google.androi
09-14 09:34:29.602  7043  7043 I InputMethodEntryManager: d.libraries.inputmethod.metadata.OverrideKeyboardXmlConditionsDef@42308d), phenotypeFlagId=0, localizationLanguageTag=null, supportsInlineSuggestion=false}, ImeDef{stringId=phone_number, language=und-Latn-x-phone-number, languageTag=und-Latn-x-phone-number, processedConditions={}, className=com.google.android.libraries.inputmethod.ime.DummyIme, label=2132019409, keyEventInterpreter=null, inlineComposing=true, autoCapital=false, announceAutoSelectedCandidate=false, statusIcon=0, indicatorIcon=0, indicatorLabel=null, displayAppCompletions=false, extraValues=okj{}, processors=com.google.android.libraries.inputmethod.metadata.ProcessorsDef@87e60b6, unacceptableMetaKeys=4098, languageSpecificSettings=0, asciiCapable=false, alwaysShowSuggestions=false, useAsciiPasswordKeyboard=false, keyboardGroupDef=KeyboardGroupDef(variant=, variantLabel=0, pkLanguageTag=, pkLayoutType=, dynamicLayout=null, layoutSpecificSettings=[], layoutSpecificTheme=0, order=0, supportsSplitMode=false, supportsOneHandedMode=true, isVariantNameMandatory=false, keyboardDefInfos={prime=KeyboardDefInfo(kbType=prime, initialStates=0, keyboardDefs=[2132215945], extraValues=okj{})}, overrideKeyboardXmlConditions=com.google.android.libraries.inputmethod.metadata.OverrideKeyboardXmlConditionsDef@107d242), phenotypeFlagId=0, localizationLanguageTag=null, supportsInlineSuggestion=false}, ImeDef{stringId=date_time, language=und-Latn-x-date-time, languageTag=und-Latn-x-date-time, processedConditions={}, className=com.google.android.libraries.inputmethod.ime.DummyIme, label=2132017760, keyEventInterpreter=null, inlineComposing=true, autoCapital=false, announceAutoSelectedCandidate=false, statusIcon=0, indicatorIcon=0, indicatorLabel=null, displayAppCompletions=false, extraValues=okj{}, processors=com.google.android.libraries.inputmethod.metadata.ProcessorsDef@87e60b6, unacceptableMetaKeys=4098, languageSpecificSettings=0, asciiCapable=false, alwaysShowSuggestions=false, useAsciiPasswordKeyboard=false, keyboardGroupDef=KeyboardGroupDef(variant=, variantLabel=0, pkLanguageTag=, pkLayoutType=, dynamicLayout=null, layoutSpecificSettings=[], layoutSpecificTheme=0, order=0, supportsSplitMode=false, supportsOneHandedMode=true, isVariantNameMandatory=false, keyboardDefInfos={prime=KeyboardDefInfo(kbType=prime, initialStates=0, keyboardDefs=[2132215785], extraValues=okj{})}, overrideKeyboardXmlConditions=com.google.android.libraries.inputmethod.metadata.OverrideKeyboardXmlConditionsDef@370d253), phenotypeFlagId=0, localizationLanguageTag=null, supportsInlineSuggestion=false}]
09-14 09:34:29.602  7043  7043 I InputMethodEntryManager: InputMethodEntryManager.onSuccessLoadingAdditionalImeDefs():3230 Additional ImeDefs have been loaded, maybe notify entry change: true
09-14 09:34:29.602  7043 19119 I CrossProfileSharedPreferences: CrossProfileSharedPreferences.maybeRunSyncTaskAfterFullSyncComplete():218 Full sync is not complete when incremental sync is called, trigger full sync
09-14 09:34:29.602  7043  7043 I SystemSubtypesReportModule: SystemSubtypesReportModule$2.onCurrentInputMethodEntryChanged():150 entry: de-DE, source: UNSPECIFIED
09-14 09:34:29.602  7043  7043 I SystemSubtypesReportModule: SystemSubtypesReportModule$2.onCurrentInputMethodEntryChanged():164 switchSubtype(de-DE)
09-14 09:34:29.602  7043 19119 I LmManager: LmManager.asyncUpdateEnabledLanguageModels():98 asyncUpdateEnabledLanguageModels()
09-14 09:34:29.602  7043 19119 I SuperDelight: SuperDelightManager.initializeOverridesSuperpacks():397 initializeOverridesSuperpacks()
09-14 09:34:29.602  7388  7670 I FontLog : (REDACTED) Pulling font file for id = %d, cache size = %d
09-14 09:34:29.602  7043  7043 I ModuleManager: ModuleManager$ModuleInitListener.maybeUnloadModuleOnUnavailable():1457 module ihy is unavailable
09-14 09:34:29.602  7043  7043 I ModuleManager: ModuleManager$ModuleInitListener.maybeUnloadModuleOnUnavailable():1457 module iin is unavailable
09-14 09:34:29.602  7043  7043 I GoogleInputMethodService: GoogleInputMethodService.onCurrentInputMethodEntryChanged():2531 onCurrentInputMethodEntryChanged(): imeDefsChanged=true, entryLanguageVariantChanged=true, keyboardContextChanged=true
09-14 09:34:29.602  7043  7043 I GoogleInputMethodService: GoogleInputMethodService.clearInputMethodServiceData():1133 clearInputMethodServiceData for entryChange
09-14 09:34:29.602  7043  7043 I AbstractOpenableExtension: AbstractOpenableExtension.maybeDestroyExistingKeyboardGroupManager():536 Destroy existing keyboard group manager in icp
09-14 09:34:29.602  7043  7043 I AbstractOpenableExtension: AbstractOpenableExtension$3.onSuccess():556 KeyboardGroupManager destroyed in icp.
09-14 09:34:29.602  7043  7043 I AbstractOpenableExtension: AbstractOpenableExtension.createKeyboardGroupManagerListenableFuture():121 Create keyboard group manager listenable future in icp
09-14 09:34:29.602  7043  7043 I AbstractOpenableExtension: AbstractOpenableExtension.maybeDestroyExistingKeyboardGroupManager():536 Destroy existing keyboard group manager in fkt
09-14 09:34:29.602  7043  7043 I AbstractOpenableExtension: AbstractOpenableExtension$3.onSuccess():556 KeyboardGroupManager destroyed in fkt.
09-14 09:34:29.602  7043  7043 I AbstractOpenableExtension: AbstractOpenableExtension.createKeyboardGroupManagerListenableFuture():121 Create keyboard group manager listenable future in fkt
09-14 09:34:29.602  7043  7043 I AbstractOpenableExtension: AbstractOpenableExtension.maybeDestroyExistingKeyboardGroupManager():536 Destroy existing keyboard group manager in ifm
09-14 09:34:29.602  7043  7043 I AbstractOpenableExtension: AbstractOpenableExtension$3.onSuccess():556 KeyboardGroupManager destroyed in ifm.
09-14 09:34:29.602  7043  7043 I AbstractOpenableExtension: AbstractOpenableExtension.createKeyboardGroupManagerListenableFuture():121 Create keyboard group manager listenable future in ifm
09-14 09:34:29.602  7043  7043 I GoogleInputMethodService: GoogleInputMethodService.initializeInputMethodServiceData():898 initializeInputMethodServiceData for npg{languageTag=de-DE, variant=qwerty, hasLocalizedResources=true, conditionCacheKey=_android_software_xr_api_spatial=false_app_first_start_timestamp=1789210355600_cache_ime_defs_for_condition_change=false_deprecate_long_press_space_for_ime_picker=false_device=phone_device_size=default_enable_more_candidates_view_for_multilingual=false_enable_number_row=false_enable_number_row_in_password=true_enable_pk_simulator=false_enable_pk_simulator_setting=false_enable_preemptive_decode=true_enable_scrub_move=true_enable_secondary_digits=true_enable_secondary_symbols=false_expressions=normal_four_or_more_letter_rows=false_free_cursor=false_free_cursor_spacebar_popup=false_keyboard_font_size_setting=_keyboard_mode=normal_language=de-DE_layout_9key_split=false_orientation=portrait_physical_keyboard=qwerty_pk_simulator_vk_ready=false_pref_enable_flick_symbols=false_rtl_layout=false_show_comma_key=true_show_period_key=true_show_secondary_digits=true_show_suggestion_strip=true_show_suggestions=true_split_with_duplicate_keys=true_true=true_variant=qwerty_writing_helper_enable_by_word_revert=false, imeDef.stringId=ime_german, imeDef.className=com.google.android.apps.inputmethod.libs.latin5.LatinIme, imeDef.languageTag=de}
09-14 09:34:29.602  7043  7043 I Gm3ColorTokenStyleSheetProvider: Gm3ColorTokenStyleSheetProvider.isHigherContrastMode():330 Detected higher contrast mode: 72.432045
09-14 09:34:29.602  1904  4761 I AiAiEcho: Settings changed for uri: content://settings/secure/enabled_input_methods
09-14 09:34:29.603  1904  2137 I AiAiEcho: Predicting[0]:  [CONTEXT sampling_count=5 ]
09-14 09:34:29.603  7043 19120 I SuperDelight: SuperDelightManager.initializeBundledDelightSuperpacks():371 initializeBundledDelightSuperpacks()
09-14 09:34:29.603  1904  2137 I AiAiEcho: EchoTargets: 
09-14 09:34:29.603  1904  2137 I AiAiEcho: Filtered by AiAi flag check: 
09-14 09:34:29.603  1904  2137 I AiAiEcho: [CONTEXT ratelimit_period="10 SECONDS" ]
09-14 09:34:29.603  7043 19120 I KeyboardGroupDefParser: KeyboardGroupDefParser.parseKeyboardGroupDef():73 parseKeyboardGroupDef() 2132213994 -> 0_resource_name_obfuscated : WaitTime = 1 ms : RunTime = 0 ms
09-14 09:34:29.603  7043 19120 I KeyboardGroupDefParser: KeyboardGroupDefParser.parseKeyboardGroupDef():73 parseKeyboardGroupDef() 2132213997 -> 0_resource_name_obfuscated : WaitTime = 1 ms : RunTime = 0 ms
09-14 09:34:29.603  7043 19120 I KeyboardGroupDefParser: KeyboardGroupDefParser.parseKeyboardGroupDef():73 parseKeyboardGroupDef() 2132213998 -> 0_resource_name_obfuscated : WaitTime = 1 ms : RunTime = 0 ms
09-14 09:34:29.603  1904  2137 I AiAiEcho: #remoteViewsTwiddler: feature disabled.
09-14 09:34:29.603  1904  2137 I AiAiEcho: #postPredictionTargets: Sending updates to UISurface ambientcue with targets# 0 (types=[])
09-14 09:34:29.603  7043  7043 I KeyboardThemeProvider: KeyboardThemeProvider.applyKeyboardTheme():27 Apply keyboard theme: theme,!gsf,!pgsans,!pgsf,!use_system_font,BORDER,FLAVOR_DPI=XXHDPI,IS_LIGHT,KEYBOARD_WIDTH_CATEGORY=NORMAL,KEY_BORDER_SHAPE=1,LIGHT_THEME=true,PHYSICAL_DIAGONAL=5.9809904,POPUP,SCREEN_SHORTEST_WIDTH=411,SCREEN_SHORTEST_WIDTH_NO_SCALE=411,SW400DP,XXHDPI,bottom4dp,enable_popup_on_keypress=true,keyboard_redesign_google_sans=true,non_linear_scale,noshadow,overlay_builtin_dynamic_color_light_base.binarypb:gm3-light-fffaf8fe-ff4c5e8b-4fb1adea13304a190d4abf12326cf60c,silkpopup
09-14 09:34:29.603  7043  7043 I InputMethodEntryManager: InputMethodEntryManager.getAdditionalImeDefs():2542 getAdditionalImeDefs() called, flag enabled: false, isUserUnlocked: true
09-14 09:34:29.603  7043  7043 I InputMethodEntryManager: InputMethodEntryManager.getAdditionalImeDefs():2550 OptimizeAdditionalImeDefLoadingFlag disabled, retrieving additional ImeDefs synchronously for entry: npg{languageTag=de-DE, variant=qwerty, hasLocalizedResources=true, conditionCacheKey=_android_software_xr_api_spatial=false_app_first_start_timestamp=1789210355600_cache_ime_defs_for_condition_change=false_deprecate_long_press_space_for_ime_picker=false_device=phone_device_size=default_enable_more_candidates_view_for_multilingual=false_enable_number_row=false_enable_number_row_in_password=true_enable_pk_simulator=false_enable_pk_simulator_setting=false_enable_preemptive_decode=true_enable_scrub_move=true_enable_secondary_digits=true_enable_secondary_symbols=false_expressions=normal_four_or_more_letter_rows=false_free_cursor=false_free_cursor_spacebar_popup=false_keyboard_font_size_setting=_keyboard_mode=normal_language=de-DE_layout_9key_split=false_orientation=portrait_physical_keyboard=qwerty_pk_simulator_vk_ready=false_pref_enable_flick_symbols=false_rtl_layout=false_show_comma_key=true_show_period_key=true_show_secondary_digits=true_show_suggestion_strip=true_show_suggestions=true_split_with_duplicate_keys=true_true=true_variant=qwerty_writing_helper_enable_by_word_revert=false, imeDef.stringId=ime_german, imeDef.className=com.google.android.apps.inputmethod.libs.latin5.LatinIme, imeDef.languageTag=de}
09-14 09:34:29.603  7043  7043 I InputBundle: InputBundle.prefetchKeyboard():670 prefetchKeyboard: prime
09-14 09:34:29.603  7043  7043 I KeyboardDefManager: KeyboardDefManager.requestKeyboardDef():128 requestKeyboardDef(): type=prime, info=olr{defIds=[#0x7f1705e9, #0x7f170891], defIdsCacheKey=[2132215273, 2132215953]}
09-14 09:34:29.603  7043  7043 I KeyboardDefManager: KeyboardDefManager.requestKeyboardDef():195 requestKeyboardDef(): getOrCreate from cache, info=olr{defIds=[#0x7f1705e9, #0x7f170891], defIdsCacheKey=[2132215273, 2132215953]}
09-14 09:34:29.603  7043  7043 I KeyboardDefManager: KeyboardDefManager$Companion$addFutureCallbackForKeyboardDefReceiver$1.onSuccess():425 requestKeyboardDef onSuccess(): info=olr{defIds=[#0x7f1705e9, #0x7f170891], defIdsCacheKey=[2132215273, 2132215953]}
09-14 09:34:29.603  1904  2137 I AiAiEcho: Predicting[0]:  [CONTEXT sampling_count=5 ]
09-14 09:34:29.603  7388  7670 I FontLog : (REDACTED) Pulling font file for id = %d, cache size = %d
09-14 09:34:29.603  1904  2137 I AiAiEcho: EchoTargets: 
09-14 09:34:29.603  1904  2137 I AiAiEcho: Filtered by AiAi flag check: 
09-14 09:34:29.603  1904  2137 I AiAiEcho: [CONTEXT ratelimit_period="10 SECONDS" ]
09-14 09:34:29.603  7043  7043 I KeyboardInterfacePrivate: IKeyboard.createKeyboard():67 Keyboard created from HiltKeyboardFactory: com.google.android.apps.inputmethod.latin.keyboard.LatinPrimeKeyboard
09-14 09:34:29.603  1904  2137 I AiAiEcho: #remoteViewsTwiddler: feature disabled.
09-14 09:34:29.603  7043  7043 I AndroidIME: InputBundleManager.loadActiveInputBundleId():542 loadActiveInputBundleId: de, ime_german
09-14 09:34:29.603  1904  2137 I AiAiEcho: #postPredictionTargets: Sending updates to UISurface home with targets# 0 (types=[])
09-14 09:34:29.603  1904  2137 I AiAiEcho: Predicting[0]:  [CONTEXT sampling_count=5 ]
09-14 09:34:29.604  1904  2137 I AiAiEcho: EchoTargets: 
09-14 09:34:29.604  1904  2137 I AiAiEcho: Filtered by AiAi flag check: 
09-14 09:34:29.604  1904  2137 I AiAiEcho: [CONTEXT ratelimit_period="10 SECONDS" ]
09-14 09:34:29.604  1904  2137 I AiAiEcho: #remoteViewsTwiddler: feature disabled.
09-14 09:34:29.604  1904  2137 I AiAiEcho: #postPredictionTargets: Sending updates to UISurface lockscreen with targets# 0 (types=[])
09-14 09:34:29.604  7043  7043 I HandwritingOfflineSuperpacks: HandwritingOfflineSuperpacks.syncInternal():80 no bundled lm for handwriting.
09-14 09:34:29.604  7043  7043 I HandwritingSuperpacks: HandwritingSuperpacks.register():265 register(): version '94', url 'https://dl.google.com/handwriting/models/handwriting_release.superpack_manifest.20260206.json' [ONLINE]
09-14 09:34:29.604  7043  7043 I PKIndicatorController: PKIndicatorController$3.maybeShowLanguageSwitchIndicator():138 Entry changed. Showing language indicator.
09-14 09:34:29.604  7043  7068 W ModuleManager: ModuleManager.loadModule():634 Module qip is not available
09-14 09:34:29.604  7043  7071 I SP      : Registering emoticon_content_description.2022081613, url: https://www.gstatic.com/android/keyboard/emoticon_content_desc/202208161305/superpacks_manifest.json, constraints: W:*:*:*, flags: bg, requested: 2022081613, current: 2022081613
09-14 09:34:29.604   661   771 I InputReader: Reconfiguring input devices, changes=KEYBOARD_LAYOUTS
09-14 09:34:29.604  7043 19031 I PerLanguageDataDownloader: PerLanguageDataDownloader.downloadDataInternal():168 downloading Data for en
09-14 09:34:29.604  7043 19119 I DelightKLPDownloader: DelightKLPDownloader.downloadKLPInternal():203 downloading KLP for en_840
09-14 09:34:29.604  7043 19120 I SuperDelight: SuperDelightManager.syncOverridesLanguageModels():646 SuperDelightManager#syncOverridesLanguageModels(): Superpack delight_overrides not found or negative version provided
09-14 09:34:29.604  7043 19119 I DelightKLPDownloader: DelightKLPDownloader.downloadKLPInternal():203 downloading KLP for de_DE
09-14 09:34:29.605  1904  4761 I AiAiEcho: Settings changed for uri: content://settings/secure/input_methods_subtype_history
09-14 09:34:29.605  1904  2137 I AiAiEcho: Predicting[0]:  [CONTEXT sampling_count=5 ]
09-14 09:34:29.605  1904  4761 I AiAiEcho: Settings changed for uri: content://settings/secure/selected_input_method_subtype
09-14 09:34:29.605  1904  2137 I AiAiEcho: EchoTargets: 
09-14 09:34:29.605  1904  2137 I AiAiEcho: Filtered by AiAi flag check: 
09-14 09:34:29.605  1904  2137 I AiAiEcho: [CONTEXT ratelimit_period="10 SECONDS" ]
09-14 09:34:29.605  1904  2137 I AiAiEcho: #remoteViewsTwiddler: feature disabled.
09-14 09:34:29.605  7043 19030 I CrossProfileSharedPreferences: CrossProfileSharedPreferences.syncAllAllowedPreferencesInternal():276 Cannot make cross profile calls to full sync preferences
09-14 09:34:29.605  1904  2137 I AiAiEcho: Predicting[0]:  [CONTEXT sampling_count=5 ]
09-14 09:34:29.605  1904  2137 I AiAiEcho: EchoTargets: 
09-14 09:34:29.605  1904  2137 I AiAiEcho: Filtered by AiAi flag check: 
09-14 09:34:29.605  1904  2137 I AiAiEcho: [CONTEXT ratelimit_period="10 SECONDS" ]
09-14 09:34:29.605  1904  2137 I AiAiEcho: #remoteViewsTwiddler: feature disabled.
09-14 09:34:29.605  1904  2137 I AiAiEcho: Predicting[0]:  [CONTEXT sampling_count=5 ]
09-14 09:34:29.605  1904  2137 I AiAiEcho: EchoTargets: 
09-14 09:34:29.605  1904  2137 I AiAiEcho: Filtered by AiAi flag check: 
09-14 09:34:29.605  1904  2137 I AiAiEcho: [CONTEXT ratelimit_period="10 SECONDS" ]
09-14 09:34:29.605  7043 19030 I DelightKLPDownloader: DelightKLPDownloader.getBundledLmVersion():312 bundled KLP for en_840 version = 0
09-14 09:34:29.605  1904  2137 I AiAiEcho: #remoteViewsTwiddler: feature disabled.
09-14 09:34:29.605  7043 19030 I DelightKLPDownloader: DelightKLPDownloader.getBundledLmVersion():312 bundled KLP for de_DE version = 0
09-14 09:34:29.605  1904  2137 I AiAiEcho: Predicting[0]:  [CONTEXT sampling_count=5 ]
09-14 09:34:29.605  7043 19030 I ManifestedDataDownloader: ManifestedDataDownloader.download():67 downloading manifest https://www.gstatic.com/android/keyboard/dictionarypack/2026060121/metadata.json-perlang/en-840.json?v=2026070801
09-14 09:34:29.605  1904  2137 I AiAiEcho: EchoTargets: 
09-14 09:34:29.605  1904  2137 I AiAiEcho: Filtered by AiAi flag check: 
09-14 09:34:29.605  1904  2137 I AiAiEcho: [CONTEXT ratelimit_period="10 SECONDS" ]
09-14 09:34:29.605  1904  2137 I AiAiEcho: #remoteViewsTwiddler: feature disabled.
09-14 09:34:29.605  1904  2137 I AiAiEcho: Predicting[0]:  [CONTEXT sampling_count=5 ]
09-14 09:34:29.605  1904  2137 I AiAiEcho: EchoTargets: 
09-14 09:34:29.605  1904  2137 I AiAiEcho: Filtered by AiAi flag check: 
09-14 09:34:29.605  1904  2137 I AiAiEcho: [CONTEXT ratelimit_period="10 SECONDS" ]
09-14 09:34:29.605  1904  2137 I AiAiEcho: #remoteViewsTwiddler: feature disabled.
09-14 09:34:29.605  1904  2137 I AiAiEcho: Predicting[0]:  [CONTEXT sampling_count=5 ]
09-14 09:34:29.605  1904  2137 I AiAiEcho: EchoTargets: 
09-14 09:34:29.605  1904  2137 I AiAiEcho: Filtered by AiAi flag check: 
09-14 09:34:29.605  1904  2137 I AiAiEcho: [CONTEXT ratelimit_period="10 SECONDS" ]
09-14 09:34:29.605  1904  2137 I AiAiEcho: #remoteViewsTwiddler: feature disabled.
09-14 09:34:29.605  1904  2137 I AiAiEcho: #postPredictionTargets: Sending updates to UISurface ambientcue with targets# 0 (types=[])
09-14 09:34:29.605  1904  2137 I AiAiEcho: #postPredictionTargets: Sending updates to UISurface home with targets# 0 (types=[])
09-14 09:34:29.605  1904  2137 I AiAiEcho: #postPredictionTargets: Sending updates to UISurface lockscreen with targets# 0 (types=[])
09-14 09:34:29.605  7043 19029 I DelightKLPDownloader: DelightKLPDownloader.downloadKLPInternal():203 downloading KLP for de_DE
09-14 09:34:29.605  1110  1254 I AmbientCueRepository: Receiving SmartSpace targets # 0
09-14 09:34:29.605  1110  1254 I AmbientCueRepository: Receiving SmartSpace targets # 0
09-14 09:34:29.605  7043 19118 I DelightKLPDownloader: DelightKLPDownloader.getBundledLmVersion():312 bundled KLP for en_840 version = 0
09-14 09:34:29.605  7043 19029 I ManifestedDataDownloader: ManifestedDataDownloader.download():67 downloading manifest https://www.gstatic.com/android/keyboard/dictionarypack/2026060121/metadata.json-perlang/de-DE.json?v=2026070801
09-14 09:34:29.605  7043 19029 I DelightKLPDownloader: DelightKLPDownloader.getBundledLmVersion():312 bundled KLP for de_DE version = 0
09-14 09:34:29.605  7043 19118 I ManifestedDataDownloader: ManifestedDataDownloader.download():67 downloading manifest https://www.gstatic.com/android/keyboard/dictionarypack/2026060121/metadata.json-perlang/en-840.json?v=2026070801
09-14 09:34:29.605  7043 19031 I ManifestedDataDownloader: ManifestedDataDownloader.download():67 downloading manifest https://www.gstatic.com/android/keyboard/modelpack/proactiveek/embedding_gemma/2025120304/en_manifest.json
09-14 09:34:29.605  7043 19031 I ManifestedDataDownloader: ManifestedDataDownloader.download():67 downloading manifest https://www.gstatic.com/android/keyboard/dictionarypack/2026060121/metadata.json-perlang/de-DE.json?v=2026070801
09-14 09:34:29.608  7043  7043 I SystemSubtypesReportModule: SystemSubtypesReportModule$3.onSetCurrentInputMethodSubtype():193 de_DE
09-14 09:34:29.608  7043  7043 I SystemSubtypesReportModule: SystemSubtypesReportModule$3.onSetCurrentInputMethodSubtype():205 Subtype de_DE was caused by entry
09-14 09:34:29.608  7043  7071 I SP      : Registering bundled_delight.2026031600, url: null, constraints: *:*:*:*, flags: *, requested: 2026031600, current: 2026031600
09-14 09:34:29.608  7043  7071 I SP      : Registering handwriting_recognition.94, url: https://dl.google.com/handwriting/models/handwriting_release.superpack_manifest.20260206.json, constraints: m:*:*:*, flags: *, requested: 94, current: 94
09-14 09:34:29.608  7043  7071 I SuperpacksManagerImpl: SuperpacksManagerImpl$3$1.onSuccess():552 emoticon_content_description.registerManifest() succeeded
09-14 09:34:29.608  7043  7071 I SuperpacksManagerImpl: SuperpacksManagerImpl$3$1.onSuccess():552 bundled_delight.registerManifest() succeeded
09-14 09:34:29.608  7043  7071 I SuperpacksManagerImpl: SuperpacksManagerImpl$3$1.onSuccess():552 handwriting_recognition.registerManifest() succeeded
09-14 09:34:29.608  7043  7098 I DownloadManager: DownloadManager.completeDownload():434 Download for __KLP_manifest_delight__en-840 scheduled with params oim[allowMetered=true, requireCharging=false, foreground=false, immediately=true, priority=0]
09-14 09:34:29.608  1904  2137 I AiAiEcho: #postPredictionTargets: Sending updates to UISurface ambientcue with targets# 0 (types=[])
09-14 09:34:29.608  7043  7098 I DownloadManager: DownloadManager.startDownload():518 start download of __KLP_manifest_delight__en-840
09-14 09:34:29.608  1110  1254 I AmbientCueRepository: Receiving SmartSpace targets # 0
09-14 09:34:29.608  1904  2137 I AiAiEcho: #postPredictionTargets: Sending updates to UISurface home with targets# 0 (types=[])
09-14 09:34:29.608  1904  2137 I AiAiEcho: #postPredictionTargets: Sending updates to UISurface lockscreen with targets# 0 (types=[])
09-14 09:34:29.608  7043  7098 I DownloadManager: DownloadManager.completeDownload():434 Download for __KLP_manifest_delight__de-DE scheduled with params oim[allowMetered=true, requireCharging=false, foreground=false, immediately=true, priority=0]
09-14 09:34:29.608  7043  7098 I DownloadManager: DownloadManager.startDownload():518 start download of __KLP_manifest_delight__de-DE
09-14 09:34:29.608  7043  7098 I DownloadManager: DownloadManager$4.onFailure():599 download for __KLP_manifest_delight__en-840 is cancelled
09-14 09:34:29.608  7043 19119 I SuperDelight: SuperDelightManager$2.onSuccess():521 delight_overrides sync success, adding to data file manager
09-14 09:34:29.608  7043  7098 I DownloadManager: DownloadManager.completeDownload():432 Previous download for __KLP_manifest_delight__en-840 is cancelled
09-14 09:34:29.608  7043 19119 I SuperDelight: SuperDelightManager.syncBundledLanguageModels():721 SuperDelightManager#syncBundledLanguageModels(): Syncing for version 2026031600
09-14 09:34:29.608  7043  7098 I DownloadManager: DownloadManager.completeDownload():434 Download for __KLP_manifest_delight__en-840 scheduled with params oim[allowMetered=true, requireCharging=false, foreground=false, immediately=true, priority=0]
09-14 09:34:29.608  7043  7098 I DownloadManager: DownloadManager.startDownload():518 start download of __KLP_manifest_delight__en-840
09-14 09:34:29.608  7043  7071 I SP      : Syncing emoticon_content_description (2022081613) with slices: [7a635888cb828dfa2fc744b7b9b50f04, 1c661f5c7fb2b8a396a302d79ea74d30], metadata: false
09-14 09:34:29.608  7043  7098 I DownloadManager: DownloadManager.completeDownload():434 Download for __PEKB_manifest_pek_blocklist__en scheduled with params oim[allowMetered=true, requireCharging=false, foreground=false, immediately=true, priority=0]
09-14 09:34:29.608  7043  7098 I DownloadManager: DownloadManager.startDownload():518 start download of __PEKB_manifest_pek_blocklist__en
09-14 09:34:29.609  7043  7098 I DownloadManager: DownloadManager$4.onFailure():599 download for __KLP_manifest_delight__de-DE is cancelled
09-14 09:34:29.609  7043  7098 I DownloadManager: DownloadManager.completeDownload():432 Previous download for __KLP_manifest_delight__de-DE is cancelled
09-14 09:34:29.609  7043  7098 I DownloadManager: DownloadManager.completeDownload():434 Download for __KLP_manifest_delight__de-DE scheduled with params oim[allowMetered=true, requireCharging=false, foreground=false, immediately=true, priority=0]
09-14 09:34:29.609  7043  7098 I DownloadManager: DownloadManager.startDownload():518 start download of __KLP_manifest_delight__de-DE
09-14 09:34:29.609  7043  7098 I DownloadManager: DownloadManager$4.onSuccess():587 download for __KLP_manifest_delight__en-840 is finished with files # rtx@e4135e83
09-14 09:34:29.609  7043  7098 I DownloadManager: DownloadManager$4.onSuccess():587 download for __PEKB_manifest_pek_blocklist__en is finished with files # rtx@1080a069
09-14 09:34:29.609  7043  7098 I DownloadManager: DownloadManager$4.onSuccess():587 download for __KLP_manifest_delight__de-DE is finished with files # rtx@6d0189ff
09-14 09:34:29.609  7043 19030 I HandwritingOnlineSuperpacks: HandwritingOnlineSuperpacks.syncInternal():168 syncPackMapping()
09-14 09:34:29.610  7043 19030 I ManifestedDataDownloader: ManifestedDataDownloader.checkVersionAndDownload():98 filegroup __KLP_delight__en-840 with version 2026051809 is already downloaded
09-14 09:34:29.611  7043 19030 I ManifestedDataDownloader: ManifestedDataDownloader.checkVersionAndDownload():98 filegroup __KLP_delight__en-840 with version 2026051809 is already downloaded
09-14 09:34:29.611  7043 19030 I ManifestedDataDownloader: ManifestedDataDownloader.checkVersionAndDownload():98 filegroup __PEKB_pek_blocklist__en with version 2025120304 is already downloaded
09-14 09:34:29.611  7043 19030 I DelightKLPDownloader: DelightKLPDownloader$2.onSuccess():233 klp en_840 downloaded with version 2026051809
09-14 09:34:29.611  7043 19030 I DelightKLPDownloader: DelightKLPDownloader$2.onSuccess():233 klp en_840 downloaded with version 2026051809
09-14 09:34:29.611  7043 19030 I PerLanguageDataDownloader: PerLanguageDataDownloader$2.onSuccess():188 Data en downloaded with version 2025120304
09-14 09:34:29.611   516   516 W skia    : AGTM parsing failed flags.readFromStream(s) at 159
09-14 09:34:29.611   516   516 W skia    : AGTM parsing failed flags.readFromStream(s) at 159
09-14 09:34:29.611   516   516 W skia    : AGTM parsing failed flags.readFromStream(s) at 159
09-14 09:34:29.611   516   516 W skia    : AGTM parsing failed flags.readFromStream(s) at 159
09-14 09:34:29.611   516   516 W skia    : AGTM parsing failed flags.readFromStream(s) at 159
09-14 09:34:29.611   516   516 W skia    : AGTM parsing failed flags.readFromStream(s) at 159
09-14 09:34:29.611   516   516 W skia    : AGTM parsing failed flags.readFromStream(s) at 159
09-14 09:34:29.611   516   516 W skia    : AGTM parsing failed flags.readFromStream(s) at 159
09-14 09:34:29.613  1401  1401 D SsBaseTemplateCard: Passed-in item info is null
09-14 09:34:29.613  1401  1401 D SsBaseTemplateCard: Passed-in item info is null
09-14 09:34:29.613  1401  1401 D SsBaseTemplateCard: Passed-in item info is null
09-14 09:34:29.613  1401  1401 D SsBaseTemplateCard: Passed-in item info is null
09-14 09:34:29.613  1401  1401 I SsBaseTemplateCard: Secondary card pane is null
09-14 09:34:29.616  7043  7098 I DownloadManager: DownloadManager.completeDownload():434 Download for __KLP_delight__de-DE scheduled with params oim[allowMetered=true, requireCharging=false, foreground=true, immediately=false, priority=500]
09-14 09:34:29.616  7043  7098 I DownloadManager: DownloadManager.completeDownload():434 Download for __KLP_delight__de-DE scheduled with params oim[allowMetered=true, requireCharging=false, foreground=true, immediately=false, priority=500]
09-14 09:34:29.622   661  1951 D ConnectivityService: requestNetwork for uid/pid:10165/7043 activeRequest: null callbackRequest: 2859 [NetworkRequest [ REQUEST id=2860, [ Capabilities: INTERNET&NOT_RESTRICTED&TRUSTED&NOT_VCN_MANAGED&NOT_BANDWIDTH_CONSTRAINED Uid: 10165 RequestorUid: 10165 RequestorPkg: com.google.android.inputmethod.latin UnderlyingNetworks: Null] ]] callback flags: 0 order: 2147483647 isUidTracked: false declaredMethods: AVAIL|LOST|NC|BLK
09-14 09:34:29.624  7043  7071 I SuperDelight: SuperDelightBundledSlicingStrategy.getSlices():41 BundledSlicing#getSlices() : Locale = [en_US, de]
09-14 09:34:29.624  7043  7071 I SuperDelight: SuperDelightBundledSlicingStrategy.getSlices():67 BundledSlicing#getSlices(): result {slices=[bundled_delight:main_en_us_2025121900_2], last batch=true, sync metadata=false}
09-14 09:34:29.624  7043  7071 I SP      : Syncing bundled_delight (2026031600) with slices: [main_en_us_2025121900_2], metadata: false
09-14 09:34:29.624   661   686 W libbinder.IPCThreadState: Sending oneway calls to frozen process.
09-14 09:34:29.626   661  1014 D WifiNetworkFactory: got request NetworkRequest [ REQUEST id=2860, [ Capabilities: INTERNET&NOT_RESTRICTED&TRUSTED&NOT_VCN_MANAGED&NOT_BANDWIDTH_CONSTRAINED Uid: 10165 RequestorUid: 10165 RequestorPkg: com.google.android.inputmethod.latin UnderlyingNetworks: Null] ]
09-14 09:34:29.626   661  1014 D UntrustedWifiNetworkFactory: got request NetworkRequest [ REQUEST id=2860, [ Capabilities: INTERNET&NOT_RESTRICTED&TRUSTED&NOT_VCN_MANAGED&NOT_BANDWIDTH_CONSTRAINED Uid: 10165 RequestorUid: 10165 RequestorPkg: com.google.android.inputmethod.latin UnderlyingNetworks: Null] ]
09-14 09:34:29.626   661  1020 D ConnectivityService: NetReassign [2860 : null → 101] [c 0] [a 1] [i 0]
09-14 09:34:29.626   661  1014 D OemPaidWifiNetworkFactory: got request NetworkRequest [ REQUEST id=2860, [ Capabilities: INTERNET&NOT_RESTRICTED&TRUSTED&NOT_VCN_MANAGED&NOT_BANDWIDTH_CONSTRAINED Uid: 10165 RequestorUid: 10165 RequestorPkg: com.google.android.inputmethod.latin UnderlyingNetworks: Null] ]
09-14 09:34:29.626   661  1014 D MultiInternetWifiNetworkFactory: got request NetworkRequest [ REQUEST id=2860, [ Capabilities: INTERNET&NOT_RESTRICTED&TRUSTED&NOT_VCN_MANAGED&NOT_BANDWIDTH_CONSTRAINED Uid: 10165 RequestorUid: 10165 RequestorPkg: com.google.android.inputmethod.latin UnderlyingNetworks: Null] ]
09-14 09:34:29.626  1110  1200 V ShellDesktopMode: DesktopDisplayModeController: canDesktopFirstModeBeEnabledOnDefaultDisplay: isDefaultDisplayDesktopEligible=false
09-14 09:34:29.626   661  1951 E TransitionChain: Can't collect into a chain with no transition
09-14 09:34:29.626  1110  1200 V ShellDesktopMode: DesktopDisplayModeController: canDesktopFirstModeBeEnabledOnDefaultDisplay: isDefaultDisplayDesktopEligible=false
09-14 09:34:29.626   661  2239 E TransitionChain: Can't collect into a chain with no transition
09-14 09:34:29.627  1110  1200 V ShellDesktopMode: DesktopDisplayModeController: canDesktopFirstModeBeEnabledOnDefaultDisplay: isDefaultDisplayDesktopEligible=false
09-14 09:34:29.627   661  2239 E TransitionChain: Can't collect into a chain with no transition
09-14 09:34:29.627  1110  1200 V ShellDesktopMode: DesktopDisplayModeController: canDesktopFirstModeBeEnabledOnDefaultDisplay: isDefaultDisplayDesktopEligible=false
09-14 09:34:29.627   661  1951 E TransitionChain: Can't collect into a chain with no transition
09-14 09:34:29.627  1110  1200 V ShellDesktopMode: DesktopDisplayModeController: canDesktopFirstModeBeEnabledOnDefaultDisplay: isDefaultDisplayDesktopEligible=false
09-14 09:34:29.627   661  2239 E TransitionChain: Can't collect into a chain with no transition
09-14 09:34:29.627  1110  1200 V ShellDesktopMode: DesktopDisplayModeController: canDesktopFirstModeBeEnabledOnDefaultDisplay: isDefaultDisplayDesktopEligible=false
09-14 09:34:29.627   661  2239 E TransitionChain: Can't collect into a chain with no transition
09-14 09:34:29.627  1110  1200 V ShellDesktopMode: DesktopDisplayModeController: canDesktopFirstModeBeEnabledOnDefaultDisplay: isDefaultDisplayDesktopEligible=false
09-14 09:34:29.627   661  2239 E TransitionChain: Can't collect into a chain with no transition
09-14 09:34:29.627  1110  1200 V ShellDesktopMode: DesktopDisplayModeController: canDesktopFirstModeBeEnabledOnDefaultDisplay: isDefaultDisplayDesktopEligible=false
09-14 09:34:29.627   661  2239 E TransitionChain: Can't collect into a chain with no transition
09-14 09:34:29.627  1110  1200 V ShellDesktopMode: DesktopDisplayModeController: canDesktopFirstModeBeEnabledOnDefaultDisplay: isDefaultDisplayDesktopEligible=false
09-14 09:34:29.627   661  2239 E TransitionChain: Can't collect into a chain with no transition
09-14 09:34:29.627   661  2238 W JobScheduler: Job didn't exist in JobStore: e64b174 {androidx.work.systemjobscheduler} #u0a165/331 #foreground_download_work#@androidx.work.systemjobscheduler@com.google.android.inputmethod.latin/androidx.work.impl.background.systemjob.SystemJobService
09-14 09:34:29.627  1110  1200 V ShellDesktopMode: DesktopDisplayModeController: canDesktopFirstModeBeEnabledOnDefaultDisplay: isDefaultDisplayDesktopEligible=false
09-14 09:34:29.627  7043  7043 I DownloadManager: DownloadManager.startDownload():518 start download of __KLP_delight__de-DE
09-14 09:34:29.627   661  1951 E TransitionChain: Can't collect into a chain with no transition
09-14 09:34:29.628  1110  1200 V ShellDesktopMode: DesktopDisplayModeController: canDesktopFirstModeBeEnabledOnDefaultDisplay: isDefaultDisplayDesktopEligible=false
09-14 09:34:29.628   661  1951 E TransitionChain: Can't collect into a chain with no transition
09-14 09:34:29.628  1110  1200 V ShellDesktopMode: DesktopDisplayModeController: canDesktopFirstModeBeEnabledOnDefaultDisplay: isDefaultDisplayDesktopEligible=false
09-14 09:34:29.628   661  1951 E TransitionChain: Can't collect into a chain with no transition
09-14 09:34:29.628   516   516 W skia    : AGTM parsing failed flags.readFromStream(s) at 159
09-14 09:34:29.628  1110  1200 V ShellDesktopMode: DesktopDisplayModeController: canDesktopFirstModeBeEnabledOnDefaultDisplay: isDefaultDisplayDesktopEligible=false
09-14 09:34:29.628   516   516 W skia    : AGTM parsing failed flags.readFromStream(s) at 159
09-14 09:34:29.628   516   516 W skia    : AGTM parsing failed flags.readFromStream(s) at 159
09-14 09:34:29.628   516   516 W skia    : AGTM parsing failed flags.readFromStream(s) at 159
09-14 09:34:29.628   516   516 W skia    : AGTM parsing failed flags.readFromStream(s) at 159
09-14 09:34:29.628   516   516 W skia    : AGTM parsing failed flags.readFromStream(s) at 159
09-14 09:34:29.628   516   516 W skia    : AGTM parsing failed flags.readFromStream(s) at 159
09-14 09:34:29.628   516   516 W skia    : AGTM parsing failed flags.readFromStream(s) at 159
09-14 09:34:29.628  7043  7043 I DownloadManager: DownloadManager$4.onFailure():599 download for __KLP_delight__de-DE is cancelled
09-14 09:34:29.628  7043  7043 I ForegroundDownloadTaskWorker: ForegroundDownloadTaskWorker$1.onSuccess():71 onSuccess
09-14 09:34:29.628  1401  1401 D SsBaseTemplateCard: Passed-in item info is null
09-14 09:34:29.628  1401  1401 D SsBaseTemplateCard: Passed-in item info is null
09-14 09:34:29.628  1401  1401 D SsBaseTemplateCard: Passed-in item info is null
09-14 09:34:29.628  1401  1401 D SsBaseTemplateCard: Passed-in item info is null
09-14 09:34:29.628  1401  1401 I SsBaseTemplateCard: Secondary card pane is null
09-14 09:34:29.628   661  1951 E TransitionChain: Can't collect into a chain with no transition
09-14 09:34:29.628  7043  7043 I ForegroundDownloadTaskWorker: ForegroundDownloadTaskWorker.onStopped():90 has pending foreground download, rescheduled
09-14 09:34:29.628  1110  1200 V ShellDesktopMode: DesktopDisplayModeController: canDesktopFirstModeBeEnabledOnDefaultDisplay: isDefaultDisplayDesktopEligible=false
09-14 09:34:29.628   661  1951 E TransitionChain: Can't collect into a chain with no transition
09-14 09:34:29.628  7043  7043 I PkDeviceHelper: PkDeviceHelper.refreshDevices():87 refreshing devices
09-14 09:34:29.628  7043  7043 I PkDeviceHelper: PkDeviceHelper.addDevice():125 device qwerty2 added
09-14 09:34:29.628  7043  7043 I PkDeviceHelper: PkDeviceHelper.addDevice():125 device AT Translated Set 2 keyboard added
09-14 09:34:29.628  7043  7043 I PkDeviceHelper: PkDeviceHelper.refreshDevices():87 refreshing devices
09-14 09:34:29.628  7043  7043 I PkDeviceHelper: PkDeviceHelper.addDevice():125 device qwerty2 added
09-14 09:34:29.628  7043  7043 I PkDeviceHelper: PkDeviceHelper.addDevice():125 device AT Translated Set 2 keyboard added
09-14 09:34:29.628  7043  7043 I PkDeviceHelper: PkDeviceHelper.refreshDevices():87 refreshing devices
09-14 09:34:29.628  7043  7043 I PkDeviceHelper: PkDeviceHelper.addDevice():125 device qwerty2 added
09-14 09:34:29.628  7043  7043 I PkDeviceHelper: PkDeviceHelper.addDevice():125 device AT Translated Set 2 keyboard added
09-14 09:34:29.628  7043  7043 I PkDeviceHelper: PkDeviceHelper.refreshDevices():87 refreshing devices
09-14 09:34:29.628  7043  7043 I PkDeviceHelper: PkDeviceHelper.addDevice():125 device qwerty2 added
09-14 09:34:29.628  7043  7043 I PkDeviceHelper: PkDeviceHelper.addDevice():125 device AT Translated Set 2 keyboard added
09-14 09:34:29.630  7043 19030 I WM-WorkerWrapper: Work [ id=da659c3c-2ed9-43f0-b2e4-ab015ca6d992, tags={ com.google.android.libraries.inputmethod.mdd.ForegroundDownloadTaskWorker,foreground_download_work } ] was cancelled
09-14 09:34:29.630  7043 19030 I WM-WorkerWrapper: crz
09-14 09:34:29.630  7043 19030 I WM-WorkerWrapper: 	at cqv.g(PG:5)
09-14 09:34:29.630  7043 19030 I WM-WorkerWrapper: 	at cwa.run(PG:80)
09-14 09:34:29.630  7043 19030 I WM-WorkerWrapper: 	at cvy.run(PG:98)
09-14 09:34:29.630  7043 19030 I WM-WorkerWrapper: 	at mak.run(PG:49)
09-14 09:34:29.630  7043 19030 I WM-WorkerWrapper: 	at java.util.concurrent.ThreadPoolExecutor.runWorker(ThreadPoolExecutor.java:1100)
09-14 09:34:29.630  7043 19030 I WM-WorkerWrapper: 	at java.util.concurrent.ThreadPoolExecutor$Worker.run(ThreadPoolExecutor.java:624)
09-14 09:34:29.630  7043 19030 I WM-WorkerWrapper: 	at java.lang.Thread.run(Thread.java:1571)
09-14 09:34:29.630  7043 19030 I WM-WorkerWrapper: 	at lzz.run(PG:8)
09-14 09:34:29.632  1401  1401 D BaseActivity: Launcher flags updated: [] -[state_started]
09-14 09:34:29.632  1401  1401 D BaseDepthController: setSurface:
09-14 09:34:29.632  1401  1401 D BaseDepthController: 	mWaitingOnSurfaceValidity: false
09-14 09:34:29.632  1401  1401 D BaseDepthController: 	mBaseSurface: null
09-14 09:34:29.632  1401  1401 D BaseDepthController: mSurface is null and mCurrentBlur is: 79
09-14 09:34:29.632  1401  1401 D KeyboardStateManager: hideKeyboard
09-14 09:34:29.632  1401  1401 D KeyboardStateManager: isImeShown: false
09-14 09:34:29.632  1401  1401 D StatsLog: LAUNCHER_ONSTOP
09-14 09:34:29.632  1401  3374 D GmsPlayProvider: Initiating graceful shutdown of binder channel.
09-14 09:34:29.632  1401  3374 D GmsPlayProvider: Binder channel was terminated gracefully.
09-14 09:34:29.632  1401  1401 D StatsLog: LAUNCHER_GOOGLE_SEARCH_RESTORE_LIST_SIZE_AFTER_ACTIVITY_RESTART
09-14 09:34:29.634  7043  7055 I putmethod.latin: Waiting for a blocking GC ProfileSaver
09-14 09:34:29.641  7043  7071 I HandwritingSlicingStrategy: HandwritingSlicingStrategy.getSlices():44 getSlices(): handwriting_recognition.94 useForeground=true
09-14 09:34:29.641  7043  7071 I HandwritingSlicingStrategy: HandwritingSlicingStrategy.getSlices():103 getSlices(): result {slices=[{handwriting_recognition:pack_mapping_v1_lstm_20260206, m:*:*:*}, {handwriting_recognition:qrnn_de-DE_reco_20251103_fst_20251103_recospec_zip, m:*:*:*}, {handwriting_recognition:transformer_latin_seg_tflite_20251103_zip, m:*:*:*}, {handwriting_recognition:transformer_latin_tflite_20251103_zip, m:*:*:*}, {handwriting_recognition:transformer_latin_conf_tflite_20251103_zip, m:*:*:*}, {handwriting_recognition:de_de_20251103_compact_fst_zip, m:*:*:*}, {handwriting_recognition:en_us_20251103_compact_fst_zip, m:*:*:*}, {handwriting_recognition:qrnn_en-US_reco_20251103_fst_20251103_recospec_zip, m:*:*:*}, {handwriting_recognition:scribe_latin_20250829tfreco_tflite_zip, m:*:*:*}, {handwriting_recognition:scribe_latin_20250829tfreco_recospec_zip, m:*:*:*}], last batch=true, sync metadata=false}
09-14 09:34:29.641  7043  7071 I SP      : Syncing handwriting_recognition (94) with slices: [{pack_mapping_v1_lstm_20260206, m:*:*:*}, {qrnn_de-DE_reco_20251103_fst_20251103_recospec_zip, m:*:*:*}, {transformer_latin_seg_tflite_20251103_zip, m:*:*:*}, {transformer_latin_tflite_20251103_zip, m:*:*:*}, {transformer_latin_conf_tflite_20251103_zip, m:*:*:*}, {de_de_20251103_compact_fst_zip, m:*:*:*}, {en_us_20251103_compact_fst_zip, m:*:*:*}, {qrnn_en-US_reco_20251103_fst_20251103_recospec_zip, m:*:*:*}, {scribe_latin_20250829tfreco_tflite_zip, m:*:*:*}, {scribe_latin_20250829tfreco_recospec_zip, m:*:*:*}], metadata: false
09-14 09:34:29.641  7043  7043 I PkDeviceHelper: PkDeviceHelper.refreshDevices():87 refreshing devices
09-14 09:34:29.641  7043  7043 I PkDeviceHelper: PkDeviceHelper.addDevice():125 device qwerty2 added
09-14 09:34:29.641  7043  7043 I PkDeviceHelper: PkDeviceHelper.addDevice():125 device AT Translated Set 2 keyboard added
09-14 09:34:29.641  7043  7043 I PkDeviceHelper: PkDeviceHelper.refreshDevices():87 refreshing devices
09-14 09:34:29.641  7043  7043 I PkDeviceHelper: PkDeviceHelper.addDevice():125 device qwerty2 added
09-14 09:34:29.641  7043  7043 I PkDeviceHelper: PkDeviceHelper.addDevice():125 device AT Translated Set 2 keyboard added
09-14 09:34:29.641  7043  7043 I PkDeviceHelper: PkDeviceHelper.refreshDevices():87 refreshing devices
09-14 09:34:29.641  7043  7043 I PkDeviceHelper: PkDeviceHelper.addDevice():125 device qwerty2 added
09-14 09:34:29.641  7043  7043 I PkDeviceHelper: PkDeviceHelper.addDevice():125 device AT Translated Set 2 keyboard added
09-14 09:34:29.641  7043  7043 I PkDeviceHelper: PkDeviceHelper.refreshDevices():87 refreshing devices
09-14 09:34:29.641  7043  7043 I PkDeviceHelper: PkDeviceHelper.addDevice():125 device qwerty2 added
09-14 09:34:29.641  7043  7043 I PkDeviceHelper: PkDeviceHelper.addDevice():125 device AT Translated Set 2 keyboard added
09-14 09:34:29.641  7043  7043 I PkDeviceHelper: PkDeviceHelper.refreshDevices():87 refreshing devices
09-14 09:34:29.641  7043  7043 I PkDeviceHelper: PkDeviceHelper.addDevice():125 device qwerty2 added
09-14 09:34:29.641  7043  7043 I PkDeviceHelper: PkDeviceHelper.addDevice():125 device AT Translated Set 2 keyboard added
09-14 09:34:29.641  7043  7043 I PkDeviceHelper: PkDeviceHelper.refreshDevices():87 refreshing devices
09-14 09:34:29.641  7043  7043 I PkDeviceHelper: PkDeviceHelper.addDevice():125 device qwerty2 added
09-14 09:34:29.641  7043  7043 I PkDeviceHelper: PkDeviceHelper.addDevice():125 device AT Translated Set 2 keyboard added
09-14 09:34:29.641  7043  7043 I PkDeviceHelper: PkDeviceHelper.refreshDevices():87 refreshing devices
09-14 09:34:29.641  7043  7043 I PkDeviceHelper: PkDeviceHelper.addDevice():125 device qwerty2 added
09-14 09:34:29.641  7043  7043 I PkDeviceHelper: PkDeviceHelper.addDevice():125 device AT Translated Set 2 keyboard added
09-14 09:34:29.641  7043  7043 I PkDeviceHelper: PkDeviceHelper.refreshDevices():87 refreshing devices
09-14 09:34:29.641  7043  7043 I PkDeviceHelper: PkDeviceHelper.addDevice():125 device qwerty2 added
09-14 09:34:29.641  7043  7043 I PkDeviceHelper: PkDeviceHelper.addDevice():125 device AT Translated Set 2 keyboard added
09-14 09:34:29.641  7043  7043 I PkDeviceHelper: PkDeviceHelper.refreshDevices():87 refreshing devices
09-14 09:34:29.641  7043  7043 I PkDeviceHelper: PkDeviceHelper.addDevice():125 device qwerty2 added
09-14 09:34:29.641  7043  7043 I PkDeviceHelper: PkDeviceHelper.addDevice():125 device AT Translated Set 2 keyboard added
09-14 09:34:29.642  7043  7043 I PkDeviceHelper: PkDeviceHelper.refreshDevices():87 refreshing devices
09-14 09:34:29.642  7043  7043 I PkDeviceHelper: PkDeviceHelper.addDevice():125 device qwerty2 added
09-14 09:34:29.642  7043  7043 I PkDeviceHelper: PkDeviceHelper.addDevice():125 device AT Translated Set 2 keyboard added
09-14 09:34:29.642  7043  7055 I putmethod.latin: WaitForGcToComplete blocked ProfileSaver on Background for 8.667ms
09-14 09:34:29.643  7043  7050 W SP      : File ref is being finalized but wasn't closed, file: transformer_latin_tflite_20251103_zip[3089]
09-14 09:34:29.643  7043  7050 W SP      : File ref is being finalized but wasn't closed, file: transformer_latin_seg_tflite_20251103_zip[3089]
09-14 09:34:29.643  7043  7050 W SP      : File ref is being finalized but wasn't closed, file: transformer_latin_conf_tflite_20251103_zip[3089]
09-14 09:34:29.643  7043  7050 W SP      : File ref is being finalized but wasn't closed, file: scribe_latin_20250829tfreco_tflite_zip[3089]
09-14 09:34:29.643  7043  7050 W SP      : File ref is being finalized but wasn't closed, file: scribe_latin_20250829tfreco_recospec_zip[3089]
09-14 09:34:29.643  7043  7050 W SP      : File ref is being finalized but wasn't closed, file: transformer_latin_conf_tflite_20251103_zip[3089]
09-14 09:34:29.643  7043  7050 W SP      : File ref is being finalized but wasn't closed, file: transformer_latin_tflite_20251103_zip[3089]
09-14 09:34:29.643  7043  7050 W SP      : File ref is being finalized but wasn't closed, file: scribe_latin_20250829tfreco_recospec_zip[3089]
09-14 09:34:29.643  7043  7050 W SP      : File ref is being finalized but wasn't closed, file: qrnn_en-US_reco_20251103_fst_20251103_recospec_zip[2819]
09-14 09:34:29.643  7043  7050 W SP      : File ref is being finalized but wasn't closed, file: transformer_latin_seg_tflite_20251103_zip[3089]
09-14 09:34:29.643  7043  7050 W SP      : File ref is being finalized but wasn't closed, file: pack_mapping_v1_lstm_20260206[2304]
09-14 09:34:29.643  7043  7050 W SP      : File ref is being finalized but wasn't closed, file: en_us_20251103_compact_fst_zip[2819]
09-14 09:34:29.643  7043  7050 W SP      : File ref is being finalized but wasn't closed, file: scribe_latin_20250829tfreco_tflite_zip[3089]
09-14 09:34:29.643  7043  7050 W SP      : File ref is being finalized but wasn't closed, file: transformer_latin_conf_tflite_20251103_zip[3089]
09-14 09:34:29.643  7043  7050 W SP      : File ref is being finalized but wasn't closed, file: transformer_latin_tflite_20251103_zip[3089]
09-14 09:34:29.643  7043  7050 W SP      : File ref is being finalized but wasn't closed, file: scribe_latin_20250829tfreco_recospec_zip[3089]
09-14 09:34:29.643  7043  7050 W SP      : File ref is being finalized but wasn't closed, file: qrnn_en-US_reco_20251103_fst_20251103_recospec_zip[2819]
09-14 09:34:29.643  7043  7050 W SP      : File ref is being finalized but wasn't closed, file: transformer_latin_seg_tflite_20251103_zip[3089]
09-14 09:34:29.643  7043  7050 W SP      : File ref is being finalized but wasn't closed, file: pack_mapping_v1_lstm_20260206[2304]
09-14 09:34:29.643  7043  7050 W SP      : File ref is being finalized but wasn't closed, file: en_us_20251103_compact_fst_zip[2819]
09-14 09:34:29.643  7043  7050 W SP      : File ref is being finalized but wasn't closed, file: scribe_latin_20250829tfreco_tflite_zip[3089]
09-14 09:34:29.643  7043  7050 W SP      : File ref is being finalized but wasn't closed, file: en_us_20251103_compact_fst_zip[2819]
09-14 09:34:29.643  7043  7050 W SP      : File ref is being finalized but wasn't closed, file: transformer_latin_tflite_20251103_zip[3089]
09-14 09:34:29.643  7043  7050 W SP      : File ref is being finalized but wasn't closed, file: transformer_latin_seg_tflite_20251103_zip[3089]
09-14 09:34:29.643  7043  7050 W SP      : File ref is being finalized but wasn't closed, file: transformer_latin_conf_tflite_20251103_zip[3089]
09-14 09:34:29.643  7043  7050 W SP      : File ref is being finalized but wasn't closed, file: qrnn_en-US_reco_20251103_fst_20251103_recospec_zip[2819]
09-14 09:34:29.643  7043  7050 W SP      : File ref is being finalized but wasn't closed, file: scribe_latin_20250829tfreco_tflite_zip[3089]
09-14 09:34:29.643  7043  7050 W SP      : File ref is being finalized but wasn't closed, file: scribe_latin_20250829tfreco_recospec_zip[3089]
09-14 09:34:29.643  7043  7050 W SP      : File ref is being finalized but wasn't closed, file: transformer_latin_conf_tflite_20251103_zip[3089]
09-14 09:34:29.643  7043  7050 W SP      : File ref is being finalized but wasn't closed, file: transformer_latin_tflite_20251103_zip[3089]
09-14 09:34:29.643  7043  7050 W SP      : File ref is being finalized but wasn't closed, file: scribe_latin_20250829tfreco_recospec_zip[3089]
09-14 09:34:29.643  7043  7050 W SP      : File ref is being finalized but wasn't closed, file: qrnn_en-US_reco_20251103_fst_20251103_recospec_zip[2819]
09-14 09:34:29.643  7043  7050 W SP      : File ref is being finalized but wasn't closed, file: transformer_latin_seg_tflite_20251103_zip[3089]
09-14 09:34:29.643  7043  7050 W SP      : File ref is being finalized but wasn't closed, file: pack_mapping_v1_lstm_20260206[2304]
09-14 09:34:29.643  7043  7050 W SP      : File ref is being finalized but wasn't closed, file: en_us_20251103_compact_fst_zip[2819]
09-14 09:34:29.643  7043  7050 W SP      : File ref is being finalized but wasn't closed, file: scribe_latin_20250829tfreco_tflite_zip[3089]
09-14 09:34:29.643  7043  7050 W SP      : File ref is being finalized but wasn't closed, file: transformer_latin_conf_tflite_20251103_zip[3089]
09-14 09:34:29.643  7043  7050 W SP      : File ref is being finalized but wasn't closed, file: transformer_latin_tflite_20251103_zip[3089]
09-14 09:34:29.643  7043  7050 W SP      : File ref is being finalized but wasn't closed, file: scribe_latin_20250829tfreco_recospec_zip[3089]
09-14 09:34:29.643  7043  7050 W SP      : File ref is being finalized but wasn't closed, file: qrnn_en-US_reco_20251103_fst_20251103_recospec_zip[2819]
09-14 09:34:29.643  7043  7050 W SP      : File ref is being finalized but wasn't closed, file: transformer_latin_seg_tflite_20251103_zip[3089]
09-14 09:34:29.643  7043  7050 W SP      : File ref is being finalized but wasn't closed, file: pack_mapping_v1_lstm_20260206[2304]
09-14 09:34:29.643  7043  7050 W SP      : File ref is being finalized but wasn't closed, file: en_us_20251103_compact_fst_zip[2819]
09-14 09:34:29.643  7043  7050 W SP      : File ref is being finalized but wasn't closed, file: scribe_latin_20250829tfreco_tflite_zip[3089]
09-14 09:34:29.644   516   516 W skia    : AGTM parsing failed flags.readFromStream(s) at 159
09-14 09:34:29.644   516   516 W skia    : AGTM parsing failed flags.readFromStream(s) at 159
09-14 09:34:29.644   516   516 W skia    : AGTM parsing failed flags.readFromStream(s) at 159
09-14 09:34:29.644   516   516 W skia    : AGTM parsing failed flags.readFromStream(s) at 159
09-14 09:34:29.644   516   516 W skia    : AGTM parsing failed flags.readFromStream(s) at 159
09-14 09:34:29.644   516   516 W skia    : AGTM parsing failed flags.readFromStream(s) at 159
09-14 09:34:29.644   516   516 W skia    : AGTM parsing failed flags.readFromStream(s) at 159
09-14 09:34:29.644   516   516 W skia    : AGTM parsing failed flags.readFromStream(s) at 159
09-14 09:34:29.646  1401  1441 W System  : A resource failed to call release. 
09-14 09:34:29.646  1401  1441 W System  : A resource failed to call release. 
09-14 09:34:29.646  1401  1441 W System  : A resource failed to call release. 
09-14 09:34:29.648   661  2238 W JobScheduler: Job didn't exist in JobStore: 6547bf8 {androidx.work.systemjobscheduler} #u0a165/333 #foreground_download_work#@androidx.work.systemjobscheduler@com.google.android.inputmethod.latin/androidx.work.impl.background.systemjob.SystemJobService
09-14 09:34:29.649   661  2238 D ConnectivityService: requestNetwork for uid/pid:10165/7043 activeRequest: null callbackRequest: 2861 [NetworkRequest [ REQUEST id=2862, [ Capabilities: INTERNET&NOT_RESTRICTED&TRUSTED&NOT_VCN_MANAGED&NOT_BANDWIDTH_CONSTRAINED Uid: 10165 RequestorUid: 10165 RequestorPkg: com.google.android.inputmethod.latin UnderlyingNetworks: Null] ]] callback flags: 0 order: 2147483647 isUidTracked: false declaredMethods: AVAIL|LOST|NC|BLK
09-14 09:34:29.649   661  1020 D ConnectivityService: NetReassign [2862 : null → 101] [c 0] [a 0] [i 1]
09-14 09:34:29.649  7043  7118 W ConnectivityManager.CallbackHandler: callback not found for CALLBACK_AVAILABLE message
09-14 09:34:29.650   661  1014 D WifiNetworkFactory: got request NetworkRequest [ REQUEST id=2862, [ Capabilities: INTERNET&NOT_RESTRICTED&TRUSTED&NOT_VCN_MANAGED&NOT_BANDWIDTH_CONSTRAINED Uid: 10165 RequestorUid: 10165 RequestorPkg: com.google.android.inputmethod.latin UnderlyingNetworks: Null] ]
09-14 09:34:29.650   661  1014 D UntrustedWifiNetworkFactory: got request NetworkRequest [ REQUEST id=2862, [ Capabilities: INTERNET&NOT_RESTRICTED&TRUSTED&NOT_VCN_MANAGED&NOT_BANDWIDTH_CONSTRAINED Uid: 10165 RequestorUid: 10165 RequestorPkg: com.google.android.inputmethod.latin UnderlyingNetworks: Null] ]
09-14 09:34:29.650   661  1014 D OemPaidWifiNetworkFactory: got request NetworkRequest [ REQUEST id=2862, [ Capabilities: INTERNET&NOT_RESTRICTED&TRUSTED&NOT_VCN_MANAGED&NOT_BANDWIDTH_CONSTRAINED Uid: 10165 RequestorUid: 10165 RequestorPkg: com.google.android.inputmethod.latin UnderlyingNetworks: Null] ]
09-14 09:34:29.650   661  1014 D MultiInternetWifiNetworkFactory: got request NetworkRequest [ REQUEST id=2862, [ Capabilities: INTERNET&NOT_RESTRICTED&TRUSTED&NOT_VCN_MANAGED&NOT_BANDWIDTH_CONSTRAINED Uid: 10165 RequestorUid: 10165 RequestorPkg: com.google.android.inputmethod.latin UnderlyingNetworks: Null] ]
09-14 09:34:29.651   661  2238 D ConnectivityService: requestNetwork for uid/pid:10165/7043 activeRequest: null callbackRequest: 2863 [NetworkRequest [ REQUEST id=2864, [ Capabilities: INTERNET&NOT_RESTRICTED&TRUSTED&NOT_VCN_MANAGED&NOT_BANDWIDTH_CONSTRAINED Uid: 10165 RequestorUid: 10165 RequestorPkg: com.google.android.inputmethod.latin UnderlyingNetworks: Null] ]] callback flags: 0 order: 2147483647 isUidTracked: false declaredMethods: AVAIL|LOST|NC|BLK
09-14 09:34:29.651   661  1014 D WifiNetworkFactory: got request NetworkRequest [ REQUEST id=2864, [ Capabilities: INTERNET&NOT_RESTRICTED&TRUSTED&NOT_VCN_MANAGED&NOT_BANDWIDTH_CONSTRAINED Uid: 10165 RequestorUid: 10165 RequestorPkg: com.google.android.inputmethod.latin UnderlyingNetworks: Null] ]
09-14 09:34:29.651   661  1014 D UntrustedWifiNetworkFactory: got request NetworkRequest [ REQUEST id=2864, [ Capabilities: INTERNET&NOT_RESTRICTED&TRUSTED&NOT_VCN_MANAGED&NOT_BANDWIDTH_CONSTRAINED Uid: 10165 RequestorUid: 10165 RequestorPkg: com.google.android.inputmethod.latin UnderlyingNetworks: Null] ]
09-14 09:34:29.651   661  1014 D OemPaidWifiNetworkFactory: got request NetworkRequest [ REQUEST id=2864, [ Capabilities: INTERNET&NOT_RESTRICTED&TRUSTED&NOT_VCN_MANAGED&NOT_BANDWIDTH_CONSTRAINED Uid: 10165 RequestorUid: 10165 RequestorPkg: com.google.android.inputmethod.latin UnderlyingNetworks: Null] ]
09-14 09:34:29.651   661  1014 D MultiInternetWifiNetworkFactory: got request NetworkRequest [ REQUEST id=2864, [ Capabilities: INTERNET&NOT_RESTRICTED&TRUSTED&NOT_VCN_MANAGED&NOT_BANDWIDTH_CONSTRAINED Uid: 10165 RequestorUid: 10165 RequestorPkg: com.google.android.inputmethod.latin UnderlyingNetworks: Null] ]
09-14 09:34:29.651   661  1020 D ConnectivityService: NetReassign [2864 : null → 101] [c 0] [a 0] [i 1]
09-14 09:34:29.652  7043  7043 I DownloadManager: DownloadManager.startDownload():518 start download of __KLP_delight__de-DE
09-14 09:34:29.652  7043 19030 I DataFileManager: DataFileManager.addDataWithoutNotify():188 adding data de-DE mdd
09-14 09:34:29.652  7043 19030 I DelightKLPDownloader: DelightKLPDownloader$2.onSuccess():233 klp de_DE downloaded with version 2026053109
09-14 09:34:29.652  7043 19031 I DelightKLPDownloader: DelightKLPDownloader$2.onSuccess():233 klp de_DE downloaded with version 2026053109
09-14 09:34:29.652  7043  7098 I DownloadManager: DownloadManager$4.onSuccess():587 download for __KLP_delight__de-DE is finished with files # rtx@3bdfd61f
09-14 09:34:29.652  7043  7098 I ForegroundDownloadTaskWorker: ForegroundDownloadTaskWorker$1.onSuccess():71 onSuccess
09-14 09:34:29.653  7043 19118 I WM-WorkerWrapper: Worker result SUCCESS for Work [ id=da659c3c-2ed9-43f0-b2e4-ab015ca6d992, tags={ com.google.android.libraries.inputmethod.mdd.ForegroundDownloadTaskWorker,foreground_download_work } ]
09-14 09:34:29.661   516   516 W skia    : AGTM parsing failed flags.readFromStream(s) at 159
09-14 09:34:29.661   516   516 W skia    : AGTM parsing failed flags.readFromStream(s) at 159
09-14 09:34:29.661   516   516 W skia    : AGTM parsing failed flags.readFromStream(s) at 159
09-14 09:34:29.661   516   516 W skia    : AGTM parsing failed flags.readFromStream(s) at 159
09-14 09:34:29.661   516   516 W skia    : AGTM parsing failed flags.readFromStream(s) at 159
09-14 09:34:29.661   516   516 W skia    : AGTM parsing failed flags.readFromStream(s) at 159
09-14 09:34:29.661   516   516 W skia    : AGTM parsing failed flags.readFromStream(s) at 159
09-14 09:34:29.661   516   516 W skia    : AGTM parsing failed flags.readFromStream(s) at 159
09-14 09:34:29.673  7043  7071 I SP      : Sync for emoticon_content_description succeeded in 65 ms: {added: [1c661f5c7fb2b8a396a302d79ea74d30], metadata: false
09-14 09:34:29.678   516   516 W skia    : AGTM parsing failed flags.readFromStream(s) at 159
09-14 09:34:29.678   516   516 W skia    : AGTM parsing failed flags.readFromStream(s) at 159
09-14 09:34:29.678   516   516 W skia    : AGTM parsing failed flags.readFromStream(s) at 159
09-14 09:34:29.678   516   516 W skia    : AGTM parsing failed flags.readFromStream(s) at 159
09-14 09:34:29.678   516   516 W skia    : AGTM parsing failed flags.readFromStream(s) at 159
09-14 09:34:29.678   516   516 W skia    : AGTM parsing failed flags.readFromStream(s) at 159
09-14 09:34:29.678   516   516 W skia    : AGTM parsing failed flags.readFromStream(s) at 159
09-14 09:34:29.678   516   516 W skia    : AGTM parsing failed flags.readFromStream(s) at 159
09-14 09:34:29.680  7043  7071 I SP      : GC for 'emoticon_content_description' (10) with ttl of 0 ms took 0 ms (0/0/0)
09-14 09:34:29.682  7043  7071 I SuperpacksManagerImpl: SuperpacksManagerImpl$19.onSyncSuccess():947 emoticon_content_description.sync() succeeded
09-14 09:34:29.688   516   547 W skia    : AGTM parsing failed flags.readFromStream(s) at 159
09-14 09:34:29.689   516   547 W skia    : AGTM parsing failed flags.readFromStream(s) at 159
09-14 09:34:29.694   516   516 W skia    : AGTM parsing failed flags.readFromStream(s) at 159
09-14 09:34:29.694   516   516 W skia    : AGTM parsing failed flags.readFromStream(s) at 159
09-14 09:34:29.694   516   516 W skia    : AGTM parsing failed flags.readFromStream(s) at 159
09-14 09:34:29.694   516   516 W skia    : AGTM parsing failed flags.readFromStream(s) at 159
09-14 09:34:29.694   516   516 W skia    : AGTM parsing failed flags.readFromStream(s) at 159
09-14 09:34:29.694   516   516 W skia    : AGTM parsing failed flags.readFromStream(s) at 159
09-14 09:34:29.694   516   516 W skia    : AGTM parsing failed flags.readFromStream(s) at 159
09-14 09:34:29.694   516   516 W skia    : AGTM parsing failed flags.readFromStream(s) at 159
09-14 09:34:29.701  7043  7071 I SP      : Sync for bundled_delight succeeded in 77 ms: no changes
09-14 09:34:29.701  7043  7071 I SP      : GC for 'bundled_delight' (10) with ttl of 0 ms took 0 ms (0/0/0)
09-14 09:34:29.701  7043  7071 I LmManager: LmManager$1.onSuccess():84 Bundled delight sync success
09-14 09:34:29.701  7043  7071 I SuperpacksManagerImpl: SuperpacksManagerImpl$19.onSyncSuccess():947 bundled_delight.sync() succeeded
09-14 09:34:29.701  7043  7071 I SP      : Sync for handwriting_recognition succeeded in 77 ms: {added: [de_de_20251103_compact_fst_zip, qrnn_de-DE_reco_20251103_fst_20251103_recospec_zip], metadata: false
09-14 09:34:29.711   516   516 W skia    : AGTM parsing failed flags.readFromStream(s) at 159
09-14 09:34:29.711   516   516 W skia    : AGTM parsing failed flags.readFromStream(s) at 159
09-14 09:34:29.711   516   516 W skia    : AGTM parsing failed flags.readFromStream(s) at 159
09-14 09:34:29.711   516   516 W skia    : AGTM parsing failed flags.readFromStream(s) at 159
09-14 09:34:29.711   516   516 W skia    : AGTM parsing failed flags.readFromStream(s) at 159
09-14 09:34:29.711   516   516 W skia    : AGTM parsing failed flags.readFromStream(s) at 159
09-14 09:34:29.711   516   516 W skia    : AGTM parsing failed flags.readFromStream(s) at 159
09-14 09:34:29.711   516   516 W skia    : AGTM parsing failed flags.readFromStream(s) at 159
09-14 09:34:29.721  7043 19120 I SuperDelight: SuperDelightManager$2.onSuccess():521 bundled_delight sync success, adding to data file manager
09-14 09:34:29.721  7043 19120 I DataFileManager: DataFileManager.addDataWithoutNotify():184 data en-US already exists
09-14 09:34:29.721  7043  7071 I SP      : GC for 'handwriting_recognition' (10) with ttl of 0 ms took 0 ms (0/0/0)
09-14 09:34:29.721  7043  7071 I SuperpacksManagerImpl: SuperpacksManagerImpl$19.onSyncSuccess():947 handwriting_recognition.sync() succeeded
09-14 09:34:29.721  7043 19029 I HandwritingOnlineSuperpacks: HandwritingOnlineSuperpacks.syncInternal():187 syncInternal(): syncing packs
09-14 09:34:29.721  7043 19029 I HandwritingOnlineSuperpacks: HandwritingOnlineSuperpacks$2.onSyncSuccess():225 syncInternal(): complete {old=[en_us_20251103_compact_fst_zip, pack_mapping_v1_lstm_20260206, qrnn_en-US_reco_20251103_fst_20251103_recospec_zip, scribe_latin_20250829tfreco_recospec_zip, scribe_latin_20250829tfreco_tflite_zip, transformer_latin_conf_tflite_20251103_zip, transformer_latin_seg_tflite_20251103_zip, transformer_latin_tflite_20251103_zip], new=[de_de_20251103_compact_fst_zip, en_us_20251103_compact_fst_zip, pack_mapping_v1_lstm_20260206, qrnn_de-DE_reco_20251103_fst_20251103_recospec_zip, qrnn_en-US_reco_20251103_fst_20251103_recospec_zip, scribe_latin_20250829tfreco_recospec_zip, scribe_latin_20250829tfreco_tflite_zip, transformer_latin_conf_tflite_20251103_zip, transformer_latin_seg_tflite_20251103_zip, transformer_latin_tflite_20251103_zip], metadata=false, last batch=true}
09-14 09:34:29.721  7043 19030 E HandwritingSuperpacksUtil: HandwritingSuperpacksUtil.getPackMappingPackName():42 No pack mapping pack found in []
09-14 09:34:29.721  7043 19030 I HandwritingSuperpacks: HandwritingSuperpacks.reloadCache():229 updatePackMappingsCache(): pack mapping pack unavailable [OFFLINE]
09-14 09:34:29.728   516   516 W skia    : AGTM parsing failed flags.readFromStream(s) at 159
09-14 09:34:29.728   516   516 W skia    : AGTM parsing failed flags.readFromStream(s) at 159
09-14 09:34:29.728   516   516 W skia    : AGTM parsing failed flags.readFromStream(s) at 159
09-14 09:34:29.728   516   516 W skia    : AGTM parsing failed flags.readFromStream(s) at 159
09-14 09:34:29.728   516   516 W skia    : AGTM parsing failed flags.readFromStream(s) at 159
09-14 09:34:29.728   516   516 W skia    : AGTM parsing failed flags.readFromStream(s) at 159
09-14 09:34:29.728   516   516 W skia    : AGTM parsing failed flags.readFromStream(s) at 159
09-14 09:34:29.728   516   516 W skia    : AGTM parsing failed flags.readFromStream(s) at 159
09-14 09:34:29.744   516   516 W skia    : AGTM parsing failed flags.readFromStream(s) at 159
09-14 09:34:29.744   516   516 W skia    : AGTM parsing failed flags.readFromStream(s) at 159
09-14 09:34:29.744   516   516 W skia    : AGTM parsing failed flags.readFromStream(s) at 159
09-14 09:34:29.744   516   516 W skia    : AGTM parsing failed flags.readFromStream(s) at 159
09-14 09:34:29.744   516   516 W skia    : AGTM parsing failed flags.readFromStream(s) at 159
09-14 09:34:29.744   516   516 W skia    : AGTM parsing failed flags.readFromStream(s) at 159
09-14 09:34:29.744   516   516 W skia    : AGTM parsing failed flags.readFromStream(s) at 159
09-14 09:34:29.744   516   516 W skia    : AGTM parsing failed flags.readFromStream(s) at 159
09-14 09:34:29.761   516   516 W skia    : AGTM parsing failed flags.readFromStream(s) at 159
09-14 09:34:29.761   516   516 W skia    : AGTM parsing failed flags.readFromStream(s) at 159
09-14 09:34:29.761   516   516 W skia    : AGTM parsing failed flags.readFromStream(s) at 159
09-14 09:34:29.761   516   516 W skia    : AGTM parsing failed flags.readFromStream(s) at 159
09-14 09:34:29.761   516   516 W skia    : AGTM parsing failed flags.readFromStream(s) at 159
09-14 09:34:29.761   516   516 W skia    : AGTM parsing failed flags.readFromStream(s) at 159
09-14 09:34:29.761   516   516 W skia    : AGTM parsing failed flags.readFromStream(s) at 159
09-14 09:34:29.778   516   516 W skia    : AGTM parsing failed flags.readFromStream(s) at 159
09-14 09:34:29.778   516   516 W skia    : AGTM parsing failed flags.readFromStream(s) at 159
09-14 09:34:29.778   516   516 W skia    : AGTM parsing failed flags.readFromStream(s) at 159
09-14 09:34:29.778   516   516 W skia    : AGTM parsing failed flags.readFromStream(s) at 159
09-14 09:34:29.778   516   516 W skia    : AGTM parsing failed flags.readFromStream(s) at 159
09-14 09:34:29.778   516   516 W skia    : AGTM parsing failed flags.readFromStream(s) at 159
09-14 09:34:29.778   516   516 W skia    : AGTM parsing failed flags.readFromStream(s) at 159
09-14 09:34:29.789   516   547 W skia    : AGTM parsing failed flags.readFromStream(s) at 159
09-14 09:34:29.789   516   547 W skia    : AGTM parsing failed flags.readFromStream(s) at 159
09-14 09:34:29.794   516   516 W skia    : AGTM parsing failed flags.readFromStream(s) at 159
09-14 09:34:29.794   516   516 W skia    : AGTM parsing failed flags.readFromStream(s) at 159
09-14 09:34:29.794   516   516 W skia    : AGTM parsing failed flags.readFromStream(s) at 159
09-14 09:34:29.794   516   516 W skia    : AGTM parsing failed flags.readFromStream(s) at 159
09-14 09:34:29.794   516   516 W skia    : AGTM parsing failed flags.readFromStream(s) at 159
09-14 09:34:29.794   516   516 W skia    : AGTM parsing failed flags.readFromStream(s) at 159
09-14 09:34:29.794   516   516 W skia    : AGTM parsing failed flags.readFromStream(s) at 159
09-14 09:34:29.811   516   516 W skia    : AGTM parsing failed flags.readFromStream(s) at 159
09-14 09:34:29.811   516   516 W skia    : AGTM parsing failed flags.readFromStream(s) at 159
09-14 09:34:29.811   516   516 W skia    : AGTM parsing failed flags.readFromStream(s) at 159
09-14 09:34:29.811   516   516 W skia    : AGTM parsing failed flags.readFromStream(s) at 159
09-14 09:34:29.811   516   516 W skia    : AGTM parsing failed flags.readFromStream(s) at 159
09-14 09:34:29.811   516   516 W skia    : AGTM parsing failed flags.readFromStream(s) at 159
09-14 09:34:29.811   516   516 W skia    : AGTM parsing failed flags.readFromStream(s) at 159
09-14 09:34:29.828   516   516 W skia    : AGTM parsing failed flags.readFromStream(s) at 159
09-14 09:34:29.828   516   516 W skia    : AGTM parsing failed flags.readFromStream(s) at 159
09-14 09:34:29.828   516   516 W skia    : AGTM parsing failed flags.readFromStream(s) at 159
09-14 09:34:29.828   516   516 W skia    : AGTM parsing failed flags.readFromStream(s) at 159
09-14 09:34:29.828   516   516 W skia    : AGTM parsing failed flags.readFromStream(s) at 159
09-14 09:34:29.828   516   516 W skia    : AGTM parsing failed flags.readFromStream(s) at 159
09-14 09:34:29.828   516   516 W skia    : AGTM parsing failed flags.readFromStream(s) at 159
09-14 09:34:29.844   516   516 W skia    : AGTM parsing failed flags.readFromStream(s) at 159
09-14 09:34:29.844   516   516 W skia    : AGTM parsing failed flags.readFromStream(s) at 159
09-14 09:34:29.844   516   516 W skia    : AGTM parsing failed flags.readFromStream(s) at 159
09-14 09:34:29.844   516   516 W skia    : AGTM parsing failed flags.readFromStream(s) at 159
09-14 09:34:29.844   516   516 W skia    : AGTM parsing failed flags.readFromStream(s) at 159
09-14 09:34:29.844   516   516 W skia    : AGTM parsing failed flags.readFromStream(s) at 159
09-14 09:34:29.844   516   516 W skia    : AGTM parsing failed flags.readFromStream(s) at 159
09-14 09:34:29.861   516   516 W skia    : AGTM parsing failed flags.readFromStream(s) at 159
09-14 09:34:29.861   516   516 W skia    : AGTM parsing failed flags.readFromStream(s) at 159
09-14 09:34:29.861   516   516 W skia    : AGTM parsing failed flags.readFromStream(s) at 159
09-14 09:34:29.861   516   516 W skia    : AGTM parsing failed flags.readFromStream(s) at 159
09-14 09:34:29.861   516   516 W skia    : AGTM parsing failed flags.readFromStream(s) at 159
09-14 09:34:29.861   516   516 W skia    : AGTM parsing failed flags.readFromStream(s) at 159
09-14 09:34:29.861   516   516 W skia    : AGTM parsing failed flags.readFromStream(s) at 159
09-14 09:34:29.878   516   516 W skia    : AGTM parsing failed flags.readFromStream(s) at 159
09-14 09:34:29.878   516   516 W skia    : AGTM parsing failed flags.readFromStream(s) at 159
09-14 09:34:29.878   516   516 W skia    : AGTM parsing failed flags.readFromStream(s) at 159
09-14 09:34:29.878   516   516 W skia    : AGTM parsing failed flags.readFromStream(s) at 159
09-14 09:34:29.878   516   516 W skia    : AGTM parsing failed flags.readFromStream(s) at 159
09-14 09:34:29.878   516   516 W skia    : AGTM parsing failed flags.readFromStream(s) at 159
09-14 09:34:29.878   516   516 W skia    : AGTM parsing failed flags.readFromStream(s) at 159
09-14 09:34:29.889   516   547 W skia    : AGTM parsing failed flags.readFromStream(s) at 159
09-14 09:34:29.889   516   547 W skia    : AGTM parsing failed flags.readFromStream(s) at 159
09-14 09:34:29.894   516   516 W skia    : AGTM parsing failed flags.readFromStream(s) at 159
09-14 09:34:29.894   516   516 W skia    : AGTM parsing failed flags.readFromStream(s) at 159
09-14 09:34:29.894   516   516 W skia    : AGTM parsing failed flags.readFromStream(s) at 159
09-14 09:34:29.894   516   516 W skia    : AGTM parsing failed flags.readFromStream(s) at 159
09-14 09:34:29.894   516   516 W skia    : AGTM parsing failed flags.readFromStream(s) at 159
09-14 09:34:29.894   516   516 W skia    : AGTM parsing failed flags.readFromStream(s) at 159
09-14 09:34:29.894   516   516 W skia    : AGTM parsing failed flags.readFromStream(s) at 159
09-14 09:34:29.911   516   516 W skia    : AGTM parsing failed flags.readFromStream(s) at 159
09-14 09:34:29.911   516   516 W skia    : AGTM parsing failed flags.readFromStream(s) at 159
09-14 09:34:29.911   516   516 W skia    : AGTM parsing failed flags.readFromStream(s) at 159
09-14 09:34:29.911   516   516 W skia    : AGTM parsing failed flags.readFromStream(s) at 159
09-14 09:34:29.911   516   516 W skia    : AGTM parsing failed flags.readFromStream(s) at 159
09-14 09:34:29.911   516   516 W skia    : AGTM parsing failed flags.readFromStream(s) at 159
09-14 09:34:29.911   516   516 W skia    : AGTM parsing failed flags.readFromStream(s) at 159
09-14 09:34:29.928   516   516 W skia    : AGTM parsing failed flags.readFromStream(s) at 159
09-14 09:34:29.928   516   516 W skia    : AGTM parsing failed flags.readFromStream(s) at 159
09-14 09:34:29.928   516   516 W skia    : AGTM parsing failed flags.readFromStream(s) at 159
09-14 09:34:29.928   516   516 W skia    : AGTM parsing failed flags.readFromStream(s) at 159
09-14 09:34:29.928   516   516 W skia    : AGTM parsing failed flags.readFromStream(s) at 159
09-14 09:34:29.928   516   516 W skia    : AGTM parsing failed flags.readFromStream(s) at 159
09-14 09:34:29.928   516   516 W skia    : AGTM parsing failed flags.readFromStream(s) at 159
09-14 09:34:29.928   516   516 W skia    : AGTM parsing failed flags.readFromStream(s) at 159
09-14 09:34:29.929   568  3140 W libbinder.IPCThreadState: Sending oneway calls to frozen process.
09-14 09:34:29.944   516   516 W skia    : AGTM parsing failed flags.readFromStream(s) at 159
09-14 09:34:29.944   516   516 W skia    : AGTM parsing failed flags.readFromStream(s) at 159
09-14 09:34:29.944   516   516 W skia    : AGTM parsing failed flags.readFromStream(s) at 159
09-14 09:34:29.944   516   516 W skia    : AGTM parsing failed flags.readFromStream(s) at 159
09-14 09:34:29.944   516   516 W skia    : AGTM parsing failed flags.readFromStream(s) at 159
09-14 09:34:29.945   516   516 W skia    : AGTM parsing failed flags.readFromStream(s) at 159
09-14 09:34:29.945   516   516 W skia    : AGTM parsing failed flags.readFromStream(s) at 159
09-14 09:34:29.961   516   516 W skia    : AGTM parsing failed flags.readFromStream(s) at 159
09-14 09:34:29.961   516   516 W skia    : AGTM parsing failed flags.readFromStream(s) at 159
09-14 09:34:29.961   516   516 W skia    : AGTM parsing failed flags.readFromStream(s) at 159
09-14 09:34:29.961   516   516 W skia    : AGTM parsing failed flags.readFromStream(s) at 159
09-14 09:34:29.961   516   516 W skia    : AGTM parsing failed flags.readFromStream(s) at 159
09-14 09:34:29.961   516   516 W skia    : AGTM parsing failed flags.readFromStream(s) at 159
09-14 09:34:29.961   516   516 W skia    : AGTM parsing failed flags.readFromStream(s) at 159
09-14 09:34:29.968   661   674 I system_server: Background young concurrent mark compact GC freed 15MB AllocSpace bytes, 30(960KB) LOS objects, 30% free, 41MB/58MB, paused 315us,16.226ms total 23.837ms
09-14 09:34:29.978   516   516 W skia    : AGTM parsing failed flags.readFromStream(s) at 159
09-14 09:34:29.978   516   516 W skia    : AGTM parsing failed flags.readFromStream(s) at 159
09-14 09:34:29.978   516   516 W skia    : AGTM parsing failed flags.readFromStream(s) at 159
09-14 09:34:29.978   516   516 W skia    : AGTM parsing failed flags.readFromStream(s) at 159
09-14 09:34:29.978   516   516 W skia    : AGTM parsing failed flags.readFromStream(s) at 159
09-14 09:34:29.978   516   516 W skia    : AGTM parsing failed flags.readFromStream(s) at 159
09-14 09:34:29.978   516   516 W skia    : AGTM parsing failed flags.readFromStream(s) at 159
09-14 09:34:29.989   516   547 W skia    : AGTM parsing failed flags.readFromStream(s) at 159
09-14 09:34:29.989   516   547 W skia    : AGTM parsing failed flags.readFromStream(s) at 159
09-14 09:34:29.994   516   516 W skia    : AGTM parsing failed flags.readFromStream(s) at 159
09-14 09:34:29.994   516   516 W skia    : AGTM parsing failed flags.readFromStream(s) at 159
09-14 09:34:29.994   516   516 W skia    : AGTM parsing failed flags.readFromStream(s) at 159
09-14 09:34:29.994   516   516 W skia    : AGTM parsing failed flags.readFromStream(s) at 159
09-14 09:34:29.994   516   516 W skia    : AGTM parsing failed flags.readFromStream(s) at 159
09-14 09:34:29.994   516   516 W skia    : AGTM parsing failed flags.readFromStream(s) at 159
09-14 09:34:29.994   516   516 W skia    : AGTM parsing failed flags.readFromStream(s) at 159
09-14 09:34:29.997  1110  1128 W System  : A resource failed to call release. 
09-14 09:34:29.997  1110  1128 W System  : A resource failed to call release. 
09-14 09:34:29.997  1110  1128 W System  : A resource failed to call release. 
09-14 09:34:29.997  1110  1128 W System  : A resource failed to call release. 
09-14 09:34:29.997  1110  1128 W System  : A resource failed to call release. 
09-14 09:34:29.998  1110  1128 W System  : A resource failed to call release. 
09-14 09:34:29.998  1110  1128 W System  : A resource failed to call release. 
09-14 09:34:29.998  1110  1128 W System  : A resource failed to call release. 
09-14 09:34:29.998  1110  1128 W System  : A resource failed to call release. 
09-14 09:34:29.999  1110  1128 W System  : A resource failed to call release. 
09-14 09:34:29.999  1110  1128 W System  : A resource failed to call release. 
09-14 09:34:29.999  1110  1128 W System  : A resource failed to call release. 
09-14 09:34:29.999  1110  1128 W System  : A resource failed to call release. 
09-14 09:34:29.999  1110  1128 W System  : A resource failed to call release. 
09-14 09:34:29.999  1110  1128 W System  : A resource failed to call release. 
09-14 09:34:30.011   516   516 W skia    : AGTM parsing failed flags.readFromStream(s) at 159
09-14 09:34:30.011   516   516 W skia    : AGTM parsing failed flags.readFromStream(s) at 159
09-14 09:34:30.011   516   516 W skia    : AGTM parsing failed flags.readFromStream(s) at 159
09-14 09:34:30.011   516   516 W skia    : AGTM parsing failed flags.readFromStream(s) at 159
09-14 09:34:30.011   516   516 W skia    : AGTM parsing failed flags.readFromStream(s) at 159
09-14 09:34:30.011   516   516 W skia    : AGTM parsing failed flags.readFromStream(s) at 159
09-14 09:34:30.011   516   516 W skia    : AGTM parsing failed flags.readFromStream(s) at 159
09-14 09:34:30.028   516   516 W skia    : AGTM parsing failed flags.readFromStream(s) at 159
09-14 09:34:30.028   516   516 W skia    : AGTM parsing failed flags.readFromStream(s) at 159
09-14 09:34:30.028   516   516 W skia    : AGTM parsing failed flags.readFromStream(s) at 159
09-14 09:34:30.028   516   516 W skia    : AGTM parsing failed flags.readFromStream(s) at 159
09-14 09:34:30.028   516   516 W skia    : AGTM parsing failed flags.readFromStream(s) at 159
09-14 09:34:30.028   516   516 W skia    : AGTM parsing failed flags.readFromStream(s) at 159
09-14 09:34:30.028   516   516 W skia    : AGTM parsing failed flags.readFromStream(s) at 159
09-14 09:34:30.044   516   516 W skia    : AGTM parsing failed flags.readFromStream(s) at 159
09-14 09:34:30.044   516   516 W skia    : AGTM parsing failed flags.readFromStream(s) at 159
09-14 09:34:30.044   516   516 W skia    : AGTM parsing failed flags.readFromStream(s) at 159
09-14 09:34:30.044   516   516 W skia    : AGTM parsing failed flags.readFromStream(s) at 159
09-14 09:34:30.044   516   516 W skia    : AGTM parsing failed flags.readFromStream(s) at 159
09-14 09:34:30.044   516   516 W skia    : AGTM parsing failed flags.readFromStream(s) at 159
09-14 09:34:30.061   516   516 W skia    : AGTM parsing failed flags.readFromStream(s) at 159
09-14 09:34:30.061   516   516 W skia    : AGTM parsing failed flags.readFromStream(s) at 159
09-14 09:34:30.061   516   516 W skia    : AGTM parsing failed flags.readFromStream(s) at 159
09-14 09:34:30.061   516   516 W skia    : AGTM parsing failed flags.readFromStream(s) at 159
09-14 09:34:30.061   516   516 W skia    : AGTM parsing failed flags.readFromStream(s) at 159
09-14 09:34:30.061   516   516 W skia    : AGTM parsing failed flags.readFromStream(s) at 159
09-14 09:34:30.078   516   516 W skia    : AGTM parsing failed flags.readFromStream(s) at 159
09-14 09:34:30.078   516   516 W skia    : AGTM parsing failed flags.readFromStream(s) at 159
09-14 09:34:30.078   516   516 W skia    : AGTM parsing failed flags.readFromStream(s) at 159
09-14 09:34:30.078   516   516 W skia    : AGTM parsing failed flags.readFromStream(s) at 159
09-14 09:34:30.078   516   516 W skia    : AGTM parsing failed flags.readFromStream(s) at 159
09-14 09:34:30.078   516   516 W skia    : AGTM parsing failed flags.readFromStream(s) at 159
09-14 09:34:30.089   516   547 W skia    : AGTM parsing failed flags.readFromStream(s) at 159
09-14 09:34:30.089   516   547 W skia    : AGTM parsing failed flags.readFromStream(s) at 159
09-14 09:34:30.094   516   516 W skia    : AGTM parsing failed flags.readFromStream(s) at 159
09-14 09:34:30.094   516   516 W skia    : AGTM parsing failed flags.readFromStream(s) at 159
09-14 09:34:30.094   516   516 W skia    : AGTM parsing failed flags.readFromStream(s) at 159
09-14 09:34:30.094   516   516 W skia    : AGTM parsing failed flags.readFromStream(s) at 159
09-14 09:34:30.094   516   516 W skia    : AGTM parsing failed flags.readFromStream(s) at 159
09-14 09:34:30.094   516   516 W skia    : AGTM parsing failed flags.readFromStream(s) at 159
09-14 09:34:30.111   516   516 W skia    : AGTM parsing failed flags.readFromStream(s) at 159
09-14 09:34:30.111   516   516 W skia    : AGTM parsing failed flags.readFromStream(s) at 159
09-14 09:34:30.111   516   516 W skia    : AGTM parsing failed flags.readFromStream(s) at 159
09-14 09:34:30.111   516   516 W skia    : AGTM parsing failed flags.readFromStream(s) at 159
09-14 09:34:30.111   516   516 W skia    : AGTM parsing failed flags.readFromStream(s) at 159
09-14 09:34:30.111   516   516 W skia    : AGTM parsing failed flags.readFromStream(s) at 159
09-14 09:34:30.128   516   516 W skia    : AGTM parsing failed flags.readFromStream(s) at 159
09-14 09:34:30.128   516   516 W skia    : AGTM parsing failed flags.readFromStream(s) at 159
09-14 09:34:30.128   516   516 W skia    : AGTM parsing failed flags.readFromStream(s) at 159
09-14 09:34:30.128   516   516 W skia    : AGTM parsing failed flags.readFromStream(s) at 159
09-14 09:34:30.128   516   516 W skia    : AGTM parsing failed flags.readFromStream(s) at 159
09-14 09:34:30.128   516   516 W skia    : AGTM parsing failed flags.readFromStream(s) at 159
09-14 09:34:30.144   516   516 W skia    : AGTM parsing failed flags.readFromStream(s) at 159
09-14 09:34:30.144   516   516 W skia    : AGTM parsing failed flags.readFromStream(s) at 159
09-14 09:34:30.144   516   516 W skia    : AGTM parsing failed flags.readFromStream(s) at 159
09-14 09:34:30.144   516   516 W skia    : AGTM parsing failed flags.readFromStream(s) at 159
09-14 09:34:30.144   516   516 W skia    : AGTM parsing failed flags.readFromStream(s) at 159
09-14 09:34:30.144   516   516 W skia    : AGTM parsing failed flags.readFromStream(s) at 159
09-14 09:34:30.161   516   516 W skia    : AGTM parsing failed flags.readFromStream(s) at 159
09-14 09:34:30.178   516   516 W skia    : AGTM parsing failed flags.readFromStream(s) at 159
09-14 09:34:30.189   516   547 W skia    : AGTM parsing failed flags.readFromStream(s) at 159
09-14 09:34:30.194   516   516 W skia    : AGTM parsing failed flags.readFromStream(s) at 159
09-14 09:34:30.211   516   516 W skia    : AGTM parsing failed flags.readFromStream(s) at 159
09-14 09:34:30.228   516   516 W skia    : AGTM parsing failed flags.readFromStream(s) at 159
09-14 09:34:30.244   516   516 W skia    : AGTM parsing failed flags.readFromStream(s) at 159
09-14 09:34:30.261   516   516 W skia    : AGTM parsing failed flags.readFromStream(s) at 159
09-14 09:34:30.278   516   516 W skia    : AGTM parsing failed flags.readFromStream(s) at 159
09-14 09:34:30.289   516   547 W skia    : AGTM parsing failed flags.readFromStream(s) at 159
09-14 09:34:30.701  1264  1385 E SatelliteController: isSatelliteEnabled: mIsSatelliteEnabled=null
09-14 09:34:30.701  1264  1385 D SatelliteController: isInCarrierRoamingNbIotNtn: satellite is disabled
09-14 09:34:30.701  1264  1385 D SatelliteController: getCarrierRoamingNtnConnectType: Checking connect type from PLMN config for subId: 1
09-14 09:34:30.701  1264  1385 D TelephonyConfigUpdateInstallReceiver: getConfigParser: domain=satellite
09-14 09:34:30.701  1264  1385 V SatelliteController: satelliteConfigParser is not ready
09-14 09:34:30.701  1264  1385 D SatelliteController: isSatelliteAttachSupportedViaConfigupdater: return null (satelliteConfig is null)
09-14 09:34:30.701  1264  1385 D SatelliteController: getConfigForSubId: subId= 1, config= PersistableBundle[{satellite_esos_supported_bool=false, satellite_connection_hysteresis_sec_int=180, satellite_supported_disaster_plmn_string_array=[], regional_satellite_earfcn_bundle=PersistableBundle[{}], satellite_entitlement_supported_bool=false, satellite_supported_emergency_plmn_string_array=[], satellite_configs_per_plmn_bundle=PersistableBundle[{}], satellite_sos_max_datagram_size_bytes_int=255, satellite_supported_msg_apps_string_array=[com.google.android.apps.messaging], satellite_connected_notification_throttle_millis_int=604800000, satellite_display_name_string=, satellite_roaming_p2p_sms_inactivity_timeout_sec_int=180, satellite_roaming_turn_off_session_for_emergency_call_bool=true, emergency_messaging_supported_bool=false, carrier_roaming_satellite_emergency_messaging_provider_per_country_bundle=PersistableBundle[{}], satellite_data_support_mode_int=0, carrier_roaming_ntn_connect_type_int=0, satellite_attach_supported_bool=false, carrier_roaming_satellite_emergency_messaging_redirection_destination_string=, satellite_nidd_apn_name_string=, carrier_supported_satellite_services_per_provider_bundle=PersistableBundle[{310830=[2, 3, 6]}], satellite_roaming_esos_inactivity_timeout_sec_int=300, carrier_supported_satellite_notification_hysteresis_sec_int=180, carrier_config_applied_bool=true, carrier_roaming_ntn_emergency_call_to_satellite_handover_type_int=2, carrier_roaming_satellite_default_services_int_array=[2, 3, 6], imsserviceentitlement.entitlement_server_url_string=, emergency_call_to_satellite_t911_handover_timeout_millis_int=30000, satellite_roaming_p2p_sms_supported_bool=false, carrier_config_version_string=, satellite_roaming_screen_off_inactivity_timeout_sec_int=30}]
09-14 09:34:30.701  1264  1385 D SatelliteController: isSatelliteSupportedViaCarrier: using CarrierConfig for subId=1, isAttachSupported=false
09-14 09:34:30.701  1264  1385 D SatelliteController: getSatellitePerPlmnConfiguration: invalid subId or not supported via carrier.
09-14 09:34:30.701  1264  1385 D SatelliteController: getCarrierRoamingNtnConnectType: config: null
09-14 09:34:30.701  1264  1385 D TelephonyConfigUpdateInstallReceiver: getConfigParser: domain=satellite
09-14 09:34:30.701  1264  1385 V SatelliteController: satelliteConfigParser is not ready
09-14 09:34:30.701  1264  1385 D SatelliteController: getCarrierRoamingNtnConnectTypeViaConfigUpdater: return null (satelliteConfig is null)
09-14 09:34:30.701  1264  1385 D SatelliteController: getConfigForSubId: subId= 1, config= PersistableBundle[{satellite_esos_supported_bool=false, satellite_connection_hysteresis_sec_int=180, satellite_supported_disaster_plmn_string_array=[], regional_satellite_earfcn_bundle=PersistableBundle[{}], satellite_entitlement_supported_bool=false, satellite_supported_emergency_plmn_string_array=[], satellite_configs_per_plmn_bundle=PersistableBundle[{}], satellite_sos_max_datagram_size_bytes_int=255, satellite_supported_msg_apps_string_array=[com.google.android.apps.messaging], satellite_connected_notification_throttle_millis_int=604800000, satellite_display_name_string=, satellite_roaming_p2p_sms_inactivity_timeout_sec_int=180, satellite_roaming_turn_off_session_for_emergency_call_bool=true, emergency_messaging_supported_bool=false, carrier_roaming_satellite_emergency_messaging_provider_per_country_bundle=PersistableBundle[{}], satellite_data_support_mode_int=0, carrier_roaming_ntn_connect_type_int=0, satellite_attach_supported_bool=false, carrier_roaming_satellite_emergency_messaging_redirection_destination_string=, satellite_nidd_apn_name_string=, carrier_supported_satellite_services_per_provider_bundle=PersistableBundle[{310830=[2, 3, 6]}], satellite_roaming_esos_inactivity_timeout_sec_int=300, carrier_supported_satellite_notification_hysteresis_sec_int=180, carrier_config_applied_bool=true, carrier_roaming_ntn_emergency_call_to_satellite_handover_type_int=2, carrier_roaming_satellite_default_services_int_array=[2, 3, 6], imsserviceentitlement.entitlement_server_url_string=, emergency_call_to_satellite_t911_handover_timeout_millis_int=30000, satellite_roaming_p2p_sms_supported_bool=false, carrier_config_version_string=, satellite_roaming_screen_off_inactivity_timeout_sec_int=30}]
09-14 09:34:30.701  1264  1385 D SatelliteController: getCarrierRoamingNtnConnectType: Falling back to global carrier config connect type: 0
09-14 09:34:30.701  1264  1385 D TelephonyConfigUpdateInstallReceiver: getConfigParser: domain=satellite
09-14 09:34:30.701  1264  1385 V SatelliteController: satelliteConfigParser is not ready
09-14 09:34:30.701  1264  1385 D SatelliteController: isSatelliteAttachSupportedViaConfigupdater: return null (satelliteConfig is null)
09-14 09:34:30.701  1264  1385 D SatelliteController: getConfigForSubId: subId= 1, config= PersistableBundle[{satellite_esos_supported_bool=false, satellite_connection_hysteresis_sec_int=180, satellite_supported_disaster_plmn_string_array=[], regional_satellite_earfcn_bundle=PersistableBundle[{}], satellite_entitlement_supported_bool=false, satellite_supported_emergency_plmn_string_array=[], satellite_configs_per_plmn_bundle=PersistableBundle[{}], satellite_sos_max_datagram_size_bytes_int=255, satellite_supported_msg_apps_string_array=[com.google.android.apps.messaging], satellite_connected_notification_throttle_millis_int=604800000, satellite_display_name_string=, satellite_roaming_p2p_sms_inactivity_timeout_sec_int=180, satellite_roaming_turn_off_session_for_emergency_call_bool=true, emergency_messaging_supported_bool=false, carrier_roaming_satellite_emergency_messaging_provider_per_country_bundle=PersistableBundle[{}], satellite_data_support_mode_int=0, carrier_roaming_ntn_connect_type_int=0, satellite_attach_supported_bool=false, carrier_roaming_satellite_emergency_messaging_redirection_destination_string=, satellite_nidd_apn_name_string=, carrier_supported_satellite_services_per_provider_bundle=PersistableBundle[{310830=[2, 3, 6]}], satellite_roaming_esos_inactivity_timeout_sec_int=300, carrier_supported_satellite_notification_hysteresis_sec_int=180, carrier_config_applied_bool=true, carrier_roaming_ntn_emergency_call_to_satellite_handover_type_int=2, carrier_roaming_satellite_default_services_int_array=[2, 3, 6], imsserviceentitlement.entitlement_server_url_string=, emergency_call_to_satellite_t911_handover_timeout_millis_int=30000, satellite_roaming_p2p_sms_supported_bool=false, carrier_config_version_string=, satellite_roaming_screen_off_inactivity_timeout_sec_int=30}]
09-14 09:34:30.701  1264  1385 D SatelliteController: isSatelliteSupportedViaCarrier: using CarrierConfig for subId=1, isAttachSupported=false
09-14 09:34:30.701  1264  1385 D SatelliteController: isInSatelliteModeForCarrierRoaming: subId=1, connectType=0, result=false
09-14 09:34:30.701  1264  1385 D SatelliteController: getCarrierRoamingNtnConnectType: Checking connect type from PLMN config for subId: 1
09-14 09:34:30.701  1264  1385 D TelephonyConfigUpdateInstallReceiver: getConfigParser: domain=satellite
09-14 09:34:30.701  1264  1385 V SatelliteController: satelliteConfigParser is not ready
09-14 09:34:30.701  1264  1385 D SatelliteController: isSatelliteAttachSupportedViaConfigupdater: return null (satelliteConfig is null)
09-14 09:34:30.701  1264  1385 D SatelliteController: getConfigForSubId: subId= 1, config= PersistableBundle[{satellite_esos_supported_bool=false, satellite_connection_hysteresis_sec_int=180, satellite_supported_disaster_plmn_string_array=[], regional_satellite_earfcn_bundle=PersistableBundle[{}], satellite_entitlement_supported_bool=false, satellite_supported_emergency_plmn_string_array=[], satellite_configs_per_plmn_bundle=PersistableBundle[{}], satellite_sos_max_datagram_size_bytes_int=255, satellite_supported_msg_apps_string_array=[com.google.android.apps.messaging], satellite_connected_notification_throttle_millis_int=604800000, satellite_display_name_string=, satellite_roaming_p2p_sms_inactivity_timeout_sec_int=180, satellite_roaming_turn_off_session_for_emergency_call_bool=true, emergency_messaging_supported_bool=false, carrier_roaming_satellite_emergency_messaging_provider_per_country_bundle=PersistableBundle[{}], satellite_data_support_mode_int=0, carrier_roaming_ntn_connect_type_int=0, satellite_attach_supported_bool=false, carrier_roaming_satellite_emergency_messaging_redirection_destination_string=, satellite_nidd_apn_name_string=, carrier_supported_satellite_services_per_provider_bundle=PersistableBundle[{310830=[2, 3, 6]}], satellite_roaming_esos_inactivity_timeout_sec_int=300, carrier_supported_satellite_notification_hysteresis_sec_int=180, carrier_config_applied_bool=true, carrier_roaming_ntn_emergency_call_to_satellite_handover_type_int=2, carrier_roaming_satellite_default_services_int_array=[2, 3, 6], imsserviceentitlement.entitlement_server_url_string=, emergency_call_to_satellite_t911_handover_timeout_millis_int=30000, satellite_roaming_p2p_sms_supported_bool=false, carrier_config_version_string=, satellite_roaming_screen_off_inactivity_timeout_sec_int=30}]
09-14 09:34:30.701  1264  1385 D SatelliteController: isSatelliteSupportedViaCarrier: using CarrierConfig for subId=1, isAttachSupported=false
09-14 09:34:30.701  1264  1385 D SatelliteController: getSatellitePerPlmnConfiguration: invalid subId or not supported via carrier.
09-14 09:34:30.701  1264  1385 D SatelliteController: getCarrierRoamingNtnConnectType: config: null
09-14 09:34:30.701  1264  1385 D TelephonyConfigUpdateInstallReceiver: getConfigParser: domain=satellite
09-14 09:34:30.701  1264  1385 V SatelliteController: satelliteConfigParser is not ready
09-14 09:34:30.701  1264  1385 D SatelliteController: getCarrierRoamingNtnConnectTypeViaConfigUpdater: return null (satelliteConfig is null)
09-14 09:34:30.701  1264  1385 D SatelliteController: getConfigForSubId: subId= 1, config= PersistableBundle[{satellite_esos_supported_bool=false, satellite_connection_hysteresis_sec_int=180, satellite_supported_disaster_plmn_string_array=[], regional_satellite_earfcn_bundle=PersistableBundle[{}], satellite_entitlement_supported_bool=false, satellite_supported_emergency_plmn_string_array=[], satellite_configs_per_plmn_bundle=PersistableBundle[{}], satellite_sos_max_datagram_size_bytes_int=255, satellite_supported_msg_apps_string_array=[com.google.android.apps.messaging], satellite_connected_notification_throttle_millis_int=604800000, satellite_display_name_string=, satellite_roaming_p2p_sms_inactivity_timeout_sec_int=180, satellite_roaming_turn_off_session_for_emergency_call_bool=true, emergency_messaging_supported_bool=false, carrier_roaming_satellite_emergency_messaging_provider_per_country_bundle=PersistableBundle[{}], satellite_data_support_mode_int=0, carrier_roaming_ntn_connect_type_int=0, satellite_attach_supported_bool=false, carrier_roaming_satellite_emergency_messaging_redirection_destination_string=, satellite_nidd_apn_name_string=, carrier_supported_satellite_services_per_provider_bundle=PersistableBundle[{310830=[2, 3, 6]}], satellite_roaming_esos_inactivity_timeout_sec_int=300, carrier_supported_satellite_notification_hysteresis_sec_int=180, carrier_config_applied_bool=true, carrier_roaming_ntn_emergency_call_to_satellite_handover_type_int=2, carrier_roaming_satellite_default_services_int_array=[2, 3, 6], imsserviceentitlement.entitlement_server_url_string=, emergency_call_to_satellite_t911_handover_timeout_millis_int=30000, satellite_roaming_p2p_sms_supported_bool=false, carrier_config_version_string=, satellite_roaming_screen_off_inactivity_timeout_sec_int=30}]
09-14 09:34:30.701  1264  1385 D SatelliteController: getCarrierRoamingNtnConnectType: Falling back to global carrier config connect type: 0
09-14 09:34:30.701  1264  1385 D TelephonyConfigUpdateInstallReceiver: getConfigParser: domain=satellite
09-14 09:34:30.701  1264  1385 V SatelliteController: satelliteConfigParser is not ready
09-14 09:34:30.701  1264  1385 D SatelliteController: isSatelliteAttachSupportedViaConfigupdater: return null (satelliteConfig is null)
09-14 09:34:30.701  1264  1385 D SatelliteController: getConfigForSubId: subId= 1, config= PersistableBundle[{satellite_esos_supported_bool=false, satellite_connection_hysteresis_sec_int=180, satellite_supported_disaster_plmn_string_array=[], regional_satellite_earfcn_bundle=PersistableBundle[{}], satellite_entitlement_supported_bool=false, satellite_supported_emergency_plmn_string_array=[], satellite_configs_per_plmn_bundle=PersistableBundle[{}], satellite_sos_max_datagram_size_bytes_int=255, satellite_supported_msg_apps_string_array=[com.google.android.apps.messaging], satellite_connected_notification_throttle_millis_int=604800000, satellite_display_name_string=, satellite_roaming_p2p_sms_inactivity_timeout_sec_int=180, satellite_roaming_turn_off_session_for_emergency_call_bool=true, emergency_messaging_supported_bool=false, carrier_roaming_satellite_emergency_messaging_provider_per_country_bundle=PersistableBundle[{}], satellite_data_support_mode_int=0, carrier_roaming_ntn_connect_type_int=0, satellite_attach_supported_bool=false, carrier_roaming_satellite_emergency_messaging_redirection_destination_string=, satellite_nidd_apn_name_string=, carrier_supported_satellite_services_per_provider_bundle=PersistableBundle[{310830=[2, 3, 6]}], satellite_roaming_esos_inactivity_timeout_sec_int=300, carrier_supported_satellite_notification_hysteresis_sec_int=180, carrier_config_applied_bool=true, carrier_roaming_ntn_emergency_call_to_satellite_handover_type_int=2, carrier_roaming_satellite_default_services_int_array=[2, 3, 6], imsserviceentitlement.entitlement_server_url_string=, emergency_call_to_satellite_t911_handover_timeout_millis_int=30000, satellite_roaming_p2p_sms_supported_bool=false, carrier_config_version_string=, satellite_roaming_screen_off_inactivity_timeout_sec_int=30}]
09-14 09:34:30.701  1264  1385 D SatelliteController: isSatelliteSupportedViaCarrier: using CarrierConfig for subId=1, isAttachSupported=false
09-14 09:34:30.701  1264  1385 D SatelliteController: isInSatelliteModeForCarrierRoaming: subId=1, connectType=0, result=false
09-14 09:34:30.728   516   516 W skia    : AGTM parsing failed flags.readFromStream(s) at 159
09-14 09:34:30.729   516   547 W skia    : AGTM parsing failed flags.readFromStream(s) at 159
09-14 09:34:30.744   516   516 W skia    : AGTM parsing failed flags.readFromStream(s) at 159
09-14 09:34:30.761   516   516 W skia    : AGTM parsing failed flags.readFromStream(s) at 159
09-14 09:34:30.778   516   516 W skia    : AGTM parsing failed flags.readFromStream(s) at 159
09-14 09:34:30.794   516   516 W skia    : AGTM parsing failed flags.readFromStream(s) at 159
09-14 09:34:30.811   516   516 W skia    : AGTM parsing failed flags.readFromStream(s) at 159
09-14 09:34:30.828   516   516 W skia    : AGTM parsing failed flags.readFromStream(s) at 159
09-14 09:34:30.829   516   547 W skia    : AGTM parsing failed flags.readFromStream(s) at 159
09-14 09:34:30.844   516   516 W skia    : AGTM parsing failed flags.readFromStream(s) at 159
09-14 09:34:30.861   516   516 W skia    : AGTM parsing failed flags.readFromStream(s) at 159
09-14 09:34:30.878   516   516 W skia    : AGTM parsing failed flags.readFromStream(s) at 159
09-14 09:34:30.894   516   516 W skia    : AGTM parsing failed flags.readFromStream(s) at 159
09-14 09:34:30.911   516   516 W skia    : AGTM parsing failed flags.readFromStream(s) at 159
09-14 09:34:30.928   516   516 W skia    : AGTM parsing failed flags.readFromStream(s) at 159
09-14 09:34:30.929   516   547 W skia    : AGTM parsing failed flags.readFromStream(s) at 159
09-14 09:34:30.944   516   516 W skia    : AGTM parsing failed flags.readFromStream(s) at 159
09-14 09:34:30.961   516   516 W skia    : AGTM parsing failed flags.readFromStream(s) at 159
09-14 09:34:30.978   516   516 W skia    : AGTM parsing failed flags.readFromStream(s) at 159
09-14 09:34:30.994   516   516 W skia    : AGTM parsing failed flags.readFromStream(s) at 159
09-14 09:34:31.029   516   547 W skia    : AGTM parsing failed flags.readFromStream(s) at 159
09-14 09:34:31.507   661  1014 E WifiDataStall: Ignore this poll. newStats: null txLinkSpeedMbps: 1 rxLinkSpeedMbps: 2 rssi: -50 connectionCapabilities: com.android.server.wifi.WifiNative$ConnectionCapabilities@42dc428
09-14 09:34:31.800   462  1842 D android.hardware.audio@7.1-impl.ranchu: threadLoop: entering standby, frames: 75829248
09-14 09:34:31.800   462  1842 D android.hardware.audio@7.1-impl.ranchu: ~TinyalsaSink: joining consumeThread
09-14 09:34:31.800   462 19081 D android.hardware.audio@7.1-impl.ranchu: consumeThread: exiting
09-14 09:34:31.817   661   752 I UsageStatsService: User[0] Flushing usage stats to disk
09-14 09:34:32.194   516   516 W skia    : AGTM parsing failed flags.readFromStream(s) at 159
09-14 09:34:32.195   516   547 W skia    : AGTM parsing failed flags.readFromStream(s) at 159
09-14 09:34:32.211   516   516 W skia    : AGTM parsing failed flags.readFromStream(s) at 159
09-14 09:34:32.228   516   516 W skia    : AGTM parsing failed flags.readFromStream(s) at 159
09-14 09:34:32.244   516   516 W skia    : AGTM parsing failed flags.readFromStream(s) at 159
09-14 09:34:32.247   661  1951 W AS.PlaybackActivityMon: No piid assigned for invalid/internal port id 18
09-14 09:34:32.247   661  1164 W AS.PlaybackActivityMon: No piid assigned for invalid/internal port id 18
09-14 09:34:32.248 19082 19082 D WindowOnBackDispatcher: setTopOnBackInvokedCallback (unwrapped): androidx.activity.OnBackPressedDispatcher$Api34Impl$createOnBackAnimationCallback$1@3f97ed8
09-14 09:34:32.248 19082 19106 D WindowOnBackDispatcher: setOnBackInvokedCallbackInfo: androidx.activity.OnBackPressedDispatcher$Api34Impl$createOnBackAnimationCallback$1@3f97ed8
09-14 09:34:32.248   661  1511 D CoreBackPreview: Window{baac40 u0 com.highfly.logbook/com.highfly.logbook.MainActivity}: Setting back callback OnBackInvokedCallbackInfo{mCallback=android.window.IOnBackInvokedCallback$Stub$Proxy@83cc3b1, mPriority=0, mIsAnimationCallback=true, mOverrideBehavior=0}
09-14 09:34:32.261   516   516 W skia    : AGTM parsing failed flags.readFromStream(s) at 159
09-14 09:34:32.278   516   516 W skia    : AGTM parsing failed flags.readFromStream(s) at 159
09-14 09:34:32.280 19082 19082 D AutofillManager: view not autofillable - has multiline input type
09-14 09:34:32.292   512   557 D AudioFlinger: mixer(0x7f38b824b790) throttle end: throttle time(33)
09-14 09:34:32.294   516   516 W skia    : AGTM parsing failed flags.readFromStream(s) at 159
09-14 09:34:32.295   516   547 W skia    : AGTM parsing failed flags.readFromStream(s) at 159
09-14 09:34:32.311   516   516 W skia    : AGTM parsing failed flags.readFromStream(s) at 159
09-14 09:34:32.328   516   516 W skia    : AGTM parsing failed flags.readFromStream(s) at 159
09-14 09:34:32.344   516   516 W skia    : AGTM parsing failed flags.readFromStream(s) at 159
09-14 09:34:32.361   516   516 W skia    : AGTM parsing failed flags.readFromStream(s) at 159
09-14 09:34:32.378   516   516 W skia    : AGTM parsing failed flags.readFromStream(s) at 159
09-14 09:34:32.394   516   516 W skia    : AGTM parsing failed flags.readFromStream(s) at 159
09-14 09:34:32.396   516   547 W skia    : AGTM parsing failed flags.readFromStream(s) at 159
09-14 09:34:32.406   512   549 I APM_AudioPolicyManager: getNewOutputDevices io 13 recent device override {AUDIO_DEVICE_OUT_SPEAKER, @:}
09-14 09:34:32.766   661  3649 E TaskPersister: File error accessing recents directory (directory doesn't exist?).
09-14 09:34:33.274   661  1511 W AS.PlaybackActivityMon: No piid assigned for invalid/internal port id 18
09-14 09:34:33.274   661  1951 W AS.PlaybackActivityMon: No piid assigned for invalid/internal port id 18
09-14 09:34:33.294   516   516 W skia    : AGTM parsing failed flags.readFromStream(s) at 159
09-14 09:34:33.295   516   547 W skia    : AGTM parsing failed flags.readFromStream(s) at 159
09-14 09:34:33.494   512   549 I APM_AudioPolicyManager: getNewOutputDevices io 13 recent device override {AUDIO_DEVICE_OUT_SPEAKER, @:}
09-14 09:34:33.911   516   516 W skia    : AGTM parsing failed flags.readFromStream(s) at 159
09-14 09:34:33.912   516   547 W skia    : AGTM parsing failed flags.readFromStream(s) at 159
09-14 09:34:33.928   516   516 W skia    : AGTM parsing failed flags.readFromStream(s) at 159
09-14 09:34:33.944   516   516 W skia    : AGTM parsing failed flags.readFromStream(s) at 159
09-14 09:34:33.961   516   516 W skia    : AGTM parsing failed flags.readFromStream(s) at 159
09-14 09:34:33.978   516   516 W skia    : AGTM parsing failed flags.readFromStream(s) at 159
09-14 09:34:33.994   516   516 W skia    : AGTM parsing failed flags.readFromStream(s) at 159
09-14 09:34:34.011   516   516 W skia    : AGTM parsing failed flags.readFromStream(s) at 159
09-14 09:34:34.012   516   547 W skia    : AGTM parsing failed flags.readFromStream(s) at 159
09-14 09:34:34.028   516   516 W skia    : AGTM parsing failed flags.readFromStream(s) at 159
09-14 09:34:34.044   516   516 W skia    : AGTM parsing failed flags.readFromStream(s) at 159
09-14 09:34:34.061   516   516 W skia    : AGTM parsing failed flags.readFromStream(s) at 159
09-14 09:34:34.078   516   516 W skia    : AGTM parsing failed flags.readFromStream(s) at 159
09-14 09:34:34.094   516   516 W skia    : AGTM parsing failed flags.readFromStream(s) at 159
09-14 09:34:34.095   661  1164 W AS.PlaybackActivityMon: No piid assigned for invalid/internal port id 18
09-14 09:34:34.095   661  1951 W AS.PlaybackActivityMon: No piid assigned for invalid/internal port id 18
09-14 09:34:34.111   516   516 W skia    : AGTM parsing failed flags.readFromStream(s) at 159
09-14 09:34:34.112   516   547 W skia    : AGTM parsing failed flags.readFromStream(s) at 159
09-14 09:34:34.128   516   516 W skia    : AGTM parsing failed flags.readFromStream(s) at 159
09-14 09:34:34.144   516   516 W skia    : AGTM parsing failed flags.readFromStream(s) at 159
09-14 09:34:34.161   516   516 W skia    : AGTM parsing failed flags.readFromStream(s) at 159
09-14 09:34:34.178   516   516 W skia    : AGTM parsing failed flags.readFromStream(s) at 159
09-14 09:34:34.212   516   547 W skia    : AGTM parsing failed flags.readFromStream(s) at 159
09-14 09:34:34.333   512   549 I APM_AudioPolicyManager: getNewOutputDevices io 13 recent device override {AUDIO_DEVICE_OUT_SPEAKER, @:}
09-14 09:34:34.510   661  1014 E WifiDataStall: Ignore this poll. newStats: null txLinkSpeedMbps: 1 rxLinkSpeedMbps: 2 rssi: -50 connectionCapabilities: com.android.server.wifi.WifiNative$ConnectionCapabilities@42dc428
09-14 09:34:34.590   661  1164 V AutofillSession: Primary service component name: ComponentInfo{com.google.android.gms/com.google.android.gms.autofill.service.AutofillService}, secondary service component name: ComponentInfo{com.android.credentialmanager/com.android.credentialmanager.autofill.CredentialAutofillService}
09-14 09:34:34.590   661  1164 V SecondaryProviderHandler: Creating a secondary provider handler with component name, ComponentInfo{com.android.credentialmanager/com.android.credentialmanager.autofill.CredentialAutofillService}
09-14 09:34:34.590   661  1164 D PresentationStatsEventLogger: Started new PresentationStatsEvent
09-14 09:34:34.590   661  1164 I AppsFilter: interaction: PackageSetting{104d766 com.highfly.logbook/10229} -> PackageSetting{bcde894 com.google.android.inputmethod.latin/10165} BLOCKED
09-14 09:34:34.590   661  1164 W FillRequestEventLogger: Couldn't find packageName: com.google.android.inputmethod.latin
09-14 09:34:34.592 19082 19082 I AutofillManager: showAutofillDialog() return false due to improve fill dialog
09-14 09:34:34.592 19082 19082 I ImeTracker: com.highfly.logbook:ffc2a961: onRequestShow at ORIGIN_CLIENT reason SHOW_SOFT_INPUT fromUser true userId 0 displayId 0
09-14 09:34:34.593   661   780 W InputChannel-JNI: Channel already disposed.
09-14 09:34:34.593  7043  7043 I GoogleInputMethodService: GoogleInputMethodService.onFinishInput():2269 
09-14 09:34:34.593 19082 19082 D InsetsController: show(ime())
09-14 09:34:34.593  7043  7043 I Module  : DeviceLockedStatusModuleProvider$Module.updateDeviceLockedStatusInternal():127 repeatCheckTimes = 0, locked = false
09-14 09:34:34.593 19082 19082 D InsetsController: Setting requestedVisibleTypes to 511 (was 503)
09-14 09:34:34.594  7043  7043 I GoogleInputMethodService: GoogleInputMethodService.onStartInput():1454 onStartInput(EditorInfo{EditorInfo{packageName=com.highfly.logbook, inputType=200001, inputTypeString=Normal[], enableLearning=true, autoCorrection=true, autoComplete=true, imeOptions=6, privateImeOptions=null, actionName=DONE, actionLabel=null, initialSelStart=0, initialSelEnd=0, initialCapsMode=0, label=null, fieldId=2131230940, fieldName=null, extras=Bundle[mParcelledData.dataSize=404], hintText=non-empty, hintLocales=[]}}, false)
09-14 09:34:34.594  7043  7043 I AndroidIME: LatinIMEBase.updateInputViewCoverNavigation():321 Update input view padding, isNavbarOverInputWindow=true, bottom inset=63
09-14 09:34:34.595  7043  7043 I Module  : DeviceLockedStatusModuleProvider$Module.updateDeviceLockedStatusInternal():127 repeatCheckTimes = 1, locked = false
09-14 09:34:34.595  7043  7043 I StylusModule: StylusModule.onUpdateToolType():774 Update tool type = 2
09-14 09:34:34.595  7043  7043 I AbstractOpenableExtension: AbstractOpenableExtension.maybeDestroyExistingKeyboardGroupManager():536 Destroy existing keyboard group manager in fkt
09-14 09:34:34.595  7043  7043 I AbstractOpenableExtension: AbstractOpenableExtension$3.onSuccess():556 KeyboardGroupManager destroyed in fkt.
09-14 09:34:34.595  7043  7043 I ModuleManager: ModuleManager$ModuleInitListener.maybeUnloadModuleOnUnavailable():1457 module IExpressionMomentExtension is unavailable
09-14 09:34:34.595  7043  7043 I InputBundle: InputBundle.consumeEvent():1052 Skip consuming an event as imeStatus is INACTIVE
09-14 09:34:34.595  7043  7043 I GoogleInputMethodService: GoogleInputMethodService.onStartInputView():1540 onStartInputView(EditorInfo{EditorInfo{packageName=com.highfly.logbook, inputType=200001, inputTypeString=Normal[], enableLearning=true, autoCorrection=true, autoComplete=true, imeOptions=6, privateImeOptions=null, actionName=DONE, actionLabel=null, initialSelStart=0, initialSelEnd=0, initialCapsMode=0, label=null, fieldId=2131230940, fieldName=null, extras=Bundle[{android.support.text.emoji.emojiCompat_metadataVersion=11, androidx.core.view.inputmethod.EditorInfoCompat.STYLUS_HANDWRITING_ENABLED=true, android.support.text.emoji.emojiCompat_replaceAll=false}], hintText=non-empty, hintLocales=[]}}, false)
09-14 09:34:34.595  7043  7043 I KeyboardHeightUtil: KeyboardHeightUtil.getOemKeyboardHeightRatio():81 systemKeyboardHeightRatio:1.000000.
09-14 09:34:34.596  7043  7043 I AndroidIME: InputBundleManager.startInput():357 startInput2 restarting=false
09-14 09:34:34.596  7043  7043 I AndroidIME: InputBundleManager.loadActiveInputBundleId():542 loadActiveInputBundleId: de, ime_german
09-14 09:34:34.596  7043  7043 I InputBundle: InputBundle.activateIme():598 activateIme: INACTIVE, keyboardType=accessory
09-14 09:34:34.596  7043  7068 I CrossProfileSharedPreferences: CrossProfileSharedPreferences.maybeRunSyncTaskAfterFullSyncComplete():218 Full sync is not complete when incremental sync is called, trigger full sync
09-14 09:34:34.596  7043  7043 I LatinIme: LatinIme.<init>():402 Language = de
09-14 09:34:34.596  7043  7043 I Delight5Facilitator: Delight5Facilitator.initializeForIme():745 initializeForIme() : Locale = [de, en_US], layout = qwerty
09-14 09:34:34.596  7043  7068 W ModuleManager: ModuleManager.loadModule():634 Module qip is not available
09-14 09:34:34.596  7043  7043 I ImeInterfacePrivate: IIme.createImeWithClassName():62 IIme created from HiltImeFactory: com.google.android.apps.inputmethod.libs.latin5.LatinIme
09-14 09:34:34.596  7043  7043 I CrossProfileSharedPreferences: CrossProfileSharedPreferences.maybeRunSyncTaskAfterFullSyncComplete():218 Full sync is not complete when incremental sync is called, trigger full sync
09-14 09:34:34.596  7043  7043 I AndroidIME: AbstractIme.onActivate():95 LatinIme.onActivate() : EditorInfo = EditorInfo{packageName=com.highfly.logbook, inputType=200001, inputTypeString=Normal[], enableLearning=true, autoCorrection=true, autoComplete=true, imeOptions=6, privateImeOptions=null, actionName=DONE, actionLabel=null, initialSelStart=0, initialSelEnd=0, initialCapsMode=0, label=null, fieldId=2131230940, fieldName=null, extras=Bundle[{android.support.text.emoji.emojiCompat_metadataVersion=11, androidx.core.view.inputmethod.EditorInfoCompat.STYLUS_HANDWRITING_ENABLED=true, android.support.text.emoji.emojiCompat_replaceAll=false}], hintText=non-empty, hintLocales=[]}, IncognitoMode = false, DeviceLocked = false
09-14 09:34:34.596  7043  7043 I InputBundle: InputBundle.consumeEvent():1056 Skip consuming an event as keyboard status is INACTIVE
09-14 09:34:34.596  7043 19031 I CrossProfileSharedPreferences: CrossProfileSharedPreferences.syncAllAllowedPreferencesInternal():276 Cannot make cross profile calls to full sync preferences
09-14 09:34:34.596  7043  7043 I LatinIme: LatinIme.updateEnableInlineSuggestionsOnDecoderSideFlags():1279 inline flag updated to:false
09-14 09:34:34.596  7043  7068 I NebulaeTrainingCacheMetricsProcessor: NebulaeTrainingCacheMetricsProcessor.processBeginSession():253 Begin training cache session: com.highfly.logbook_2131230919/
09-14 09:34:34.596  7043  7043 I LatinIme: LatinIme.updateEnableInlineSuggestionsOnDecoderSideFlags():1279 inline flag updated to:false
09-14 09:34:34.596  7043 19031 I CrossProfileSharedPreferences: CrossProfileSharedPreferences.syncAllAllowedPreferencesInternal():276 Cannot make cross profile calls to full sync preferences
09-14 09:34:34.597  7043  7043 I InputBundle: InputBundle.consumeEvent():1056 Skip consuming an event as keyboard status is INACTIVE
09-14 09:34:34.597  7043  7043 I LatinIme: LatinIme.resetInputContext():2287 resetInputContext(): reason=1, externalEditsInfo=ExternalEditsInfo{action=0, offset=-1, text=null, originalText=null, edits=null}
09-14 09:34:34.597  7043  7043 I InputBundle: InputBundle.consumeEvent():1056 Skip consuming an event as keyboard status is INACTIVE
09-14 09:34:34.597  7043  7043 I InputBundle: InputBundle.activateKeyboard():653 activateKeyboard: ACTIVE, type=KeyboardTypeAndPayload(keyboardType=accessory, payload=null)
09-14 09:34:34.597  7043  7043 I KeyboardWrapper: KeyboardWrapper.activateKeyboard():592 activateKeyboard(): type=accessory, status=INACTIVE, imeDef=ImeDef{stringId=ime_german, language=de, languageTag=de, processedConditions={enable_pk_simulator=false, enable_number_row=false, true=true, device=phone, writing_helper_enable_by_word_revert=false}, className=com.google.android.apps.inputmethod.libs.latin5.LatinIme, label=0, keyEventInterpreter=null, inlineComposing=true, autoCapital=true, announceAutoSelectedCandidate=true, statusIcon=0, indicatorIcon=0, indicatorLabel=null, displayAppCompletions=true, extraValues=okj{#0x7f0b02ef=TypedValue{t=0x3/d=0x0 "com.google.android.apps.inputmethod.libs.latin5.LatinIme"}}, processors=com.google.android.libraries.inputmethod.metadata.ProcessorsDef@87e60b6, unacceptableMetaKeys=4098, languageSpecificSettings=0, asciiCapable=true, alwaysShowSuggestions=false, useAsciiPasswordKeyboard=false, keyboardGroupDef=KeyboardGroupDef(variant=qwerty, variantLabel=0, pkLanguageTag=, pkLayoutType=, dynamicLayout=null, layoutSpecificSettings=[], layoutSpecificTheme=0, order=0, supportsSplitMode=true, supportsOneHandedMode=true, isVariantNameMandatory=false, keyboardDefInfos={prime=KeyboardDefInfo(kbType=prime, initialStates=0, keyboardDefs=[2132215273, 2132215953], extraValues=okj{}), digit=KeyboardDefInfo(kbType=digit, initialStates=0, keyboardDefs=[2132215914], extraValues=okj{}), symbol=KeyboardDefInfo(kbType=symbol, initialStates=0, keyboardDefs=[2132216099], extraValues=okj{})}, overrideKeyboardXmlConditions=com.google.android.libraries.inputmethod.metadata.OverrideKeyboardXmlConditionsDef@2aaee85), phenotypeFlagId=0, localizationLanguageTag=null, supportsInlineSuggestion=true}
09-14 09:34:34.597  7043  7043 I KeyboardManager: KeyboardManager.requestKeyboard():249 Creating keyboard accessory, imeId=ime_german, cacheKey=theme,!gsf,!pgsans,!pgsf,!use_system_font,BORDER,FLAVOR_DPI=XXHDPI,IS_LIGHT,KEYBOARD_WIDTH_CATEGORY=NORMAL,KEY_BORDER_SHAPE=1,LIGHT_THEME=true,PHYSICAL_DIAGONAL=5.9809904,POPUP,SCREEN_SHORTEST_WIDTH=411,SCREEN_SHORTEST_WIDTH_NO_SCALE=411,SW400DP,XXHDPI,bottom4dp,enable_popup_on_keypress=true,keyboard_redesign_google_sans=true,non_linear_scale,noshadow,overlay_builtin_dynamic_color_light_base.binarypb:gm3-light-fffaf8fe-ff4c5e8b-4fb1adea13304a190d4abf12326cf60c,silkpopup
09-14 09:34:34.597  7043  7043 I KeyboardWrapper: KeyboardWrapper.onKeyboardReady():226 onKeyboardReady(): type=null(accessory), kb=com.google.android.libraries.inputmethod.keyboard.impl.Keyboard@67ced51
09-14 09:34:34.597  7043  7043 I KeyboardWrapper: KeyboardWrapper.doActivateKeyboard():624 doActivateKeyboard(): accessory
09-14 09:34:34.597  7043  7043 W KeyboardDef: KeyboardDef.getKeyboardViewDef():397 KeyboardViewDef is not found: keyboardDef=oll{processedConditions={}, globalConditions={}, className=com.google.android.libraries.inputmethod.keyboard.impl.Keyboard, resourceIds=[#0x7f17004e], initialStates=0, keyboardViewDefs=[], persistentStates=0, persistentStatesPrefKey=null, popupBubbleLayoutId=#0x0, recentKeyLayoutId=#0x0, recentKeyPopupLayoutId=#0x0, recentKeyType=null, rememberRecentKey=NONE, sessionStates=0}, type=HEADER, id=2131427890
09-14 09:34:34.597  7043  7043 W Keyboard: Keyboard.getKeyboardViewHelper():607 null helper is returned: keyboardDef=oll{processedConditions={}, globalConditions={}, className=com.google.android.libraries.inputmethod.keyboard.impl.Keyboard, resourceIds=[#0x7f17004e], initialStates=0, keyboardViewDefs=[], persistentStates=0, persistentStatesPrefKey=null, popupBubbleLayoutId=#0x0, recentKeyLayoutId=#0x0, recentKeyPopupLayoutId=#0x0, recentKeyType=null, rememberRecentKey=NONE, sessionStates=0}, type=HEADER, helpersCreated={}, context.getResources().getConfiguration(): {1.0 310mcc260mnc [de_DE] ldltr sw411dp w411dp h914dp 420dpi nrml long compactNeeded port finger qwerty/v/v dpad/v winConfig={ mBounds=Rect(0, 0 - 1080, 2400) mAppBounds=Rect(0, 0 - 1080, 2400) mMaxBounds=Rect(0, 0 - 1080, 2400) mDisplayRotation=ROTATION_0 mWindowingMode=fullscreen mActivityType=undefined mAlwaysOnTop=undefined mRotation=ROTATION_0} as.5 s.55 fontWeightAdjustment=0}
09-14 09:34:34.597  7043  7043 W KeyboardDef: KeyboardDef.getKeyboardViewDef():397 KeyboardViewDef is not found: keyboardDef=oll{processedConditions={}, globalConditions={}, className=com.google.android.libraries.inputmethod.keyboard.impl.Keyboard, resourceIds=[#0x7f17004e], initialStates=0, keyboardViewDefs=[], persistentStates=0, persistentStatesPrefKey=null, popupBubbleLayoutId=#0x0, recentKeyLayoutId=#0x0, recentKeyPopupLayoutId=#0x0, recentKeyType=null, rememberRecentKey=NONE, sessionStates=0}, type=BODY, id=2131427890
09-14 09:34:34.597  7043  7043 W Keyboard: Keyboard.getKeyboardViewHelper():607 null helper is returned: keyboardDef=oll{processedConditions={}, globalConditions={}, className=com.google.android.libraries.inputmethod.keyboard.impl.Keyboard, resourceIds=[#0x7f17004e], initialStates=0, keyboardViewDefs=[], persistentStates=0, persistentStatesPrefKey=null, popupBubbleLayoutId=#0x0, recentKeyLayoutId=#0x0, recentKeyPopupLayoutId=#0x0, recentKeyType=null, rememberRecentKey=NONE, sessionStates=0}, type=BODY, helpersCreated={}, context.getResources().getConfiguration(): {1.0 310mcc260mnc [de_DE] ldltr sw411dp w411dp h914dp 420dpi nrml long compactNeeded port finger qwerty/v/v dpad/v winConfig={ mBounds=Rect(0, 0 - 1080, 2400) mAppBounds=Rect(0, 0 - 1080, 2400) mMaxBounds=Rect(0, 0 - 1080, 2400) mDisplayRotation=ROTATION_0 mWindowingMode=fullscreen mActivityType=undefined mAlwaysOnTop=undefined mRotation=ROTATION_0} as.5 s.55 fontWeightAdjustment=0}
09-14 09:34:34.598  7043  7043 I GlobeKeyExtension: GlobeKeyExtension.getKeyboardInitialStates():186 
09-14 09:34:34.598  7043  7043 W Keyboard: Keyboard.getKeyboardViewHelper():607 null helper is returned: keyboardDef=oll{processedConditions={}, globalConditions={}, className=com.google.android.libraries.inputmethod.keyboard.impl.Keyboard, resourceIds=[#0x7f17004e], initialStates=0, keyboardViewDefs=[], persistentStates=0, persistentStatesPrefKey=null, popupBubbleLayoutId=#0x0, recentKeyLayoutId=#0x0, recentKeyPopupLayoutId=#0x0, recentKeyType=null, rememberRecentKey=NONE, sessionStates=0}, type=HEADER, helpersCreated={}, context.getResources().getConfiguration(): {1.0 310mcc260mnc [de_DE] ldltr sw411dp w411dp h914dp 420dpi nrml long compactNeeded port finger qwerty/v/v dpad/v winConfig={ mBounds=Rect(0, 0 - 1080, 2400) mAppBounds=Rect(0, 0 - 1080, 2400) mMaxBounds=Rect(0, 0 - 1080, 2400) mDisplayRotation=ROTATION_0 mWindowingMode=fullscreen mActivityType=undefined mAlwaysOnTop=undefined mRotation=ROTATION_0} as.5 s.55 fontWeightAdjustment=0}
09-14 09:34:34.598  7043  7043 W Keyboard: Keyboard.getKeyboardViewHelper():607 null helper is returned: keyboardDef=oll{processedConditions={}, globalConditions={}, className=com.google.android.libraries.inputmethod.keyboard.impl.Keyboard, resourceIds=[#0x7f17004e], initialStates=0, keyboardViewDefs=[], persistentStates=0, persistentStatesPrefKey=null, popupBubbleLayoutId=#0x0, recentKeyLayoutId=#0x0, recentKeyPopupLayoutId=#0x0, recentKeyType=null, rememberRecentKey=NONE, sessionStates=0}, type=BODY, helpersCreated={}, context.getResources().getConfiguration(): {1.0 310mcc260mnc [de_DE] ldltr sw411dp w411dp h914dp 420dpi nrml long compactNeeded port finger qwerty/v/v dpad/v winConfig={ mBounds=Rect(0, 0 - 1080, 2400) mAppBounds=Rect(0, 0 - 1080, 2400) mMaxBounds=Rect(0, 0 - 1080, 2400) mDisplayRotation=ROTATION_0 mWindowingMode=fullscreen mActivityType=undefined mAlwaysOnTop=undefined mRotation=ROTATION_0} as.5 s.55 fontWeightAdjustment=0}
09-14 09:34:34.598 19082 19082 I AssistStructure: Flattened final assist data: 11920 bytes, containing 1 windows, 72 views
09-14 09:34:34.598  7043  7043 W KeyboardDef: KeyboardDef.getKeyboardViewDef():397 KeyboardViewDef is not found: keyboardDef=oll{processedConditions={}, globalConditions={}, className=com.google.android.libraries.inputmethod.keyboard.impl.Keyboard, resourceIds=[#0x7f17004e], initialStates=0, keyboardViewDefs=[], persistentStates=0, persistentStatesPrefKey=null, popupBubbleLayoutId=#0x0, recentKeyLayoutId=#0x0, recentKeyPopupLayoutId=#0x0, recentKeyType=null, rememberRecentKey=NONE, sessionStates=0}, type=FLOATING_CANDIDATES, id=2131427890
09-14 09:34:34.598  7043  7043 W Keyboard: Keyboard.getKeyboardViewHelper():607 null helper is returned: keyboardDef=oll{processedConditions={}, globalConditions={}, className=com.google.android.libraries.inputmethod.keyboard.impl.Keyboard, resourceIds=[#0x7f17004e], initialStates=0, keyboardViewDefs=[], persistentStates=0, persistentStatesPrefKey=null, popupBubbleLayoutId=#0x0, recentKeyLayoutId=#0x0, recentKeyPopupLayoutId=#0x0, recentKeyType=null, rememberRecentKey=NONE, sessionStates=0}, type=FLOATING_CANDIDATES, helpersCreated={}, context.getResources().getConfiguration(): {1.0 310mcc260mnc [de_DE] ldltr sw411dp w411dp h914dp 420dpi nrml long compactNeeded port finger qwerty/v/v dpad/v winConfig={ mBounds=Rect(0, 0 - 1080, 2400) mAppBounds=Rect(0, 0 - 1080, 2400) mMaxBounds=Rect(0, 0 - 1080, 2400) mDisplayRotation=ROTATION_0 mWindowingMode=fullscreen mActivityType=undefined mAlwaysOnTop=undefined mRotation=ROTATION_0} as.5 s.55 fontWeightAdjustment=0}
09-14 09:34:34.598  7043  7043 W KeyboardDef: KeyboardDef.getKeyboardViewDef():397 KeyboardViewDef is not found: keyboardDef=oll{processedConditions={}, globalConditions={}, className=com.google.android.libraries.inputmethod.keyboard.impl.Keyboard, resourceIds=[#0x7f17004e], initialStates=0, keyboardViewDefs=[], persistentStates=0, persistentStatesPrefKey=null, popupBubbleLayoutId=#0x0, recentKeyLayoutId=#0x0, recentKeyPopupLayoutId=#0x0, recentKeyType=null, rememberRecentKey=NONE, sessionStates=0}, type=WIDGET, id=2131427890
09-14 09:34:34.598  7043  7043 W Keyboard: Keyboard.getKeyboardViewHelper():607 null helper is returned: keyboardDef=oll{processedConditions={}, globalConditions={}, className=com.google.android.libraries.inputmethod.keyboard.impl.Keyboard, resourceIds=[#0x7f17004e], initialStates=0, keyboardViewDefs=[], persistentStates=0, persistentStatesPrefKey=null, popupBubbleLayoutId=#0x0, recentKeyLayoutId=#0x0, recentKeyPopupLayoutId=#0x0, recentKeyType=null, rememberRecentKey=NONE, sessionStates=0}, type=WIDGET, helpersCreated={}, context.getResources().getConfiguration(): {1.0 310mcc260mnc [de_DE] ldltr sw411dp w411dp h914dp 420dpi nrml long compactNeeded port finger qwerty/v/v dpad/v winConfig={ mBounds=Rect(0, 0 - 1080, 2400) mAppBounds=Rect(0, 0 - 1080, 2400) mMaxBounds=Rect(0, 0 - 1080, 2400) mDisplayRotation=ROTATION_0 mWindowingMode=fullscreen mActivityType=undefined mAlwaysOnTop=undefined mRotation=ROTATION_0} as.5 s.55 fontWeightAdjustment=0}
09-14 09:34:34.598   661  2245 D AutofillSession: createPendingIntent for request 1056
09-14 09:34:34.598   661  2245 D ContentCapturePerUserService: Notified activity assist data for activity: Token{69d7647 ActivityRecord{125185633 u0 com.highfly.logbook/.MainActivity t149}} without a session Id
09-14 09:34:34.598  7043  7043 I KeyboardDefManager: KeyboardDefManager.requestKeyboardDef():128 requestKeyboardDef(): type=symbol, info=olr{defIds=[#0x7f170923], defIdsCacheKey=[2132216099]}
09-14 09:34:34.598  7043  7043 I KeyboardDefManager: KeyboardDefManager.requestKeyboardDef():195 requestKeyboardDef(): getOrCreate from cache, info=olr{defIds=[#0x7f170923], defIdsCacheKey=[2132216099]}
09-14 09:34:34.598  7043  7043 I KeyboardDefManager: KeyboardDefManager$Companion$addFutureCallbackForKeyboardDefReceiver$1.onSuccess():425 requestKeyboardDef onSuccess(): info=olr{defIds=[#0x7f170923], defIdsCacheKey=[2132216099]}
09-14 09:34:34.599  7043  7043 I KeyboardInterfacePrivate: IKeyboard.createKeyboard():67 Keyboard created from HiltKeyboardFactory: com.google.android.apps.inputmethod.latin.keyboard.LatinSymbolsKeyboard
09-14 09:34:34.599  7043  7043 I KeyboardDefManager: KeyboardDefManager.requestKeyboardDef():128 requestKeyboardDef(): type=digit, info=olr{defIds=[#0x7f17086a], defIdsCacheKey=[2132215914]}
09-14 09:34:34.599  7043  7043 I KeyboardDefManager: KeyboardDefManager.requestKeyboardDef():195 requestKeyboardDef(): getOrCreate from cache, info=olr{defIds=[#0x7f17086a], defIdsCacheKey=[2132215914]}
09-14 09:34:34.599  7043  7043 I KeyboardDefManager: KeyboardDefManager$Companion$addFutureCallbackForKeyboardDefReceiver$1.onSuccess():425 requestKeyboardDef onSuccess(): info=olr{defIds=[#0x7f17086a], defIdsCacheKey=[2132215914]}
09-14 09:34:34.599  7043  7043 I KeyboardInterfacePrivate: IKeyboard.createKeyboard():67 Keyboard created from HiltKeyboardFactory: com.google.android.apps.inputmethod.latin.keyboard.LatinDigitsKeyboard
09-14 09:34:34.599  7043  7043 I AndroidIME: InputBundleManager.startInput():372 startInput() with KeyboardTypeAndPayload(keyboardType=accessory, payload=null)
09-14 09:34:34.600  7043  7043 I PkModeUpdater: PkModeUpdater.onActivate():76 onActivate false true
09-14 09:34:34.600  7043  7043 I AccessoryInputModeManager: AccessoryInputModeManager.onModeStarted():353 Accessory input mode started: STYLUS
09-14 09:34:34.600  7043  7043 W KeyboardInterfacePrivate: IKeyboard.createKeyboard():90 Keyboard created from reflection: com.google.android.libraries.inputmethod.keyboard.impl.Keyboard
09-14 09:34:34.600  7043  7043 I KeyboardViewHelper: KeyboardViewHelper.getView():180 Get view with height ratio:1.000000
09-14 09:34:34.602  7043  7043 W ExtensionWrapper: ExtensionWrapper.setAllowUpdateNavigationBarStyle():887 class lcr is not activate
09-14 09:34:34.602  7043  7043 I WidgetViewShowingController: WidgetViewShowingController.showWidgetKeyboardInternal():532 Show companion widget
09-14 09:34:34.602  7043  7043 W StatusViewController: StatusViewController.updateKeyboardView():46 Failed to inflate voice header view [UD]
09-14 09:34:34.603  7043  7043 W ExtensionWrapper: ExtensionWrapper.setAllowUpdateNavigationBarStyle():887 class lcr is not activate
09-14 09:34:34.603  7043  7043 I MotionEventHandlerManager: MotionEventHandlerManager.newHandlerInstance():562 Created handler instance from HiltMotionEventHandlerFactory .companionwidget.WidgetDragToMoveMotionEventHandler
09-14 09:34:34.603  7043  7043 I MotionEventHandlerManager: MotionEventHandlerManager.newHandlerInstance():562 Created handler instance from HiltMotionEventHandlerFactory .motioneventhandler.BasicMotionEventHandler
09-14 09:34:34.603  7043  7043 I WidgetViewShowingPositionHandler: WidgetViewShowingPositionHandler.updateAvailableArea():199 update available area Rect(21, 153 - 1059, 2333)
09-14 09:34:34.604  7043  7043 I KeyboardManager: KeyboardManager.requestKeyboard():249 Creating keyboard accessory_candidates_consumer, imeId=ime_german, cacheKey=theme,!gsf,!pgsans,!pgsf,!use_system_font,BORDER,FLAVOR_DPI=XXHDPI,IS_LIGHT,KEYBOARD_WIDTH_CATEGORY=NORMAL,KEY_BORDER_SHAPE=1,LIGHT_THEME=true,PHYSICAL_DIAGONAL=5.9809904,POPUP,SCREEN_SHORTEST_WIDTH=411,SCREEN_SHORTEST_WIDTH_NO_SCALE=411,SW400DP,XXHDPI,bottom4dp,enable_popup_on_keypress=true,keyboard_redesign_google_sans=true,non_linear_scale,noshadow,overlay_builtin_dynamic_color_light_base.binarypb:gm3-light-fffaf8fe-ff4c5e8b-4fb1adea13304a190d4abf12326cf60c,silkpopup
09-14 09:34:34.604  7043  7043 I KeyboardDefManager: KeyboardDefManager.requestKeyboardDef():128 requestKeyboardDef(): type=accessory_candidates_consumer, info=olr{defIds=[#0x7f17004d], defIdsCacheKey=[2132213837]}
09-14 09:34:34.604  7043  7043 I KeyboardDefManager: KeyboardDefManager.requestKeyboardDef():195 requestKeyboardDef(): getOrCreate from cache, info=olr{defIds=[#0x7f17004d], defIdsCacheKey=[2132213837]}
09-14 09:34:34.604  7043  7043 I KeyboardDefManager: KeyboardDefManager$Companion$addFutureCallbackForKeyboardDefReceiver$1.onSuccess():425 requestKeyboardDef onSuccess(): info=olr{defIds=[#0x7f17004d], defIdsCacheKey=[2132213837]}
09-14 09:34:34.605  7043  7043 I KeyboardInterfacePrivate: IKeyboard.createKeyboard():67 Keyboard created from HiltKeyboardFactory: com.google.android.apps.inputmethod.latin.keyboard.AccessoryKeyboard
09-14 09:34:34.605  7043  7043 I GlobeKeyExtension: GlobeKeyExtension.getKeyboardInitialStates():186 
09-14 09:34:34.605  7043  7043 W KeyboardDef: KeyboardDef.getKeyboardViewDef():397 KeyboardViewDef is not found: keyboardDef=oll{processedConditions={}, globalConditions={global_theme_key=theme,!gsf,!pgsans,!pgsf,!use_system_font,BORDER,FLAVOR_DPI=XXHDPI,IS_LIGHT,KEYBOARD_WIDTH_CATEGORY=NORMAL,KEY_BORDER_SHAPE=1,LIGHT_THEME=true,PHYSICAL_DIAGONAL=5.9809904,POPUP,SCREEN_SHORTEST_WIDTH=411,SCREEN_SHORTEST_WIDTH_NO_SCALE=411,SW400DP,XXHDPI,bottom4dp,enable_popup_on_keypress=true,keyboard_redesign_google_sans=true,non_linear_scale,noshadow,overlay_builtin_dynamic_color_light_base.binarypb:gm3-light-fffaf8fe-ff4c5e8b-4fb1adea13304a190d4abf12326cf60c,silkpopup, global_locale=de_DE, global_density_dpi=420, global_orientation=1}, className=.latin.keyboard.AccessoryKeyboard, resourceIds=[#0x7f17004d], initialStates=0, keyboardViewDefs=[omd{direction=null, id=#0x7f0b0232, isScalable=false, layoutId=#0x7f0e0030, type=FLOATING_CANDIDATES, touchable=true, defaultShow=false}], persistentStates=0, persistentStatesPrefKey=null, popupBubbleLayoutId=#0x7f0e0617, recentKeyLayoutId=#0x0, recentKeyPopupLayoutId=#0x0, recentKeyType=null, rememberRecentKey=NONE, sessionStates=0}, type=HEADER, id=2131427890
09-14 09:34:34.605  7043  7043 W Keyboard: Keyboard.getKeyboardViewHelper():607 null helper is returned: keyboardDef=oll{processedConditions={}, globalConditions={global_theme_key=theme,!gsf,!pgsans,!pgsf,!use_system_font,BORDER,FLAVOR_DPI=XXHDPI,IS_LIGHT,KEYBOARD_WIDTH_CATEGORY=NORMAL,KEY_BORDER_SHAPE=1,LIGHT_THEME=true,PHYSICAL_DIAGONAL=5.9809904,POPUP,SCREEN_SHORTEST_WIDTH=411,SCREEN_SHORTEST_WIDTH_NO_SCALE=411,SW400DP,XXHDPI,bottom4dp,enable_popup_on_keypress=true,keyboard_redesign_google_sans=true,non_linear_scale,noshadow,overlay_builtin_dynamic_color_light_base.binarypb:gm3-light-fffaf8fe-ff4c5e8b-4fb1adea13304a190d4abf12326cf60c,silkpopup, global_locale=de_DE, global_density_dpi=420, global_orientation=1}, className=.latin.keyboard.AccessoryKeyboard, resourceIds=[#0x7f17004d], initialStates=0, keyboardViewDefs=[omd{direction=null, id=#0x7f0b0232, isScalable=false, layoutId=#0x7f0e0030, type=FLOATING_CANDIDATES, touchable=true, defaultShow=false}], persistentStates=0, persistentStatesPrefKey=null, popupBubbleLayoutId=#0x7f0e0617, recentKeyLayoutId=#0x0, recentKeyPopupLayoutId=#0x0, recentKeyType=null, rememberRecentKey=NONE, sessionStates=0}, type=HEADER, helpersCreated={}, context.getResources().getConfiguration(): {1.0 310mcc260mnc [de_DE] ldltr sw411dp w411dp h914dp 420dpi nrml long compactNeeded port finger qwerty/v/v dpad/v winConfig={ mBounds=Rect(0, 0 - 1080, 2400) mAppBounds=Rect(0, 0 - 1080, 2400) mMaxBounds=Rect(0, 0 - 1080, 2400) mDisplayRotation=ROTATION_0 mWindowingMode=fullscreen mActivityType=undefined mAlwaysOnTop=undefined mRotation=ROTATION_0} as.5 s.55 fontWeightAdjustment=0}
09-14 09:34:34.605  7043  7043 W KeyboardDef: KeyboardDef.getKeyboardViewDef():397 KeyboardViewDef is not found: keyboardDef=oll{processedConditions={}, globalConditions={global_theme_key=theme,!gsf,!pgsans,!pgsf,!use_system_font,BORDER,FLAVOR_DPI=XXHDPI,IS_LIGHT,KEYBOARD_WIDTH_CATEGORY=NORMAL,KEY_BORDER_SHAPE=1,LIGHT_THEME=true,PHYSICAL_DIAGONAL=5.9809904,POPUP,SCREEN_SHORTEST_WIDTH=411,SCREEN_SHORTEST_WIDTH_NO_SCALE=411,SW400DP,XXHDPI,bottom4dp,enable_popup_on_keypress=true,keyboard_redesign_google_sans=true,non_linear_scale,noshadow,overlay_builtin_dynamic_color_light_base.binarypb:gm3-light-fffaf8fe-ff4c5e8b-4fb1adea13304a190d4abf12326cf60c,silkpopup, global_locale=de_DE, global_density_dpi=420, global_orientation=1}, className=.latin.keyboard.AccessoryKeyboard, resourceIds=[#0x7f17004d], initialStates=0, keyboardViewDefs=[omd{direction=null, id=#0x7f0b0232, isScalable=false, layoutId=#0x7f0e0030, type=FLOATING_CANDIDATES, touchable=true, defaultShow=false}], persistentStates=0, persistentStatesPrefKey=null, popupBubbleLayoutId=#0x7f0e0617, recentKeyLayoutId=#0x0, recentKeyPopupLayoutId=#0x0, recentKeyType=null, rememberRecentKey=NONE, sessionStates=0}, type=BODY, id=2131427890
09-14 09:34:34.605  7043  7043 W Keyboard: Keyboard.getKeyboardViewHelper():607 null helper is returned: keyboardDef=oll{processedConditions={}, globalConditions={global_theme_key=theme,!gsf,!pgsans,!pgsf,!use_system_font,BORDER,FLAVOR_DPI=XXHDPI,IS_LIGHT,KEYBOARD_WIDTH_CATEGORY=NORMAL,KEY_BORDER_SHAPE=1,LIGHT_THEME=true,PHYSICAL_DIAGONAL=5.9809904,POPUP,SCREEN_SHORTEST_WIDTH=411,SCREEN_SHORTEST_WIDTH_NO_SCALE=411,SW400DP,XXHDPI,bottom4dp,enable_popup_on_keypress=true,keyboard_redesign_google_sans=true,non_linear_scale,noshadow,overlay_builtin_dynamic_color_light_base.binarypb:gm3-light-fffaf8fe-ff4c5e8b-4fb1adea13304a190d4abf12326cf60c,silkpopup, global_locale=de_DE, global_density_dpi=420, global_orientation=1}, className=.latin.keyboard.AccessoryKeyboard, resourceIds=[#0x7f17004d], initialStates=0, keyboardViewDefs=[omd{direction=null, id=#0x7f0b0232, isScalable=false, layoutId=#0x7f0e0030, type=FLOATING_CANDIDATES, touchable=true, defaultShow=false}], persistentStates=0, persistentStatesPrefKey=null, popupBubbleLayoutId=#0x7f0e0617, recentKeyLayoutId=#0x0, recentKeyPopupLayoutId=#0x0, recentKeyType=null, rememberRecentKey=NONE, sessionStates=0}, type=BODY, helpersCreated={}, context.getResources().getConfiguration(): {1.0 310mcc260mnc [de_DE] ldltr sw411dp w411dp h914dp 420dpi nrml long compactNeeded port finger qwerty/v/v dpad/v winConfig={ mBounds=Rect(0, 0 - 1080, 2400) mAppBounds=Rect(0, 0 - 1080, 2400) mMaxBounds=Rect(0, 0 - 1080, 2400) mDisplayRotation=ROTATION_0 mWindowingMode=fullscreen mActivityType=undefined mAlwaysOnTop=undefined mRotation=ROTATION_0} as.5 s.55 fontWeightAdjustment=0}
09-14 09:34:34.605  7043  7043 I MotionEventHandlerManager: MotionEventHandlerManager.newHandlerInstance():562 Created handler instance from HiltMotionEventHandlerFactory com.google.android.libraries.inputmethod.motioneventhandler.BasicMotionEventHandler
09-14 09:34:34.605  7043  7043 W SupplementaryKeyboardsWrapper: SupplementaryKeyboardsWrapper.deactivateKeyboard():162 keyboard composing_text_consumer is not activated before!
09-14 09:34:34.605  7043  7043 I GlobeKeyExtension: GlobeKeyExtension.onActivate():130 
09-14 09:34:34.606  7388  7388 I GmsCoreXrpcWrapper: (REDACTED) Creating an unauthenticated channel provider with trafficStatsTag=%d trafficStatsUid=%d
09-14 09:34:34.606  7043  7043 I BaseKeyboardSizeHelper: BaseKeyboardSizeHelper.calculateMaxKeyboardBodyHeight():73 leave 281 height for app when ime window height:2205, header height:116 and isFullscreenMode:false, so the max keyboard body height is:1808
09-14 09:34:34.606  7043  7043 I BaseKeyboardSizeHelper: BaseKeyboardSizeHelper.calculateMaxKeyboardBodyHeight():73 leave 281 height for app when ime window height:2205, header height:116 and isFullscreenMode:false, so the max keyboard body height is:1808
09-14 09:34:34.606  7043  7043 I BaseKeyboardSizeHelper: BaseKeyboardSizeHelper.calculateMaxKeyboardBodyHeight():73 leave 281 height for app when ime window height:2205, header height:116 and isFullscreenMode:false, so the max keyboard body height is:1808
09-14 09:34:34.606  7043  7043 W ExtensionWrapper: ExtensionWrapper.setExtensionViewVisibility():878 interface nzx is not activate
09-14 09:34:34.606  7043  7043 I VoiceInputManagerWrapper: VoiceInputManagerWrapper.cancelShutdown():109 cancelShutdown() [RD]
09-14 09:34:34.606  7043  7043 I VoiceInputManagerWrapper: VoiceInputManagerWrapper.syncLanguagePacks():121 syncLanguagePacks() [RD]
09-14 09:34:34.606  7043  7043 I VoiceInputManager: VoiceInputManager.onKeyboardActivated():1270 onKeyboardActivated() [UD]
09-14 09:34:34.606  7043  7043 I UniversalDictationUiProvider: UniversalDictationUiProvider.onActivate():63 onActivate() [UD]
09-14 09:34:34.606   661   661 W FillRequestEventLogger: Shouldn't be logging AutofillFillRequestReported again for same event
09-14 09:34:34.606   661   661 W FillResponseEventLogger: Shouldn't be logging AutofillFillRequestReported again for same event
09-14 09:34:34.606   661   661 W PresentationStatsEventLogger: Empty dataset. Autofill ignoring log
09-14 09:34:34.606   661   661 D AutofillSession: clearPendingIntentLocked
09-14 09:34:34.606  5614  5614 V InlineSuggestionRenderService: handleDestroySuggestionViews called for 0:395057016
09-14 09:34:34.607  7388  7996 I libbinder.IPCThreadState: oneway function results for code 1 on binder at 0x77579d4558f0 will be dropped but finished with status UNKNOWN_TRANSACTION and reply parcel size 80
09-14 09:34:34.607  7043  7043 W AutoPasteSuggestionHelper: AutoPasteSuggestionHelper.setMaxWidthOfChipTextView():1112 Failed to get the width of the proactive suggestion view holder in HEADER.
09-14 09:34:34.607  7043  7043 W AutoPasteSuggestionHelper: AutoPasteSuggestionHelper.setMaxWidthOfChipTextView():1112 Failed to get the width of the proactive suggestion view holder in HEADER.
09-14 09:34:34.608  7043  7043 W AutoPasteSuggestionHelper: AutoPasteSuggestionHelper.setMaxWidthOfChipTextView():1112 Failed to get the width of the proactive suggestion view holder in WIDGET.
09-14 09:34:34.608  7043 15447 I SpeechFactory: SpeechRecognitionFactory.maybeScheduleAutoPackDownloadForFallback():224 maybeScheduleAutoPackDownloadForFallback()
09-14 09:34:34.608  7043  7043 I ProactiveSuggestionsHolderManager: ProactiveSuggestionsHolderManager$displaySuggestionsListener$1.display():238 Requesting to show proactive suggestions: CLIPBOARD PREEMPTIVE_WITH_SUPPRESSION in HEADER
09-14 09:34:34.608  7043  7043 I ProactiveSuggestionsHolderManager: ProactiveSuggestionsHolderManager$displaySuggestionsListener$1.display():259 suggestions CLIPBOARD are pending to show on HEADER
09-14 09:34:34.608  7043  7043 I ProactiveSuggestionsHolderManager: ProactiveSuggestionsHolderManager$displaySuggestionsListener$1.display():238 Requesting to show proactive suggestions: CLIPBOARD PREEMPTIVE_WITH_SUPPRESSION in FLOATING_CANDIDATES
09-14 09:34:34.608  7043  7043 I MotionEventHandlerManager: MotionEventHandlerManager.newHandlerInstance():562 Created handler instance from HiltMotionEventHandlerFactory com.google.android.libraries.inputmethod.motioneventhandler.BasicMotionEventHandler
09-14 09:34:34.608  7043  7043 I ProactiveSuggestionsHolderManager: ProactiveSuggestionsHolderManager$displaySuggestionsListener$1.display():238 Requesting to show proactive suggestions: CLIPBOARD PREEMPTIVE_WITH_SUPPRESSION in WIDGET
09-14 09:34:34.608  7043  7043 I ProactiveSuggestionsHolderManager: ProactiveSuggestionsHolderManager$displaySuggestionsListener$1.display():259 suggestions CLIPBOARD are pending to show on WIDGET
09-14 09:34:34.608  7043  7043 I ProactiveSuggestionsHolderManager: ProactiveSuggestionsHolderManager$displaySuggestionsListener$1.display():238 Requesting to show proactive suggestions: CLIPBOARD PREEMPTIVE_WITH_SUPPRESSION in HEADER
09-14 09:34:34.608  7043  7043 I ProactiveSuggestionsHolderManager: ProactiveSuggestionsHolderManager$displaySuggestionsListener$1.display():259 suggestions CLIPBOARD are pending to show on HEADER
09-14 09:34:34.608  7043  7043 I ProactiveSuggestionsHolderManager: ProactiveSuggestionsHolderManager$displaySuggestionsListener$1.display():238 Requesting to show proactive suggestions: CLIPBOARD PREEMPTIVE_WITH_SUPPRESSION in FLOATING_CANDIDATES
09-14 09:34:34.608  7043  7043 I ProactiveSuggestionsHolderManager: ProactiveSuggestionsHolderManager$displaySuggestionsListener$1.display():238 Requesting to show proactive suggestions: CLIPBOARD PREEMPTIVE_WITH_SUPPRESSION in WIDGET
09-14 09:34:34.608  7043  7043 I ProactiveSuggestionsHolderManager: ProactiveSuggestionsHolderManager$displaySuggestionsListener$1.display():259 suggestions CLIPBOARD are pending to show on WIDGET
09-14 09:34:34.609  7043  7043 I Module  : DeviceLockedStatusModuleProvider$Module.updateDeviceLockedStatusInternal():127 repeatCheckTimes = 1, locked = false
09-14 09:34:34.609  7043  7043 I ContactNoticeModule: ContactNoticeModule.shouldPostContactPermissionNotice():147 Not post contact permission notice: not exceed waiting period since installation.
09-14 09:34:34.609  7043  7043 I VoiceImeUtils: VoiceImeUtils.shouldStartVoiceInputAutomaticallyInCurrentInputBox():157 No private IME option set to start voice input. [RD]
09-14 09:34:34.609  7043 15447 I FallbackOnDeviceRecognitionProvider: FallbackOnDeviceRecognitionProvider.maybeScheduleAutoPackDownload():213 maybeScheduleAutoPackDownload() for language tag de-DE
09-14 09:34:34.610  7043  7043 I HardKeyTracker: HardKeyTracker.unregisterKeySequence():259 Unregister key sequence pkp{labelResId=2132020533, callback=fhc@e9a9ea7, lastModifier=2, keyCodes=[32], actions=[0]}
09-14 09:34:34.610  7043  7043 I HardKeyTracker: HardKeyTracker.unregisterKeySequence():259 Unregister key sequence pkp{labelResId=2132020533, callback=fhc@569f54, lastModifier=0, keyCodes=[319], actions=[0]}
09-14 09:34:34.610  7043  7068 I CrossProfileSharedPreferences: CrossProfileSharedPreferences.maybeRunSyncTaskAfterFullSyncComplete():218 Full sync is not complete when incremental sync is called, trigger full sync
09-14 09:34:34.610  7043 15447 I FallbackOnDeviceRecognitionProvider: FallbackOnDeviceRecognitionProvider.maybeScheduleAutoPackDownload():213 maybeScheduleAutoPackDownload() for language tag en-US
09-14 09:34:34.611  7043 19031 I SystemHapticSettings: SystemHapticSettings.updateSystemVibrationState():63 update vibration state: true
09-14 09:34:34.611  7043 19031 I CrossProfileSharedPreferences: CrossProfileSharedPreferences.syncAllAllowedPreferencesInternal():276 Cannot make cross profile calls to full sync preferences
09-14 09:34:34.611   516   516 W skia    : AGTM parsing failed flags.readFromStream(s) at 159
09-14 09:34:34.612   516   547 W skia    : AGTM parsing failed flags.readFromStream(s) at 159
09-14 09:34:34.613   661  2239 D WindowManager: setClientSurface Surface(name=VRI-InputMethod#5204)/@0x410ed59 for cd99964 InputMethod
09-14 09:34:34.613  7043  7043 I Surface : Creating surface for consumer unnamed-7043-74 with slotExpansion=1 for 64 slots
09-14 09:34:34.613  7043  7043 I Surface : Creating surface for consumer VRI[InputMethod]#74(BLAST Consumer)74 with slotExpansion=1 for 64 slots
09-14 09:34:34.615  7388  7388 D BoundBrokerSvc: onBind: Intent { act=com.google.android.gms.common.BIND_SHARED_PREFS xflg=0x4 pkg=com.google.android.gms }
09-14 09:34:34.615  7388  7388 D BoundBrokerSvc: Loading bound service for intent: Intent { act=com.google.android.gms.common.BIND_SHARED_PREFS xflg=0x4 pkg=com.google.android.gms }
09-14 09:34:34.626  7043  7100 I Delight5Decoder: Delight5DecoderWrapper.setKeyboardLayout():553 setKeyboardLayout()
09-14 09:34:34.626  7043  7050 W SP      : File ref is being finalized but wasn't closed, file: de_de_20251103_compact_fst_zip[1474]
09-14 09:34:34.626  7043  7050 W SP      : File ref is being finalized but wasn't closed, file: transformer_latin_tflite_20251103_zip[3099]
09-14 09:34:34.626  7043  7050 W SP      : File ref is being finalized but wasn't closed, file: transformer_latin_seg_tflite_20251103_zip[3099]
09-14 09:34:34.626  7043  7050 W SP      : File ref is being finalized but wasn't closed, file: transformer_latin_conf_tflite_20251103_zip[3099]
09-14 09:34:34.626  7043  7050 W SP      : File ref is being finalized but wasn't closed, file: qrnn_de-DE_reco_20251103_fst_20251103_recospec_zip[1474]
09-14 09:34:34.626  7043  7050 W SP      : File ref is being finalized but wasn't closed, file: scribe_latin_20250829tfreco_tflite_zip[3099]
09-14 09:34:34.626  7043  7050 W SP      : File ref is being finalized but wasn't closed, file: scribe_latin_20250829tfreco_recospec_zip[3099]
09-14 09:34:34.626  7043  7050 W SP      : File ref is being finalized but wasn't closed, file: de_de_20251103_compact_fst_zip[1474]
09-14 09:34:34.626  7043  7050 W SP      : File ref is being finalized but wasn't closed, file: transformer_latin_conf_tflite_20251103_zip[3099]
09-14 09:34:34.626  7043  7050 W SP      : File ref is being finalized but wasn't closed, file: transformer_latin_tflite_20251103_zip[3099]
09-14 09:34:34.626  7043  7050 W SP      : File ref is being finalized but wasn't closed, file: scribe_latin_20250829tfreco_recospec_zip[3099]
09-14 09:34:34.626  7043  7050 W SP      : File ref is being finalized but wasn't closed, file: qrnn_en-US_reco_20251103_fst_20251103_recospec_zip[2828]
09-14 09:34:34.626  7043  7050 W SP      : File ref is being finalized but wasn't closed, file: transformer_latin_seg_tflite_20251103_zip[3099]
09-14 09:34:34.626  7043  7050 W SP      : File ref is being finalized but wasn't closed, file: pack_mapping_v1_lstm_20260206[2312]
09-14 09:34:34.626  7043  7050 W SP      : File ref is being finalized but wasn't closed, file: en_us_20251103_compact_fst_zip[2828]
09-14 09:34:34.626  7043  7050 W SP      : File ref is being finalized but wasn't closed, file: scribe_latin_20250829tfreco_tflite_zip[3099]
09-14 09:34:34.626  7043  7050 W SP      : File ref is being finalized but wasn't closed, file: qrnn_de-DE_reco_20251103_fst_20251103_recospec_zip[1474]
09-14 09:34:34.626  7043  7050 W SP      : File ref is being finalized but wasn't closed, file: de_de_20251103_compact_fst_zip[1474]
09-14 09:34:34.626  7043  7050 W SP      : File ref is being finalized but wasn't closed, file: transformer_latin_conf_tflite_20251103_zip[3099]
09-14 09:34:34.626  7043  7050 W SP      : File ref is being finalized but wasn't closed, file: transformer_latin_tflite_20251103_zip[3099]
09-14 09:34:34.626  7043  7050 W SP      : File ref is being finalized but wasn't closed, file: scribe_latin_20250829tfreco_recospec_zip[3099]
09-14 09:34:34.626  7043  7050 W SP      : File ref is being finalized but wasn't closed, file: qrnn_en-US_reco_20251103_fst_20251103_recospec_zip[2828]
09-14 09:34:34.626  7043  7050 W SP      : File ref is being finalized but wasn't closed, file: transformer_latin_seg_tflite_20251103_zip[3099]
09-14 09:34:34.626  7043  7050 W SP      : File ref is being finalized but wasn't closed, file: pack_mapping_v1_lstm_20260206[2312]
09-14 09:34:34.626  7043  7050 W SP      : File ref is being finalized but wasn't closed, file: en_us_20251103_compact_fst_zip[2828]
09-14 09:34:34.626  7043  7050 W SP      : File ref is being finalized but wasn't closed, file: scribe_latin_20250829tfreco_tflite_zip[3099]
09-14 09:34:34.626  7043  7050 W SP      : File ref is being finalized but wasn't closed, file: qrnn_de-DE_reco_20251103_fst_20251103_recospec_zip[1474]
09-14 09:34:34.626  7043  7050 W SP      : File ref is being finalized but wasn't closed, file: en_us_20251103_compact_fst_zip[2828]
09-14 09:34:34.626  7043  7050 W SP      : File ref is being finalized but wasn't closed, file: transformer_latin_tflite_20251103_zip[3099]
09-14 09:34:34.626  7043  7050 W SP      : File ref is being finalized but wasn't closed, file: transformer_latin_seg_tflite_20251103_zip[3099]
09-14 09:34:34.626  7043  7050 W SP      : File ref is being finalized but wasn't closed, file: transformer_latin_conf_tflite_20251103_zip[3099]
09-14 09:34:34.626  7043  7050 W SP      : File ref is being finalized but wasn't closed, file: qrnn_en-US_reco_20251103_fst_20251103_recospec_zip[2828]
09-14 09:34:34.626  7043  7050 W SP      : File ref is being finalized but wasn't closed, file: scribe_latin_20250829tfreco_tflite_zip[3099]
09-14 09:34:34.626  7043  7050 W SP      : File ref is being finalized but wasn't closed, file: scribe_latin_20250829tfreco_recospec_zip[3099]
09-14 09:34:34.626  7043  7050 W SP      : File ref is being finalized but wasn't closed, file: de_de_20251103_compact_fst_zip[1474]
09-14 09:34:34.626  7043  7050 W SP      : File ref is being finalized but wasn't closed, file: transformer_latin_conf_tflite_20251103_zip[3099]
09-14 09:34:34.626  7043  7050 W SP      : File ref is being finalized but wasn't closed, file: transformer_latin_tflite_20251103_zip[3099]
09-14 09:34:34.626  7043  7050 W SP      : File ref is being finalized but wasn't closed, file: scribe_latin_20250829tfreco_recospec_zip[3099]
09-14 09:34:34.626  7043  7050 W SP      : File ref is being finalized but wasn't closed, file: qrnn_en-US_reco_20251103_fst_20251103_recospec_zip[2828]
09-14 09:34:34.626  7043  7050 W SP      : File ref is being finalized but wasn't closed, file: transformer_latin_seg_tflite_20251103_zip[3099]
09-14 09:34:34.626  7043  7050 W SP      : File ref is being finalized but wasn't closed, file: pack_mapping_v1_lstm_20260206[2312]
09-14 09:34:34.626  7043  7050 W SP      : File ref is being finalized but wasn't closed, file: en_us_20251103_compact_fst_zip[2828]
09-14 09:34:34.626  7043  7050 W SP      : File ref is being finalized but wasn't closed, file: scribe_latin_20250829tfreco_tflite_zip[3099]
09-14 09:34:34.626  7043  7050 W SP      : File ref is being finalized but wasn't closed, file: qrnn_de-DE_reco_20251103_fst_20251103_recospec_zip[1474]
09-14 09:34:34.626  7043  7050 W SP      : File ref is being finalized but wasn't closed, file: de_de_20251103_compact_fst_zip[1474]
09-14 09:34:34.626  7043  7050 W SP      : File ref is being finalized but wasn't closed, file: transformer_latin_conf_tflite_20251103_zip[3099]
09-14 09:34:34.626  7043  7050 W SP      : File ref is being finalized but wasn't closed, file: transformer_latin_tflite_20251103_zip[3099]
09-14 09:34:34.626  7043  7050 W SP      : File ref is being finalized but wasn't closed, file: scribe_latin_20250829tfreco_recospec_zip[3099]
09-14 09:34:34.626  7043  7050 W SP      : File ref is being finalized but wasn't closed, file: qrnn_en-US_reco_20251103_fst_20251103_recospec_zip[2828]
09-14 09:34:34.626  7043  7050 W SP      : File ref is being finalized but wasn't closed, file: transformer_latin_seg_tflite_20251103_zip[3099]
09-14 09:34:34.626  7043  7050 W SP      : File ref is being finalized but wasn't closed, file: pack_mapping_v1_lstm_20260206[2312]
09-14 09:34:34.626  7043  7050 W SP      : File ref is being finalized but wasn't closed, file: en_us_20251103_compact_fst_zip[2828]
09-14 09:34:34.626  7043  7050 W SP      : File ref is being finalized but wasn't closed, file: scribe_latin_20250829tfreco_tflite_zip[3099]
09-14 09:34:34.626  7043  7050 W SP      : File ref is being finalized but wasn't closed, file: qrnn_de-DE_reco_20251103_fst_20251103_recospec_zip[1474]
09-14 09:34:34.626  7043  7050 W SP      : File ref is being finalized but wasn't closed, file: de_de_20251103_compact_fst_zip[1474]
09-14 09:34:34.626  7043  7050 W SP      : File ref is being finalized but wasn't closed, file: transformer_latin_conf_tflite_20251103_zip[3099]
09-14 09:34:34.626  7043  7050 W SP      : File ref is being finalized but wasn't closed, file: transformer_latin_tflite_20251103_zip[3099]
09-14 09:34:34.626  7043  7050 W SP      : File ref is being finalized but wasn't closed, file: scribe_latin_20250829tfreco_recospec_zip[3099]
09-14 09:34:34.626  7043  7050 W SP      : File ref is being finalized but wasn't closed, file: qrnn_en-US_reco_20251103_fst_20251103_recospec_zip[2828]
09-14 09:34:34.626  7043  7050 W SP      : File ref is being finalized but wasn't closed, file: transformer_latin_seg_tflite_20251103_zip[3099]
09-14 09:34:34.626  7043  7050 W SP      : File ref is being finalized but wasn't closed, file: pack_mapping_v1_lstm_20260206[2312]
09-14 09:34:34.626  7043  7050 W SP      : File ref is being finalized but wasn't closed, file: en_us_20251103_compact_fst_zip[2828]
09-14 09:34:34.626  7043  7050 W SP      : File ref is being finalized but wasn't closed, file: scribe_latin_20250829tfreco_tflite_zip[3099]
09-14 09:34:34.626  7043  7050 W SP      : File ref is being finalized but wasn't closed, file: qrnn_de-DE_reco_20251103_fst_20251103_recospec_zip[1474]
09-14 09:34:34.626  7043  7050 W SP      : File ref is being finalized but wasn't closed, file: de_de_20251103_compact_fst_zip[1474]
09-14 09:34:34.626  7043  7050 W SP      : File ref is being finalized but wasn't closed, file: transformer_latin_conf_tflite_20251103_zip[3099]
09-14 09:34:34.626  7043  7050 W SP      : File ref is being finalized but wasn't closed, file: transformer_latin_tflite_20251103_zip[3099]
09-14 09:34:34.626  7043  7050 W SP      : File ref is being finalized but wasn't closed, file: scribe_latin_20250829tfreco_recospec_zip[3099]
09-14 09:34:34.626  7043  7050 W SP      : File ref is being finalized but wasn't closed, file: qrnn_en-US_reco_20251103_fst_20251103_recospec_zip[2828]
09-14 09:34:34.626  7043  7050 W SP      : File ref is being finalized but wasn't closed, file: transformer_latin_seg_tflite_20251103_zip[3099]
09-14 09:34:34.626  7043  7050 W SP      : File ref is being finalized but wasn't closed, file: pack_mapping_v1_lstm_20260206[2312]
09-14 09:34:34.626  7043  7050 W SP      : File ref is being finalized but wasn't closed, file: en_us_20251103_compact_fst_zip[2828]
09-14 09:34:34.626  7043  7050 W SP      : File ref is being finalized but wasn't closed, file: scribe_latin_20250829tfreco_tflite_zip[3099]
09-14 09:34:34.626  7043  7050 W SP      : File ref is being finalized but wasn't closed, file: qrnn_de-DE_reco_20251103_fst_20251103_recospec_zip[1474]
09-14 09:34:34.626  7043  7050 W SP      : File ref is being finalized but wasn't closed, file: de_de_20251103_compact_fst_zip[1474]
09-14 09:34:34.626  7043  7050 W SP      : File ref is being finalized but wasn't closed, file: transformer_latin_conf_tflite_20251103_zip[3099]
09-14 09:34:34.626  7043  7050 W SP      : File ref is being finalized but wasn't closed, file: transformer_latin_tflite_20251103_zip[3099]
09-14 09:34:34.626  7043  7050 W SP      : File ref is being finalized but wasn't closed, file: scribe_latin_20250829tfreco_recospec_zip[3099]
09-14 09:34:34.626  7043  7050 W SP      : File ref is being finalized but wasn't closed, file: qrnn_en-US_reco_20251103_fst_20251103_recospec_zip[2828]
09-14 09:34:34.626  7043  7050 W SP      : File ref is being finalized but wasn't closed, file: transformer_latin_seg_tflite_20251103_zip[3099]
09-14 09:34:34.626  7043  7050 W SP      : File ref is being finalized but wasn't closed, file: pack_mapping_v1_lstm_20260206[2312]
09-14 09:34:34.626  7043  7050 W SP      : File ref is being finalized but wasn't closed, file: en_us_20251103_compact_fst_zip[2828]
09-14 09:34:34.626  7043  7050 W SP      : File ref is being finalized but wasn't closed, file: scribe_latin_20250829tfreco_tflite_zip[3099]
09-14 09:34:34.626  7043  7050 W SP      : File ref is being finalized but wasn't closed, file: qrnn_de-DE_reco_20251103_fst_20251103_recospec_zip[1474]
09-14 09:34:34.626  7043  7050 W SP      : File ref is being finalized but wasn't closed, file: de_de_20251103_compact_fst_zip[1474]
09-14 09:34:34.626  7043  7050 W SP      : File ref is being finalized but wasn't closed, file: transformer_latin_conf_tflite_20251103_zip[3099]
09-14 09:34:34.626  7043  7050 W SP      : File ref is being finalized but wasn't closed, file: transformer_latin_tflite_20251103_zip[3099]
09-14 09:34:34.626  7043  7050 W SP      : File ref is being finalized but wasn't closed, file: scribe_latin_20250829tfreco_recospec_zip[3099]
09-14 09:34:34.626  7043  7050 W SP      : File ref is being finalized but wasn't closed, file: qrnn_en-US_reco_20251103_fst_20251103_recospec_zip[2828]
09-14 09:34:34.626  7043  7050 W SP      : File ref is being finalized but wasn't closed, file: transformer_latin_seg_tflite_20251103_zip[3099]
09-14 09:34:34.626  7043  7050 W SP      : File ref is being finalized but wasn't closed, file: pack_mapping_v1_lstm_20260206[2312]
09-14 09:34:34.626  7043  7050 W SP      : File ref is being finalized but wasn't closed, file: en_us_20251103_compact_fst_zip[2828]
09-14 09:34:34.626  7043  7050 W SP      : File ref is being finalized but wasn't closed, file: scribe_latin_20250829tfreco_tflite_zip[3099]
09-14 09:34:34.626  7043  7050 W SP      : File ref is being finalized but wasn't closed, file: qrnn_de-DE_reco_20251103_fst_20251103_recospec_zip[1474]
09-14 09:34:34.626  7043  7050 W SP      : File ref is being finalized but wasn't closed, file: main_en_us_2025121900_2[504]
09-14 09:34:34.626  7043  7050 W SP      : File ref is being finalized but wasn't closed, file: main_en_us_2025121900_2[504]
09-14 09:34:34.628   516   516 W skia    : AGTM parsing failed flags.readFromStream(s) at 159
09-14 09:34:34.628   516   516 W skia    : AGTM parsing failed flags.readFromStream(s) at 159
09-14 09:34:34.628   516   516 W skia    : AGTM parsing failed flags.readFromStream(s) at 159
09-14 09:34:34.628   516   516 W skia    : AGTM parsing failed flags.readFromStream(s) at 159
09-14 09:34:34.628   516   516 W skia    : AGTM parsing failed flags.readFromStream(s) at 159
09-14 09:34:34.629  7043  7043 W TextView: onProvideContentCaptureStructure(): calling assumeLayout()
09-14 09:34:34.630  7043  7043 I GoogleInputMethodService: GoogleInputMethodService$1.onKeyboardViewShown():344 onKeyboardViewShown: keyboardType=accessory, keyboardViewType=HEADER keyboardView=null
09-14 09:34:34.630  7043  7043 W Keyboard: Keyboard.getKeyboardViewHelper():607 null helper is returned: keyboardDef=oll{processedConditions={}, globalConditions={}, className=com.google.android.libraries.inputmethod.keyboard.impl.Keyboard, resourceIds=[#0x7f17004e], initialStates=0, keyboardViewDefs=[], persistentStates=0, persistentStatesPrefKey=null, popupBubbleLayoutId=#0x0, recentKeyLayoutId=#0x0, recentKeyPopupLayoutId=#0x0, recentKeyType=null, rememberRecentKey=NONE, sessionStates=0}, type=BODY, helpersCreated={}, context.getResources().getConfiguration(): {1.0 310mcc260mnc [de_DE] ldltr sw411dp w411dp h914dp 420dpi nrml long compactNeeded port finger qwerty/v/v dpad/v winConfig={ mBounds=Rect(0, 0 - 1080, 2400) mAppBounds=Rect(0, 0 - 1080, 2400) mMaxBounds=Rect(0, 0 - 1080, 2400) mDisplayRotation=ROTATION_0 mWindowingMode=fullscreen mActivityType=undefined mAlwaysOnTop=undefined mRotation=ROTATION_0} as.5 s.55 fontWeightAdjustment=0}
09-14 09:34:34.630  7043  7043 I GoogleInputMethodService: GoogleInputMethodService$1.onKeyboardViewShown():344 onKeyboardViewShown: keyboardType=accessory, keyboardViewType=BODY keyboardView=null
09-14 09:34:34.630  7043  7043 W Keyboard: Keyboard.getKeyboardViewHelper():607 null helper is returned: keyboardDef=oll{processedConditions={}, globalConditions={}, className=com.google.android.libraries.inputmethod.keyboard.impl.Keyboard, resourceIds=[#0x7f17004e], initialStates=0, keyboardViewDefs=[], persistentStates=0, persistentStatesPrefKey=null, popupBubbleLayoutId=#0x0, recentKeyLayoutId=#0x0, recentKeyPopupLayoutId=#0x0, recentKeyType=null, rememberRecentKey=NONE, sessionStates=0}, type=BODY, helpersCreated={}, context.getResources().getConfiguration(): {1.0 310mcc260mnc [de_DE] ldltr sw411dp w411dp h914dp 420dpi nrml long compactNeeded port finger qwerty/v/v dpad/v winConfig={ mBounds=Rect(0, 0 - 1080, 2400) mAppBounds=Rect(0, 0 - 1080, 2400) mMaxBounds=Rect(0, 0 - 1080, 2400) mDisplayRotation=ROTATION_0 mWindowingMode=fullscreen mActivityType=undefined mAlwaysOnTop=undefined mRotation=ROTATION_0} as.5 s.55 fontWeightAdjustment=0}
09-14 09:34:34.630  1110  1200 D WindowManagerShell: PipDesktopState: isPipInDesktopMode isAnyDeskActive=false isDisplayDesktopFirst=false
09-14 09:34:34.631  7043  7043 I DynamicLanguageSetterModule: DynamicLanguageSetterModule.createTemporaryEnableTask():503 Enable temporary entries: [de], and current entry: null
09-14 09:34:34.631  7043  7043 I InputMethodEntryManager: InputMethodEntryManager.enableLanguagesAndChangeCurrentTemporarily():1922 enabledLanguages: [de-Latn-DE], specifiedCurrentLanguage null
09-14 09:34:34.631  7043  7043 I InputMethodEntryManager: InputMethodEntryManager.enableInputMethodEntriesTemporarily():2148 temporarilyEnabledEntryTuples [LanguageTagVariantTuple{languageTag=de-DE, variant=qwerty}]
09-14 09:34:34.631  7043  7043 I GlobeKeyExtension: GlobeKeyExtension.updateKeyboardState():141 
09-14 09:34:34.631  7043  7043 I GlobeKeyExtension: GlobeKeyExtension.getKeyboardInitialStates():186 
09-14 09:34:34.632  7043  7043 I GlobeKeyExtension: GlobeKeyExtension.updateKeyboardState():144 Changing states 0x10400000000->0x10400000000 (enabled:, disabled:, now:EMOJI_AVAILABLE,EMOTICON_AVAILABLE)
09-14 09:34:34.632  7043  7043 I InputMethodEntryManager: InputMethodEntryManager.enableLanguagesAndChangeCurrentTemporarily():1958 Update temporary current entry(de-DE, qwerty)
09-14 09:34:34.632  7043 19118 I PerLanguageDataDownloader: PerLanguageDataDownloader.downloadDataInternal():168 downloading Data for en
09-14 09:34:34.632  7043  7071 I SP      : Registering emoticon_content_description.2022081613, url: https://www.gstatic.com/android/keyboard/emoticon_content_desc/202208161305/superpacks_manifest.json, constraints: W:*:*:*, flags: bg, requested: 2022081613, current: 2022081613
09-14 09:34:34.632  7043 19118 I ManifestedDataDownloader: ManifestedDataDownloader.download():67 downloading manifest https://www.gstatic.com/android/keyboard/modelpack/proactiveek/embedding_gemma/2025120304/en_manifest.json
09-14 09:34:34.632  7043  7071 I SuperpacksManagerImpl: SuperpacksManagerImpl$3$1.onSuccess():552 emoticon_content_description.registerManifest() succeeded
09-14 09:34:34.632  7043  7098 I DownloadManager: DownloadManager.completeDownload():434 Download for __PEKB_manifest_pek_blocklist__en scheduled with params oim[allowMetered=true, requireCharging=false, foreground=false, immediately=true, priority=0]
09-14 09:34:34.632  7043  7098 I DownloadManager: DownloadManager.startDownload():518 start download of __PEKB_manifest_pek_blocklist__en
09-14 09:34:34.632  7043  7071 I SP      : Syncing emoticon_content_description (2022081613) with slices: [7a635888cb828dfa2fc744b7b9b50f04, 1c661f5c7fb2b8a396a302d79ea74d30], metadata: false
09-14 09:34:34.633  7043  7098 I DownloadManager: DownloadManager$4.onSuccess():587 download for __PEKB_manifest_pek_blocklist__en is finished with files # rtx@1080a069
09-14 09:34:34.633  7043 19118 I ManifestedDataDownloader: ManifestedDataDownloader.checkVersionAndDownload():98 filegroup __PEKB_pek_blocklist__en with version 2025120304 is already downloaded
09-14 09:34:34.633  7043 19118 I PerLanguageDataDownloader: PerLanguageDataDownloader$2.onSuccess():188 Data en downloaded with version 2025120304
09-14 09:34:34.643  7043  7071 I SP      : Sync for emoticon_content_description succeeded in 11 ms: no changes
09-14 09:34:34.643  7043  7071 I SP      : GC for 'emoticon_content_description' (10) with ttl of 0 ms took 0 ms (0/0/0)
09-14 09:34:34.643  7043  7071 I SuperpacksManagerImpl: SuperpacksManagerImpl$19.onSyncSuccess():947 emoticon_content_description.sync() succeeded
09-14 09:34:34.644   516   516 W skia    : AGTM parsing failed flags.readFromStream(s) at 159
09-14 09:34:34.644   516   516 W skia    : AGTM parsing failed flags.readFromStream(s) at 159
09-14 09:34:34.644   516   516 W skia    : AGTM parsing failed flags.readFromStream(s) at 159
09-14 09:34:34.644   516   516 W skia    : AGTM parsing failed flags.readFromStream(s) at 159
09-14 09:34:34.644   516   516 W skia    : AGTM parsing failed flags.readFromStream(s) at 159
09-14 09:34:34.644   516   516 W skia    : AGTM parsing failed flags.readFromStream(s) at 159
09-14 09:34:34.644   516   516 W skia    : AGTM parsing failed flags.readFromStream(s) at 159
09-14 09:34:34.661   516   516 W skia    : AGTM parsing failed flags.readFromStream(s) at 159
09-14 09:34:34.661   516   516 W skia    : AGTM parsing failed flags.readFromStream(s) at 159
09-14 09:34:34.661   516   516 W skia    : AGTM parsing failed flags.readFromStream(s) at 159
09-14 09:34:34.661   516   516 W skia    : AGTM parsing failed flags.readFromStream(s) at 159
09-14 09:34:34.661   516   516 W skia    : AGTM parsing failed flags.readFromStream(s) at 159
09-14 09:34:34.661   516   516 W skia    : AGTM parsing failed flags.readFromStream(s) at 159
09-14 09:34:34.661   516   516 W skia    : AGTM parsing failed flags.readFromStream(s) at 159
09-14 09:34:34.662 19082 19082 W InteractionJankMonitor: Initializing without READ_DEVICE_CONFIG permission. enabled=false, interval=1, missedFrameThreshold=3, frameTimeThreshold=64, package=com.highfly.logbook
09-14 09:34:34.678   516   516 W skia    : AGTM parsing failed flags.readFromStream(s) at 159
09-14 09:34:34.694   516   516 W skia    : AGTM parsing failed flags.readFromStream(s) at 159
09-14 09:34:34.694   516   516 W skia    : AGTM parsing failed flags.readFromStream(s) at 159
09-14 09:34:34.694   516   516 W skia    : AGTM parsing failed flags.readFromStream(s) at 159
09-14 09:34:34.694   516   516 W skia    : AGTM parsing failed flags.readFromStream(s) at 159
09-14 09:34:34.694   516   516 W skia    : AGTM parsing failed flags.readFromStream(s) at 159
09-14 09:34:34.694   516   516 W skia    : AGTM parsing failed flags.readFromStream(s) at 159
09-14 09:34:34.694   516   516 W skia    : AGTM parsing failed flags.readFromStream(s) at 159
09-14 09:34:34.694   516   516 W skia    : AGTM parsing failed flags.readFromStream(s) at 159
09-14 09:34:34.711   516   516 W skia    : AGTM parsing failed flags.readFromStream(s) at 159
09-14 09:34:34.711   516   516 W skia    : AGTM parsing failed flags.readFromStream(s) at 159
09-14 09:34:34.711   516   516 W skia    : AGTM parsing failed flags.readFromStream(s) at 159
09-14 09:34:34.711   516   516 W skia    : AGTM parsing failed flags.readFromStream(s) at 159
09-14 09:34:34.711   516   516 W skia    : AGTM parsing failed flags.readFromStream(s) at 159
09-14 09:34:34.711   516   516 W skia    : AGTM parsing failed flags.readFromStream(s) at 159
09-14 09:34:34.711   516   516 W skia    : AGTM parsing failed flags.readFromStream(s) at 159
09-14 09:34:34.712   516   547 W skia    : AGTM parsing failed flags.readFromStream(s) at 159
09-14 09:34:34.712   516   547 W skia    : AGTM parsing failed flags.readFromStream(s) at 159
09-14 09:34:34.728   516   516 W skia    : AGTM parsing failed flags.readFromStream(s) at 159
09-14 09:34:34.728   516   516 W skia    : AGTM parsing failed flags.readFromStream(s) at 159
09-14 09:34:34.728   516   516 W skia    : AGTM parsing failed flags.readFromStream(s) at 159
09-14 09:34:34.728   516   516 W skia    : AGTM parsing failed flags.readFromStream(s) at 159
09-14 09:34:34.728   516   516 W skia    : AGTM parsing failed flags.readFromStream(s) at 159
09-14 09:34:34.728   516   516 W skia    : AGTM parsing failed flags.readFromStream(s) at 159
09-14 09:34:34.728   516   516 W skia    : AGTM parsing failed flags.readFromStream(s) at 159
09-14 09:34:34.744   516   516 W skia    : AGTM parsing failed flags.readFromStream(s) at 159
09-14 09:34:34.744   516   516 W skia    : AGTM parsing failed flags.readFromStream(s) at 159
09-14 09:34:34.744   516   516 W skia    : AGTM parsing failed flags.readFromStream(s) at 159
09-14 09:34:34.744   516   516 W skia    : AGTM parsing failed flags.readFromStream(s) at 159
09-14 09:34:34.744   516   516 W skia    : AGTM parsing failed flags.readFromStream(s) at 159
09-14 09:34:34.744   516   516 W skia    : AGTM parsing failed flags.readFromStream(s) at 159
09-14 09:34:34.744   516   516 W skia    : AGTM parsing failed flags.readFromStream(s) at 159
09-14 09:34:34.761   516   516 W skia    : AGTM parsing failed flags.readFromStream(s) at 159
09-14 09:34:34.761   516   516 W skia    : AGTM parsing failed flags.readFromStream(s) at 159
09-14 09:34:34.761   516   516 W skia    : AGTM parsing failed flags.readFromStream(s) at 159
09-14 09:34:34.761   516   516 W skia    : AGTM parsing failed flags.readFromStream(s) at 159
09-14 09:34:34.761   516   516 W skia    : AGTM parsing failed flags.readFromStream(s) at 159
09-14 09:34:34.761   516   516 W skia    : AGTM parsing failed flags.readFromStream(s) at 159
09-14 09:34:34.761   516   516 W skia    : AGTM parsing failed flags.readFromStream(s) at 159
09-14 09:34:34.778   516   516 W skia    : AGTM parsing failed flags.readFromStream(s) at 159
09-14 09:34:34.778   516   516 W skia    : AGTM parsing failed flags.readFromStream(s) at 159
09-14 09:34:34.778   516   516 W skia    : AGTM parsing failed flags.readFromStream(s) at 159
09-14 09:34:34.778   516   516 W skia    : AGTM parsing failed flags.readFromStream(s) at 159
09-14 09:34:34.778   516   516 W skia    : AGTM parsing failed flags.readFromStream(s) at 159
09-14 09:34:34.778   516   516 W skia    : AGTM parsing failed flags.readFromStream(s) at 159
09-14 09:34:34.778   516   516 W skia    : AGTM parsing failed flags.readFromStream(s) at 159
09-14 09:34:34.794   516   516 W skia    : AGTM parsing failed flags.readFromStream(s) at 159
09-14 09:34:34.794   516   516 W skia    : AGTM parsing failed flags.readFromStream(s) at 159
09-14 09:34:34.794   516   516 W skia    : AGTM parsing failed flags.readFromStream(s) at 159
09-14 09:34:34.794   516   516 W skia    : AGTM parsing failed flags.readFromStream(s) at 159
09-14 09:34:34.794   516   516 W skia    : AGTM parsing failed flags.readFromStream(s) at 159
09-14 09:34:34.794   516   516 W skia    : AGTM parsing failed flags.readFromStream(s) at 159
09-14 09:34:34.794   516   516 W skia    : AGTM parsing failed flags.readFromStream(s) at 159
09-14 09:34:34.797  7043  7043 W TooltipLifecycleManager: TooltipLifecycleManager.dismissTooltips():153 Tooltip with id spell_check_add_to_dictionary not found in tooltipManager.
09-14 09:34:34.811   516   516 W skia    : AGTM parsing failed flags.readFromStream(s) at 159
09-14 09:34:34.811   516   516 W skia    : AGTM parsing failed flags.readFromStream(s) at 159
09-14 09:34:34.811   516   516 W skia    : AGTM parsing failed flags.readFromStream(s) at 159
09-14 09:34:34.811   516   516 W skia    : AGTM parsing failed flags.readFromStream(s) at 159
09-14 09:34:34.811   516   516 W skia    : AGTM parsing failed flags.readFromStream(s) at 159
09-14 09:34:34.811   516   516 W skia    : AGTM parsing failed flags.readFromStream(s) at 159
09-14 09:34:34.811   516   516 W skia    : AGTM parsing failed flags.readFromStream(s) at 159
09-14 09:34:34.812   516   547 W skia    : AGTM parsing failed flags.readFromStream(s) at 159
09-14 09:34:34.812   516   547 W skia    : AGTM parsing failed flags.readFromStream(s) at 159
09-14 09:34:34.828   516   516 W skia    : AGTM parsing failed flags.readFromStream(s) at 159
09-14 09:34:34.828   516   516 W skia    : AGTM parsing failed flags.readFromStream(s) at 159
09-14 09:34:34.828   516   516 W skia    : AGTM parsing failed flags.readFromStream(s) at 159
09-14 09:34:34.828   516   516 W skia    : AGTM parsing failed flags.readFromStream(s) at 159
09-14 09:34:34.828   516   516 W skia    : AGTM parsing failed flags.readFromStream(s) at 159
09-14 09:34:34.828   516   516 W skia    : AGTM parsing failed flags.readFromStream(s) at 159
09-14 09:34:34.828   516   516 W skia    : AGTM parsing failed flags.readFromStream(s) at 159
09-14 09:34:34.844   516   516 W skia    : AGTM parsing failed flags.readFromStream(s) at 159
09-14 09:34:34.844   516   516 W skia    : AGTM parsing failed flags.readFromStream(s) at 159
09-14 09:34:34.844   516   516 W skia    : AGTM parsing failed flags.readFromStream(s) at 159
09-14 09:34:34.844   516   516 W skia    : AGTM parsing failed flags.readFromStream(s) at 159
09-14 09:34:34.844   516   516 W skia    : AGTM parsing failed flags.readFromStream(s) at 159
09-14 09:34:34.844   516   516 W skia    : AGTM parsing failed flags.readFromStream(s) at 159
09-14 09:34:34.844   516   516 W skia    : AGTM parsing failed flags.readFromStream(s) at 159
09-14 09:34:34.861   516   516 W skia    : AGTM parsing failed flags.readFromStream(s) at 159
09-14 09:34:34.861   516   516 W skia    : AGTM parsing failed flags.readFromStream(s) at 159
09-14 09:34:34.861   516   516 W skia    : AGTM parsing failed flags.readFromStream(s) at 159
09-14 09:34:34.861   516   516 W skia    : AGTM parsing failed flags.readFromStream(s) at 159
09-14 09:34:34.861   516   516 W skia    : AGTM parsing failed flags.readFromStream(s) at 159
09-14 09:34:34.861   516   516 W skia    : AGTM parsing failed flags.readFromStream(s) at 159
09-14 09:34:34.861   516   516 W skia    : AGTM parsing failed flags.readFromStream(s) at 159
09-14 09:34:34.862 19082 19082 I ImeTracker: com.highfly.logbook:ffc2a961: onShown
09-14 09:34:34.878   516   516 W skia    : AGTM parsing failed flags.readFromStream(s) at 159
09-14 09:34:34.894   516   516 W skia    : AGTM parsing failed flags.readFromStream(s) at 159
09-14 09:34:34.911   516   516 W skia    : AGTM parsing failed flags.readFromStream(s) at 159
09-14 09:34:34.912   516   547 W skia    : AGTM parsing failed flags.readFromStream(s) at 159
09-14 09:34:34.912   516   547 W skia    : AGTM parsing failed flags.readFromStream(s) at 159
09-14 09:34:34.928   516   516 W skia    : AGTM parsing failed flags.readFromStream(s) at 159
09-14 09:34:34.944   516   516 W skia    : AGTM parsing failed flags.readFromStream(s) at 159
09-14 09:34:34.946 19082 19128 D ProfileInstaller: Installing profile for com.highfly.logbook
09-14 09:34:34.978   516   516 W skia    : AGTM parsing failed flags.readFromStream(s) at 159
09-14 09:34:34.994   516   516 W skia    : AGTM parsing failed flags.readFromStream(s) at 159
09-14 09:34:35.011   516   516 W skia    : AGTM parsing failed flags.readFromStream(s) at 159
09-14 09:34:35.012   516   547 W skia    : AGTM parsing failed flags.readFromStream(s) at 159
09-14 09:34:35.012   516   547 W skia    : AGTM parsing failed flags.readFromStream(s) at 159
09-14 09:34:35.028   516   516 W skia    : AGTM parsing failed flags.readFromStream(s) at 159
09-14 09:34:35.044   516   516 W skia    : AGTM parsing failed flags.readFromStream(s) at 159
09-14 09:34:35.061   516   516 W skia    : AGTM parsing failed flags.readFromStream(s) at 159
09-14 09:34:35.078   516   516 W skia    : AGTM parsing failed flags.readFromStream(s) at 159
09-14 09:34:35.094   516   516 W skia    : AGTM parsing failed flags.readFromStream(s) at 159
09-14 09:34:35.111   516   516 W skia    : AGTM parsing failed flags.readFromStream(s) at 159
09-14 09:34:35.111   516   516 W skia    : AGTM parsing failed flags.readFromStream(s) at 159
09-14 09:34:35.112   516   547 W skia    : AGTM parsing failed flags.readFromStream(s) at 159
09-14 09:34:35.113   516   547 W skia    : AGTM parsing failed flags.readFromStream(s) at 159
09-14 09:34:35.128   516   516 W skia    : AGTM parsing failed flags.readFromStream(s) at 159
09-14 09:34:35.144   516   516 W skia    : AGTM parsing failed flags.readFromStream(s) at 159
09-14 09:34:35.161   516   516 W skia    : AGTM parsing failed flags.readFromStream(s) at 159
09-14 09:34:35.178   516   516 W skia    : AGTM parsing failed flags.readFromStream(s) at 159
09-14 09:34:35.194   516   516 W skia    : AGTM parsing failed flags.readFromStream(s) at 159
09-14 09:34:35.211   516   516 W skia    : AGTM parsing failed flags.readFromStream(s) at 159
09-14 09:34:35.213   516   547 W skia    : AGTM parsing failed flags.readFromStream(s) at 159
09-14 09:34:35.213   516   547 W skia    : AGTM parsing failed flags.readFromStream(s) at 159
09-14 09:34:35.407   661  2245 W EventHub: Multiple scan codes map to the same key code 73, returning only the first match
09-14 09:34:35.407  7043  7043 I AccessoryInputModeManager: AccessoryInputModeManager.onModeStarted():353 Accessory input mode started: PK
09-14 09:34:35.408  7043  7043 I KeyboardViewHelper: KeyboardViewHelper.getView():180 Get view with height ratio:1.000000
09-14 09:34:35.408  7043  7043 W StatusViewController: StatusViewController.updateKeyboardView():46 Failed to inflate voice header view [UD]
09-14 09:34:35.410  7043  7043 I MotionEventHandlerManager: MotionEventHandlerManager.newHandlerInstance():562 Created handler instance from HiltMotionEventHandlerFactory .companionwidget.WidgetDragToMoveMotionEventHandler
09-14 09:34:35.410  7043  7043 I MotionEventHandlerManager: MotionEventHandlerManager.newHandlerInstance():562 Created handler instance from HiltMotionEventHandlerFactory .motioneventhandler.BasicMotionEventHandler
09-14 09:34:35.410  7043  7043 I WidgetViewShowingPositionHandler: WidgetViewShowingPositionHandler.updateAvailableArea():199 update available area Rect(21, 153 - 1059, 2333)
09-14 09:34:35.411  7043  7043 I KeyboardViewController: KeyboardViewController.hide():988 Requesting to hide sub view with id 2131436959 #0x7f0b259f which doesn't exist in current keyboard view
09-14 09:34:35.411  7043  7043 I ProactiveSuggestionsHolderManager: ProactiveSuggestionsHolderManager$displaySuggestionsListener$1.display():238 Requesting to show proactive suggestions: CLIPBOARD PREEMPTIVE in HEADER
09-14 09:34:35.411  7043  7043 I ProactiveSuggestionsHolderManager: ProactiveSuggestionsHolderManager$displaySuggestionsListener$1.display():259 suggestions CLIPBOARD are pending to show on HEADER
09-14 09:34:35.411  7043  7043 I ProactiveSuggestionsHolderManager: ProactiveSuggestionsHolderManager$displaySuggestionsListener$1.display():238 Requesting to show proactive suggestions: CLIPBOARD PREEMPTIVE in FLOATING_CANDIDATES
09-14 09:34:35.411  7043  7043 I ProactiveSuggestionsHolderManager: ProactiveSuggestionsHolderManager$displaySuggestionsListener$1.display():259 suggestions CLIPBOARD are pending to show on FLOATING_CANDIDATES
09-14 09:34:35.411  7043  7043 I ProactiveSuggestionsHolderManager: ProactiveSuggestionsHolderManager$displaySuggestionsListener$1.display():238 Requesting to show proactive suggestions: CLIPBOARD PREEMPTIVE in WIDGET
09-14 09:34:35.411  7043  7043 I ProactiveSuggestionsHolderManager: ProactiveSuggestionsHolderManager$displaySuggestionsListener$1.display():259 suggestions CLIPBOARD are pending to show on WIDGET
09-14 09:34:35.411  7043  7043 I Delight5Decoder: Delight5DecoderWrapper.setKeyboardLayout():553 setKeyboardLayout()
09-14 09:34:35.420  7043  7043 I HardKeyTracker: HardKeyTracker.registerKeySequence():201 Register key sequence pkp{labelResId=2132020533, callback=fhc@47be0c6, lastModifier=2, keyCodes=[32], actions=[0]}
09-14 09:34:35.420  7043  7043 I HardKeyTracker: HardKeyTracker.registerKeySequence():201 Register key sequence pkp{labelResId=2132020533, callback=fhc@65f3887, lastModifier=0, keyCodes=[319], actions=[0]}
09-14 09:34:35.420  7043  7043 W SupplementaryKeyboardsWrapper: SupplementaryKeyboardsWrapper.deactivateKeyboard():162 keyboard composing_text_consumer is not activated before!
09-14 09:34:35.422  7043  7043 W AndroidSpellCheckerService: AndroidSpellCheckerService.initialize():72 initialize...
09-14 09:34:35.422  7043  7043 I ShortcutsDataManager: ShortcutsDataManager.onContentChanged():72 onContentChanged()
09-14 09:34:35.422  7043  7043 I ContactsDataManager: ContactsDataManager.onContentChanged():153 onContentChanged()
09-14 09:34:35.422  7043  7043 W AndroidSpellCheckerService: AndroidSpellCheckerService.initialize():82 initialize...done
09-14 09:34:35.422  7043  7386 I Delight5: JniUtil.loadLibrary():30 loadLibrary(): nativeLibraryLoaded=true
09-14 09:34:35.422  7043  7386 I AndroidSpellCheckerService: AndroidSpellCheckerService.createSession():138 com.google.android.keyboard.client.delight5.LanguageIdentifier@30dea11 is created
09-14 09:34:35.428   516   516 W skia    : AGTM parsing failed flags.readFromStream(s) at 159
09-14 09:34:35.429   516   547 W skia    : AGTM parsing failed flags.readFromStream(s) at 159
09-14 09:34:35.429   516   547 W skia    : AGTM parsing failed flags.readFromStream(s) at 159
09-14 09:34:35.444   516   516 W skia    : AGTM parsing failed flags.readFromStream(s) at 159
09-14 09:34:35.444   516   516 W skia    : AGTM parsing failed flags.readFromStream(s) at 159
09-14 09:34:35.444   516   516 W skia    : AGTM parsing failed flags.readFromStream(s) at 159
09-14 09:34:35.444   516   516 W skia    : AGTM parsing failed flags.readFromStream(s) at 159
09-14 09:34:35.444   516   516 W skia    : AGTM parsing failed flags.readFromStream(s) at 159
09-14 09:34:35.445   516   516 W skia    : AGTM parsing failed flags.readFromStream(s) at 159
09-14 09:34:35.445   516   516 W skia    : AGTM parsing failed flags.readFromStream(s) at 159
09-14 09:34:35.461   516   516 W skia    : AGTM parsing failed flags.readFromStream(s) at 159
09-14 09:34:35.478   516   516 W skia    : AGTM parsing failed flags.readFromStream(s) at 159
09-14 09:34:35.478   516   516 W skia    : AGTM parsing failed flags.readFromStream(s) at 159
09-14 09:34:35.478   516   516 W skia    : AGTM parsing failed flags.readFromStream(s) at 159
09-14 09:34:35.478   516   516 W skia    : AGTM parsing failed flags.readFromStream(s) at 159
09-14 09:34:35.478   516   516 W skia    : AGTM parsing failed flags.readFromStream(s) at 159
09-14 09:34:35.478   516   516 W skia    : AGTM parsing failed flags.readFromStream(s) at 159
09-14 09:34:35.478   516   516 W skia    : AGTM parsing failed flags.readFromStream(s) at 159
09-14 09:34:35.494   516   516 W skia    : AGTM parsing failed flags.readFromStream(s) at 159
09-14 09:34:35.494   516   516 W skia    : AGTM parsing failed flags.readFromStream(s) at 159
09-14 09:34:35.494   516   516 W skia    : AGTM parsing failed flags.readFromStream(s) at 159
09-14 09:34:35.494   516   516 W skia    : AGTM parsing failed flags.readFromStream(s) at 159
09-14 09:34:35.494   516   516 W skia    : AGTM parsing failed flags.readFromStream(s) at 159
09-14 09:34:35.494   516   516 W skia    : AGTM parsing failed flags.readFromStream(s) at 159
09-14 09:34:35.494   516   516 W skia    : AGTM parsing failed flags.readFromStream(s) at 159
09-14 09:34:35.511   516   516 W skia    : AGTM parsing failed flags.readFromStream(s) at 159
09-14 09:34:35.511   516   516 W skia    : AGTM parsing failed flags.readFromStream(s) at 159
09-14 09:34:35.511   516   516 W skia    : AGTM parsing failed flags.readFromStream(s) at 159
09-14 09:34:35.511   516   516 W skia    : AGTM parsing failed flags.readFromStream(s) at 159
09-14 09:34:35.511   516   516 W skia    : AGTM parsing failed flags.readFromStream(s) at 159
09-14 09:34:35.511   516   516 W skia    : AGTM parsing failed flags.readFromStream(s) at 159
09-14 09:34:35.511   516   516 W skia    : AGTM parsing failed flags.readFromStream(s) at 159
09-14 09:34:35.528   516   516 W skia    : AGTM parsing failed flags.readFromStream(s) at 159
09-14 09:34:35.528   516   516 W skia    : AGTM parsing failed flags.readFromStream(s) at 159
09-14 09:34:35.528   516   516 W skia    : AGTM parsing failed flags.readFromStream(s) at 159
09-14 09:34:35.528   516   516 W skia    : AGTM parsing failed flags.readFromStream(s) at 159
09-14 09:34:35.528   516   516 W skia    : AGTM parsing failed flags.readFromStream(s) at 159
09-14 09:34:35.528   516   516 W skia    : AGTM parsing failed flags.readFromStream(s) at 159
09-14 09:34:35.528   516   516 W skia    : AGTM parsing failed flags.readFromStream(s) at 159
09-14 09:34:35.529   516   547 W skia    : AGTM parsing failed flags.readFromStream(s) at 159
09-14 09:34:35.529   516   547 W skia    : AGTM parsing failed flags.readFromStream(s) at 159
09-14 09:34:35.544   516   516 W skia    : AGTM parsing failed flags.readFromStream(s) at 159
09-14 09:34:35.544   516   516 W skia    : AGTM parsing failed flags.readFromStream(s) at 159
09-14 09:34:35.544   516   516 W skia    : AGTM parsing failed flags.readFromStream(s) at 159
09-14 09:34:35.544   516   516 W skia    : AGTM parsing failed flags.readFromStream(s) at 159
09-14 09:34:35.544   516   516 W skia    : AGTM parsing failed flags.readFromStream(s) at 159
09-14 09:34:35.544   516   516 W skia    : AGTM parsing failed flags.readFromStream(s) at 159
09-14 09:34:35.544   516   516 W skia    : AGTM parsing failed flags.readFromStream(s) at 159
09-14 09:34:35.561   516   516 W skia    : AGTM parsing failed flags.readFromStream(s) at 159
09-14 09:34:35.561   516   516 W skia    : AGTM parsing failed flags.readFromStream(s) at 159
09-14 09:34:35.561   516   516 W skia    : AGTM parsing failed flags.readFromStream(s) at 159
09-14 09:34:35.561   516   516 W skia    : AGTM parsing failed flags.readFromStream(s) at 159
09-14 09:34:35.561   516   516 W skia    : AGTM parsing failed flags.readFromStream(s) at 159
09-14 09:34:35.561   516   516 W skia    : AGTM parsing failed flags.readFromStream(s) at 159
09-14 09:34:35.561   516   516 W skia    : AGTM parsing failed flags.readFromStream(s) at 159
09-14 09:34:35.578   516   516 W skia    : AGTM parsing failed flags.readFromStream(s) at 159
09-14 09:34:35.578   516   516 W skia    : AGTM parsing failed flags.readFromStream(s) at 159
09-14 09:34:35.578   516   516 W skia    : AGTM parsing failed flags.readFromStream(s) at 159
09-14 09:34:35.578   516   516 W skia    : AGTM parsing failed flags.readFromStream(s) at 159
09-14 09:34:35.578   516   516 W skia    : AGTM parsing failed flags.readFromStream(s) at 159
09-14 09:34:35.578   516   516 W skia    : AGTM parsing failed flags.readFromStream(s) at 159
09-14 09:34:35.578   516   516 W skia    : AGTM parsing failed flags.readFromStream(s) at 159
09-14 09:34:35.594   516   516 W skia    : AGTM parsing failed flags.readFromStream(s) at 159
09-14 09:34:35.594   516   516 W skia    : AGTM parsing failed flags.readFromStream(s) at 159
09-14 09:34:35.594   516   516 W skia    : AGTM parsing failed flags.readFromStream(s) at 159
09-14 09:34:35.594   516   516 W skia    : AGTM parsing failed flags.readFromStream(s) at 159
09-14 09:34:35.594   516   516 W skia    : AGTM parsing failed flags.readFromStream(s) at 159
09-14 09:34:35.594   516   516 W skia    : AGTM parsing failed flags.readFromStream(s) at 159
09-14 09:34:35.594   516   516 W skia    : AGTM parsing failed flags.readFromStream(s) at 159
09-14 09:34:35.611   516   516 W skia    : AGTM parsing failed flags.readFromStream(s) at 159
09-14 09:34:35.611   516   516 W skia    : AGTM parsing failed flags.readFromStream(s) at 159
09-14 09:34:35.611   516   516 W skia    : AGTM parsing failed flags.readFromStream(s) at 159
09-14 09:34:35.611   516   516 W skia    : AGTM parsing failed flags.readFromStream(s) at 159
09-14 09:34:35.611   516   516 W skia    : AGTM parsing failed flags.readFromStream(s) at 159
09-14 09:34:35.611   516   516 W skia    : AGTM parsing failed flags.readFromStream(s) at 159
09-14 09:34:35.611   516   516 W skia    : AGTM parsing failed flags.readFromStream(s) at 159
09-14 09:34:35.611  7043  7043 W StatusViewController: StatusViewController.updateKeyboardView():46 Failed to inflate voice header view [UD]
09-14 09:34:35.612  7043  7043 W TextView: onProvideContentCaptureStructure(): calling assumeLayout()
09-14 09:34:35.625 19082 19082 I ImeTracker: com.highfly.logbook:de0e7aa2: onRequestShow at ORIGIN_CLIENT reason SHOW_SOFT_INPUT fromUser false userId 0 displayId 0
09-14 09:34:35.625 19082 19082 D InsetsController: show(ime())
09-14 09:34:35.625 19082 19082 I ImeTracker: com.highfly.logbook:de0e7aa2: onCancelled at PHASE_CLIENT_APPLY_ANIMATION
09-14 09:34:35.625   661   780 I ImeTracker: com.highfly.logbook:89f2e2c3: onRequestShow at ORIGIN_SERVER reason ATTACH_NEW_INPUT fromUser false userId 0 displayId 0
09-14 09:34:35.625   661   780 W InputChannel-JNI: Channel already disposed.
09-14 09:34:35.626  7043  7043 I GoogleInputMethodService: GoogleInputMethodService.onFinishInputView():1671 onFinishInputView(true)
09-14 09:34:35.626  7043  7043 W ExtensionWrapper: ExtensionWrapper.setAllowUpdateNavigationBarStyle():887 class lcr is not activate
09-14 09:34:35.626  7043  7043 I KeyboardViewController: KeyboardViewController.onKeyboardViewDetached():1401 the keyboard view accessory WIDGET com.google.android.libraries.inputmethod.companionwidget.widget.WidgetSoftKeyboardView{4c60168 G.E...C.. ......ID 0,0-148,556 aid=6730} is detaching is not the one saved com.google.android.libraries.inputmethod.companionwidget.widget.WidgetSoftKeyboardView{b2c7981 V.E...C.. ......ID 0,0-148,142 aid=6770}
09-14 09:34:35.626  7043  7043 I KeyboardViewController: KeyboardViewController.hide():988 Requesting to hide sub view with id 2131436959 #0x7f0b259f which doesn't exist in current keyboard view
09-14 09:34:35.627  7043  7043 W ExtensionWrapper: ExtensionWrapper.setAllowUpdateNavigationBarStyle():887 class lcr is not activate
09-14 09:34:35.627  7043  7043 W SupplementaryKeyboardsWrapper: SupplementaryKeyboardsWrapper.deactivateKeyboard():162 keyboard composing_text_consumer is not activated before!
09-14 09:34:35.627  7043  7043 I GlobeKeyExtension: GlobeKeyExtension.onDeactivate():154 
09-14 09:34:35.627  7043  7043 W TooltipLifecycleManager: TooltipLifecycleManager.dismissTooltips():153 Tooltip with id spell_check_add_to_dictionary not found in tooltipManager.
09-14 09:34:35.627  7043  7043 I VoiceInputManagerWrapper: VoiceInputManagerWrapper.shutdown():135 shutdown() : SHUTDOWN_UNIVERSAL_EXTENSION_ON_DEACTIVATE [RD]
09-14 09:34:35.627  7043  7043 I UniversalDictationUiProvider: UniversalDictationUiProvider.onDeactivate():69 onDeactivate() [UD]
09-14 09:34:35.627  7043  7043 I InputBundle: InputBundle.consumeEvent():1056 Skip consuming an event as keyboard status is INACTIVE
09-14 09:34:35.627  7043  7043 I AndroidIME: AbstractIme.onDeactivate():213 LatinIme.onDeactivate()
09-14 09:34:35.627  7043  7068 W ModuleManager: ModuleManager.loadModule():634 Module qip is not available
09-14 09:34:35.627  7043  7068 I NebulaeTrainingCacheMetricsProcessor: NebulaeTrainingCacheMetricsProcessor.processEndSession():608 End training cache session: com.highfly.logbook_2131230919/
09-14 09:34:35.628  7043  7043 I PrimesLoggerHolder: FrameMetricServiceImpl.stopAsFuture():213 Measurement not found: OnConfigurationChanged
09-14 09:34:35.628  7043  7043 I GoogleInputMethodService: GoogleInputMethodService.onFinishInput():2269 
09-14 09:34:35.628   516   516 W skia    : AGTM parsing failed flags.readFromStream(s) at 159
09-14 09:34:35.628   516   516 W skia    : AGTM parsing failed flags.readFromStream(s) at 159
09-14 09:34:35.628   516   516 W skia    : AGTM parsing failed flags.readFromStream(s) at 159
09-14 09:34:35.628   516   516 W skia    : AGTM parsing failed flags.readFromStream(s) at 159
09-14 09:34:35.628   516   516 W skia    : AGTM parsing failed flags.readFromStream(s) at 159
09-14 09:34:35.628   516   516 W skia    : AGTM parsing failed flags.readFromStream(s) at 159
09-14 09:34:35.628   516   516 W skia    : AGTM parsing failed flags.readFromStream(s) at 159
09-14 09:34:35.628 19082 19082 W RemoteInputConnectionImpl: sendKeyEvent on inactive InputConnection
09-14 09:34:35.628  7043  7068 I OnDeviceWmrCalculator: OnDeviceWmrCalculator.calculateWmr():94 WMR: 0.0000 (0 / 1)
09-14 09:34:35.629  7043  7043 I Module  : DeviceLockedStatusModuleProvider$Module.updateDeviceLockedStatusInternal():127 repeatCheckTimes = 0, locked = false
09-14 09:34:35.629 19082 19082 W RemoteInputConnectionImpl: requestCursorUpdates on inactive InputConnection
09-14 09:34:35.629  7043  7043 I GoogleInputMethodService: GoogleInputMethodService.onStartInput():1454 onStartInput(EditorInfo{EditorInfo{packageName=com.highfly.logbook, inputType=200002, inputTypeString=Number, enableLearning=false, autoCorrection=false, autoComplete=false, imeOptions=6, privateImeOptions=null, actionName=DONE, actionLabel=null, initialSelStart=0, initialSelEnd=0, initialCapsMode=0, label=null, fieldId=2131230947, fieldName=null, extras=Bundle[mParcelledData.dataSize=404], hintText=non-empty, hintLocales=[]}}, false)
09-14 09:34:35.629  7043  7043 I AndroidIME: LatinIMEBase.updateInputViewCoverNavigation():321 Update input view padding, isNavbarOverInputWindow=true, bottom inset=63
09-14 09:34:35.629   516   547 W skia    : AGTM parsing failed flags.readFromStream(s) at 159
09-14 09:34:35.629   516   547 W skia    : AGTM parsing failed flags.readFromStream(s) at 159
09-14 09:34:35.629  7043  7043 I Module  : DeviceLockedStatusModuleProvider$Module.updateDeviceLockedStatusInternal():127 repeatCheckTimes = 1, locked = false
09-14 09:34:35.629  7043  7043 I HardKeyTracker: HardKeyTracker.unregisterKeySequence():259 Unregister key sequence pkp{labelResId=0, callback=csd@c8b88df, lastModifier=0, keyCodes=[57, 57], actions=[1, 0]}
09-14 09:34:35.629  7043  7043 I HardKeyTracker: HardKeyTracker.unregisterKeySequence():259 Unregister key sequence pkp{labelResId=0, callback=csd@697692c, lastModifier=0, keyCodes=[58, 58], actions=[1, 0]}
09-14 09:34:35.629  7043  7043 I GoogleInputMethodService: GoogleInputMethodService.onStartInputView():1540 onStartInputView(EditorInfo{EditorInfo{packageName=com.highfly.logbook, inputType=200002, inputTypeString=Number, enableLearning=false, autoCorrection=false, autoComplete=false, imeOptions=6, privateImeOptions=null, actionName=DONE, actionLabel=null, initialSelStart=0, initialSelEnd=0, initialCapsMode=0, label=null, fieldId=2131230947, fieldName=null, extras=Bundle[{android.support.text.emoji.emojiCompat_metadataVersion=11, androidx.core.view.inputmethod.EditorInfoCompat.STYLUS_HANDWRITING_ENABLED=true, android.support.text.emoji.emojiCompat_replaceAll=false}], hintText=non-empty, hintLocales=[]}}, false)
09-14 09:34:35.629  7043  7043 I KeyboardHeightUtil: KeyboardHeightUtil.getOemKeyboardHeightRatio():81 systemKeyboardHeightRatio:1.000000.
09-14 09:34:35.629  7043  7043 I AndroidIME: InputBundleManager.startInput():357 startInput2 restarting=false
09-14 09:34:35.629  7043  7043 I AndroidIME: InputBundleManager.loadActiveInputBundleId():542 loadActiveInputBundleId: und-Latn-x-number, number
09-14 09:34:35.629  7043  7043 I InputBundle: InputBundle.activateIme():598 activateIme: INACTIVE, keyboardType=accessory
09-14 09:34:35.629  7043  7043 I ImeInterfacePrivate: IIme.createImeWithClassName():62 IIme created from HiltImeFactory: com.google.android.libraries.inputmethod.ime.DummyIme
09-14 09:34:35.629  7043  7043 I InputBundle: InputBundle.activateKeyboard():653 activateKeyboard: ACTIVE, type=KeyboardTypeAndPayload(keyboardType=accessory, payload=null)
09-14 09:34:35.629  7043  7043 I KeyboardWrapper: KeyboardWrapper.activateKeyboard():592 activateKeyboard(): type=accessory, status=INACTIVE, imeDef=ImeDef{stringId=number, language=und-Latn-x-number, languageTag=und-Latn-x-number, processedConditions={}, className=com.google.android.libraries.inputmethod.ime.DummyIme, label=2132019312, keyEventInterpreter=null, inlineComposing=true, autoCapital=false, announceAutoSelectedCandidate=false, statusIcon=0, indicatorIcon=0, indicatorLabel=null, displayAppCompletions=false, extraValues=okj{}, processors=com.google.android.libraries.inputmethod.metadata.ProcessorsDef@87e60b6, unacceptableMetaKeys=4098, languageSpecificSettings=0, asciiCapable=false, alwaysShowSuggestions=false, useAsciiPasswordKeyboard=false, keyboardGroupDef=KeyboardGroupDef(variant=, variantLabel=0, pkLanguageTag=, pkLayoutType=, dynamicLayout=null, layoutSpecificSettings=[], layoutSpecificTheme=0, order=0, supportsSplitMode=false, supportsOneHandedMode=true, isVariantNameMandatory=false, keyboardDefInfos={prime=KeyboardDefInfo(kbType=prime, initialStates=0, keyboardDefs=[2132215919], extraValues=okj{})}, overrideKeyboardXmlConditions=com.google.android.libraries.inputmethod.metadata.OverrideKeyboardXmlConditionsDef@50b3d24), phenotypeFlagId=0, localizationLanguageTag=null, supportsInlineSuggestion=false}
09-14 09:34:35.629  7043  7043 I KeyboardManager: KeyboardManager.requestKeyboard():249 Creating keyboard prime, imeId=number, cacheKey=theme,!gsf,!pgsans,!pgsf,!use_system_font,BORDER,FLAVOR_DPI=XXHDPI,IS_LIGHT,KEYBOARD_WIDTH_CATEGORY=NORMAL,KEY_BORDER_SHAPE=1,LIGHT_THEME=true,PHYSICAL_DIAGONAL=5.9809904,POPUP,SCREEN_SHORTEST_WIDTH=411,SCREEN_SHORTEST_WIDTH_NO_SCALE=411,SW400DP,XXHDPI,bottom4dp,enable_popup_on_keypress=true,keyboard_redesign_google_sans=true,non_linear_scale,noshadow,overlay_builtin_dynamic_color_light_base.binarypb:gm3-light-fffaf8fe-ff4c5e8b-4fb1adea13304a190d4abf12326cf60c,silkpopup
09-14 09:34:35.630  7043  7043 I KeyboardDefManager: KeyboardDefManager.requestKeyboardDef():128 requestKeyboardDef(): type=prime, info=olr{defIds=[#0x7f17086f], defIdsCacheKey=[2132215919]}
09-14 09:34:35.630  7043  7043 I KeyboardDefManager: KeyboardDefManager.requestKeyboardDef():195 requestKeyboardDef(): getOrCreate from cache, info=olr{defIds=[#0x7f17086f], defIdsCacheKey=[2132215919]}
09-14 09:34:35.630  7043  7043 I KeyboardDefManager: KeyboardDefManager$Companion$addFutureCallbackForKeyboardDefReceiver$1.onSuccess():425 requestKeyboardDef onSuccess(): info=olr{defIds=[#0x7f17086f], defIdsCacheKey=[2132215919]}
09-14 09:34:35.630  7043  7043 I KeyboardInterfacePrivate: IKeyboard.createKeyboard():67 Keyboard created from HiltKeyboardFactory: com.google.android.apps.inputmethod.latin.keyboard.LatinNumberKeyboard
09-14 09:34:35.630  7043  7043 I KeyboardManager: KeyboardManager.requestKeyboard():249 Creating keyboard accessory, imeId=number, cacheKey=theme,!gsf,!pgsans,!pgsf,!use_system_font,BORDER,FLAVOR_DPI=XXHDPI,IS_LIGHT,KEYBOARD_WIDTH_CATEGORY=NORMAL,KEY_BORDER_SHAPE=1,LIGHT_THEME=true,PHYSICAL_DIAGONAL=5.9809904,POPUP,SCREEN_SHORTEST_WIDTH=411,SCREEN_SHORTEST_WIDTH_NO_SCALE=411,SW400DP,XXHDPI,bottom4dp,enable_popup_on_keypress=true,keyboard_redesign_google_sans=true,non_linear_scale,noshadow,overlay_builtin_dynamic_color_light_base.binarypb:gm3-light-fffaf8fe-ff4c5e8b-4fb1adea13304a190d4abf12326cf60c,silkpopup
09-14 09:34:35.630  7043  7043 I KeyboardWrapper: KeyboardWrapper.onKeyboardReady():226 onKeyboardReady(): type=null(accessory), kb=com.google.android.libraries.inputmethod.keyboard.impl.Keyboard@5a0bf2d
09-14 09:34:35.630  7043  7043 I KeyboardWrapper: KeyboardWrapper.doActivateKeyboard():624 doActivateKeyboard(): accessory
09-14 09:34:35.630  7043  7043 W KeyboardDef: KeyboardDef.getKeyboardViewDef():397 KeyboardViewDef is not found: keyboardDef=oll{processedConditions={}, globalConditions={}, className=com.google.android.libraries.inputmethod.keyboard.impl.Keyboard, resourceIds=[#0x7f17004e], initialStates=0, keyboardViewDefs=[], persistentStates=0, persistentStatesPrefKey=null, popupBubbleLayoutId=#0x0, recentKeyLayoutId=#0x0, recentKeyPopupLayoutId=#0x0, recentKeyType=null, rememberRecentKey=NONE, sessionStates=0}, type=HEADER, id=2131427890
09-14 09:34:35.630  7043  7043 W Keyboard: Keyboard.getKeyboardViewHelper():607 null helper is returned: keyboardDef=oll{processedConditions={}, globalConditions={}, className=com.google.android.libraries.inputmethod.keyboard.impl.Keyboard, resourceIds=[#0x7f17004e], initialStates=0, keyboardViewDefs=[], persistentStates=0, persistentStatesPrefKey=null, popupBubbleLayoutId=#0x0, recentKeyLayoutId=#0x0, recentKeyPopupLayoutId=#0x0, recentKeyType=null, rememberRecentKey=NONE, sessionStates=0}, type=HEADER, helpersCreated={}, context.getResources().getConfiguration(): {1.0 310mcc260mnc [de_DE] ldltr sw411dp w411dp h914dp 420dpi nrml long compactNeeded port finger qwerty/v/v dpad/v winConfig={ mBounds=Rect(0, 0 - 1080, 2400) mAppBounds=Rect(0, 0 - 1080, 2400) mMaxBounds=Rect(0, 0 - 1080, 2400) mDisplayRotation=ROTATION_0 mWindowingMode=fullscreen mActivityType=undefined mAlwaysOnTop=undefined mRotation=ROTATION_0} as.5 s.55 fontWeightAdjustment=0}
09-14 09:34:35.630  7043  7043 W KeyboardDef: KeyboardDef.getKeyboardViewDef():397 KeyboardViewDef is not found: keyboardDef=oll{processedConditions={}, globalConditions={}, className=com.google.android.libraries.inputmethod.keyboard.impl.Keyboard, resourceIds=[#0x7f17004e], initialStates=0, keyboardViewDefs=[], persistentStates=0, persistentStatesPrefKey=null, popupBubbleLayoutId=#0x0, recentKeyLayoutId=#0x0, recentKeyPopupLayoutId=#0x0, recentKeyType=null, rememberRecentKey=NONE, sessionStates=0}, type=BODY, id=2131427890
09-14 09:34:35.630  7043  7043 W Keyboard: Keyboard.getKeyboardViewHelper():607 null helper is returned: keyboardDef=oll{processedConditions={}, globalConditions={}, className=com.google.android.libraries.inputmethod.keyboard.impl.Keyboard, resourceIds=[#0x7f17004e], initialStates=0, keyboardViewDefs=[], persistentStates=0, persistentStatesPrefKey=null, popupBubbleLayoutId=#0x0, recentKeyLayoutId=#0x0, recentKeyPopupLayoutId=#0x0, recentKeyType=null, rememberRecentKey=NONE, sessionStates=0}, type=BODY, helpersCreated={}, context.getResources().getConfiguration(): {1.0 310mcc260mnc [de_DE] ldltr sw411dp w411dp h914dp 420dpi nrml long compactNeeded port finger qwerty/v/v dpad/v winConfig={ mBounds=Rect(0, 0 - 1080, 2400) mAppBounds=Rect(0, 0 - 1080, 2400) mMaxBounds=Rect(0, 0 - 1080, 2400) mDisplayRotation=ROTATION_0 mWindowingMode=fullscreen mActivityType=undefined mAlwaysOnTop=undefined mRotation=ROTATION_0} as.5 s.55 fontWeightAdjustment=0}
09-14 09:34:35.630  7043  7043 I GlobeKeyExtension: GlobeKeyExtension.getKeyboardInitialStates():186 
09-14 09:34:35.630  7043  7043 W Keyboard: Keyboard.getKeyboardViewHelper():607 null helper is returned: keyboardDef=oll{processedConditions={}, globalConditions={}, className=com.google.android.libraries.inputmethod.keyboard.impl.Keyboard, resourceIds=[#0x7f17004e], initialStates=0, keyboardViewDefs=[], persistentStates=0, persistentStatesPrefKey=null, popupBubbleLayoutId=#0x0, recentKeyLayoutId=#0x0, recentKeyPopupLayoutId=#0x0, recentKeyType=null, rememberRecentKey=NONE, sessionStates=0}, type=HEADER, helpersCreated={}, context.getResources().getConfiguration(): {1.0 310mcc260mnc [de_DE] ldltr sw411dp w411dp h914dp 420dpi nrml long compactNeeded port finger qwerty/v/v dpad/v winConfig={ mBounds=Rect(0, 0 - 1080, 2400) mAppBounds=Rect(0, 0 - 1080, 2400) mMaxBounds=Rect(0, 0 - 1080, 2400) mDisplayRotation=ROTATION_0 mWindowingMode=fullscreen mActivityType=undefined mAlwaysOnTop=undefined mRotation=ROTATION_0} as.5 s.55 fontWeightAdjustment=0}
09-14 09:34:35.630  7043  7043 W Keyboard: Keyboard.getKeyboardViewHelper():607 null helper is returned: keyboardDef=oll{processedConditions={}, globalConditions={}, className=com.google.android.libraries.inputmethod.keyboard.impl.Keyboard, resourceIds=[#0x7f17004e], initialStates=0, keyboardViewDefs=[], persistentStates=0, persistentStatesPrefKey=null, popupBubbleLayoutId=#0x0, recentKeyLayoutId=#0x0, recentKeyPopupLayoutId=#0x0, recentKeyType=null, rememberRecentKey=NONE, sessionStates=0}, type=BODY, helpersCreated={}, context.getResources().getConfiguration(): {1.0 310mcc260mnc [de_DE] ldltr sw411dp w411dp h914dp 420dpi nrml long compactNeeded port finger qwerty/v/v dpad/v winConfig={ mBounds=Rect(0, 0 - 1080, 2400) mAppBounds=Rect(0, 0 - 1080, 2400) mMaxBounds=Rect(0, 0 - 1080, 2400) mDisplayRotation=ROTATION_0 mWindowingMode=fullscreen mActivityType=undefined mAlwaysOnTop=undefined mRotation=ROTATION_0} as.5 s.55 fontWeightAdjustment=0}
09-14 09:34:35.630  7043  7043 W KeyboardDef: KeyboardDef.getKeyboardViewDef():397 KeyboardViewDef is not found: keyboardDef=oll{processedConditions={}, globalConditions={}, className=com.google.android.libraries.inputmethod.keyboard.impl.Keyboard, resourceIds=[#0x7f17004e], initialStates=0, keyboardViewDefs=[], persistentStates=0, persistentStatesPrefKey=null, popupBubbleLayoutId=#0x0, recentKeyLayoutId=#0x0, recentKeyPopupLayoutId=#0x0, recentKeyType=null, rememberRecentKey=NONE, sessionStates=0}, type=FLOATING_CANDIDATES, id=2131427890
09-14 09:34:35.630  7043  7043 W Keyboard: Keyboard.getKeyboardViewHelper():607 null helper is returned: keyboardDef=oll{processedConditions={}, globalConditions={}, className=com.google.android.libraries.inputmethod.keyboard.impl.Keyboard, resourceIds=[#0x7f17004e], initialStates=0, keyboardViewDefs=[], persistentStates=0, persistentStatesPrefKey=null, popupBubbleLayoutId=#0x0, recentKeyLayoutId=#0x0, recentKeyPopupLayoutId=#0x0, recentKeyType=null, rememberRecentKey=NONE, sessionStates=0}, type=FLOATING_CANDIDATES, helpersCreated={}, context.getResources().getConfiguration(): {1.0 310mcc260mnc [de_DE] ldltr sw411dp w411dp h914dp 420dpi nrml long compactNeeded port finger qwerty/v/v dpad/v winConfig={ mBounds=Rect(0, 0 - 1080, 2400) mAppBounds=Rect(0, 0 - 1080, 2400) mMaxBounds=Rect(0, 0 - 1080, 2400) mDisplayRotation=ROTATION_0 mWindowingMode=fullscreen mActivityType=undefined mAlwaysOnTop=undefined mRotation=ROTATION_0} as.5 s.55 fontWeightAdjustment=0}
09-14 09:34:35.630  7043  7043 W KeyboardDef: KeyboardDef.getKeyboardViewDef():397 KeyboardViewDef is not found: keyboardDef=oll{processedConditions={}, globalConditions={}, className=com.google.android.libraries.inputmethod.keyboard.impl.Keyboard, resourceIds=[#0x7f17004e], initialStates=0, keyboardViewDefs=[], persistentStates=0, persistentStatesPrefKey=null, popupBubbleLayoutId=#0x0, recentKeyLayoutId=#0x0, recentKeyPopupLayoutId=#0x0, recentKeyType=null, rememberRecentKey=NONE, sessionStates=0}, type=WIDGET, id=2131427890
09-14 09:34:35.630  7043  7043 W Keyboard: Keyboard.getKeyboardViewHelper():607 null helper is returned: keyboardDef=oll{processedConditions={}, globalConditions={}, className=com.google.android.libraries.inputmethod.keyboard.impl.Keyboard, resourceIds=[#0x7f17004e], initialStates=0, keyboardViewDefs=[], persistentStates=0, persistentStatesPrefKey=null, popupBubbleLayoutId=#0x0, recentKeyLayoutId=#0x0, recentKeyPopupLayoutId=#0x0, recentKeyType=null, rememberRecentKey=NONE, sessionStates=0}, type=WIDGET, helpersCreated={}, context.getResources().getConfiguration(): {1.0 310mcc260mnc [de_DE] ldltr sw411dp w411dp h914dp 420dpi nrml long compactNeeded port finger qwerty/v/v dpad/v winConfig={ mBounds=Rect(0, 0 - 1080, 2400) mAppBounds=Rect(0, 0 - 1080, 2400) mMaxBounds=Rect(0, 0 - 1080, 2400) mDisplayRotation=ROTATION_0 mWindowingMode=fullscreen mActivityType=undefined mAlwaysOnTop=undefined mRotation=ROTATION_0} as.5 s.55 fontWeightAdjustment=0}
09-14 09:34:35.630  7043  7043 I AndroidIME: InputBundleManager.startInput():372 startInput() with KeyboardTypeAndPayload(keyboardType=accessory, payload=null)
09-14 09:34:35.630  7043  7043 I PkModeUpdater: PkModeUpdater.onActivate():76 onActivate true true
09-14 09:34:35.630  7043  7043 I AccessoryInputModeManager: AccessoryInputModeManager.onModeStarted():353 Accessory input mode started: PK
09-14 09:34:35.630  7043  7043 W ExtensionWrapper: ExtensionWrapper.setAllowUpdateNavigationBarStyle():887 class lcr is not activate
09-14 09:34:35.630  7043  7043 I WidgetViewShowingController: WidgetViewShowingController.showWidgetKeyboardInternal():532 Show companion widget
09-14 09:34:35.630  7043  7100 I native  : I0000 00:00:1789371275.630798    7100 input-context-store.cc:325] Ignoring stale client request for FetchSuggestions
09-14 09:34:35.630  7043  7068 I CrossProfileSharedPreferences: CrossProfileSharedPreferences.maybeRunSyncTaskAfterFullSyncComplete():218 Full sync is not complete when incremental sync is called, trigger full sync
09-14 09:34:35.630  7043  7043 W StatusViewController: StatusViewController.updateKeyboardView():46 Failed to inflate voice header view [UD]
09-14 09:34:35.631  7043 19029 I CrossProfileSharedPreferences: CrossProfileSharedPreferences.syncAllAllowedPreferencesInternal():276 Cannot make cross profile calls to full sync preferences
09-14 09:34:35.631  7043  7068 W ModuleManager: ModuleManager.loadModule():634 Module qip is not available
09-14 09:34:35.631  7043  7043 W ExtensionWrapper: ExtensionWrapper.setAllowUpdateNavigationBarStyle():887 class lcr is not activate
09-14 09:34:35.631  7043  7043 I WidgetViewShowingPositionHandler: WidgetViewShowingPositionHandler.updateAvailableArea():199 update available area Rect(21, 153 - 1059, 2333)
09-14 09:34:35.631  7043  7043 I KeyboardManager: KeyboardManager.requestKeyboard():249 Creating keyboard accessory_candidates_consumer, imeId=number, cacheKey=theme,!gsf,!pgsans,!pgsf,!use_system_font,BORDER,FLAVOR_DPI=XXHDPI,IS_LIGHT,KEYBOARD_WIDTH_CATEGORY=NORMAL,KEY_BORDER_SHAPE=1,LIGHT_THEME=true,PHYSICAL_DIAGONAL=5.9809904,POPUP,SCREEN_SHORTEST_WIDTH=411,SCREEN_SHORTEST_WIDTH_NO_SCALE=411,SW400DP,XXHDPI,bottom4dp,enable_popup_on_keypress=true,keyboard_redesign_google_sans=true,non_linear_scale,noshadow,overlay_builtin_dynamic_color_light_base.binarypb:gm3-light-fffaf8fe-ff4c5e8b-4fb1adea13304a190d4abf12326cf60c,silkpopup
09-14 09:34:35.632  7043  7043 I KeyboardDefManager: KeyboardDefManager.requestKeyboardDef():128 requestKeyboardDef(): type=accessory_candidates_consumer, info=olr{defIds=[#0x7f17004d], defIdsCacheKey=[2132213837]}
09-14 09:34:35.632  7043  7043 I KeyboardDefManager: KeyboardDefManager.requestKeyboardDef():195 requestKeyboardDef(): getOrCreate from cache, info=olr{defIds=[#0x7f17004d], defIdsCacheKey=[2132213837]}
09-14 09:34:35.632  7043  7043 I KeyboardDefManager: KeyboardDefManager$Companion$addFutureCallbackForKeyboardDefReceiver$1.onSuccess():425 requestKeyboardDef onSuccess(): info=olr{defIds=[#0x7f17004d], defIdsCacheKey=[2132213837]}
09-14 09:34:35.632  7043  7043 I KeyboardInterfacePrivate: IKeyboard.createKeyboard():67 Keyboard created from HiltKeyboardFactory: com.google.android.apps.inputmethod.latin.keyboard.AccessoryKeyboard
09-14 09:34:35.632  7043  7043 I GlobeKeyExtension: GlobeKeyExtension.getKeyboardInitialStates():186 
09-14 09:34:35.632  7043  7043 W KeyboardDef: KeyboardDef.getKeyboardViewDef():397 KeyboardViewDef is not found: keyboardDef=oll{processedConditions={}, globalConditions={global_theme_key=theme,!gsf,!pgsans,!pgsf,!use_system_font,BORDER,FLAVOR_DPI=XXHDPI,IS_LIGHT,KEYBOARD_WIDTH_CATEGORY=NORMAL,KEY_BORDER_SHAPE=1,LIGHT_THEME=true,PHYSICAL_DIAGONAL=5.9809904,POPUP,SCREEN_SHORTEST_WIDTH=411,SCREEN_SHORTEST_WIDTH_NO_SCALE=411,SW400DP,XXHDPI,bottom4dp,enable_popup_on_keypress=true,keyboard_redesign_google_sans=true,non_linear_scale,noshadow,overlay_builtin_dynamic_color_light_base.binarypb:gm3-light-fffaf8fe-ff4c5e8b-4fb1adea13304a190d4abf12326cf60c,silkpopup, global_locale=de_DE, global_density_dpi=420, global_orientation=1}, className=.latin.keyboard.AccessoryKeyboard, resourceIds=[#0x7f17004d], initialStates=0, keyboardViewDefs=[omd{direction=null, id=#0x7f0b0232, isScalable=false, layoutId=#0x7f0e0030, type=FLOATING_CANDIDATES, touchable=true, defaultShow=false}], persistentStates=0, persistentStatesPrefKey=null, popupBubbleLayoutId=#0x7f0e0617, recentKeyLayoutId=#0x0, recentKeyPopupLayoutId=#0x0, recentKeyType=null, rememberRecentKey=NONE, sessionStates=0}, type=HEADER, id=2131427890
09-14 09:34:35.632  7043  7043 W Keyboard: Keyboard.getKeyboardViewHelper():607 null helper is returned: keyboardDef=oll{processedConditions={}, globalConditions={global_theme_key=theme,!gsf,!pgsans,!pgsf,!use_system_font,BORDER,FLAVOR_DPI=XXHDPI,IS_LIGHT,KEYBOARD_WIDTH_CATEGORY=NORMAL,KEY_BORDER_SHAPE=1,LIGHT_THEME=true,PHYSICAL_DIAGONAL=5.9809904,POPUP,SCREEN_SHORTEST_WIDTH=411,SCREEN_SHORTEST_WIDTH_NO_SCALE=411,SW400DP,XXHDPI,bottom4dp,enable_popup_on_keypress=true,keyboard_redesign_google_sans=true,non_linear_scale,noshadow,overlay_builtin_dynamic_color_light_base.binarypb:gm3-light-fffaf8fe-ff4c5e8b-4fb1adea13304a190d4abf12326cf60c,silkpopup, global_locale=de_DE, global_density_dpi=420, global_orientation=1}, className=.latin.keyboard.AccessoryKeyboard, resourceIds=[#0x7f17004d], initialStates=0, keyboardViewDefs=[omd{direction=null, id=#0x7f0b0232, isScalable=false, layoutId=#0x7f0e0030, type=FLOATING_CANDIDATES, touchable=true, defaultShow=false}], persistentStates=0, persistentStatesPrefKey=null, popupBubbleLayoutId=#0x7f0e0617, recentKeyLayoutId=#0x0, recentKeyPopupLayoutId=#0x0, recentKeyType=null, rememberRecentKey=NONE, sessionStates=0}, type=HEADER, helpersCreated={}, context.getResources().getConfiguration(): {1.0 310mcc260mnc [de_DE] ldltr sw411dp w411dp h914dp 420dpi nrml long compactNeeded port finger qwerty/v/v dpad/v winConfig={ mBounds=Rect(0, 0 - 1080, 2400) mAppBounds=Rect(0, 0 - 1080, 2400) mMaxBounds=Rect(0, 0 - 1080, 2400) mDisplayRotation=ROTATION_0 mWindowingMode=fullscreen mActivityType=undefined mAlwaysOnTop=undefined mRotation=ROTATION_0} as.5 s.55 fontWeightAdjustment=0}
09-14 09:34:35.632  7043  7043 W KeyboardDef: KeyboardDef.getKeyboardViewDef():397 KeyboardViewDef is not found: keyboardDef=oll{processedConditions={}, globalConditions={global_theme_key=theme,!gsf,!pgsans,!pgsf,!use_system_font,BORDER,FLAVOR_DPI=XXHDPI,IS_LIGHT,KEYBOARD_WIDTH_CATEGORY=NORMAL,KEY_BORDER_SHAPE=1,LIGHT_THEME=true,PHYSICAL_DIAGONAL=5.9809904,POPUP,SCREEN_SHORTEST_WIDTH=411,SCREEN_SHORTEST_WIDTH_NO_SCALE=411,SW400DP,XXHDPI,bottom4dp,enable_popup_on_keypress=true,keyboard_redesign_google_sans=true,non_linear_scale,noshadow,overlay_builtin_dynamic_color_light_base.binarypb:gm3-light-fffaf8fe-ff4c5e8b-4fb1adea13304a190d4abf12326cf60c,silkpopup, global_locale=de_DE, global_density_dpi=420, global_orientation=1}, className=.latin.keyboard.AccessoryKeyboard, resourceIds=[#0x7f17004d], initialStates=0, keyboardViewDefs=[omd{direction=null, id=#0x7f0b0232, isScalable=false, layoutId=#0x7f0e0030, type=FLOATING_CANDIDATES, touchable=true, defaultShow=false}], persistentStates=0, persistentStatesPrefKey=null, popupBubbleLayoutId=#0x7f0e0617, recentKeyLayoutId=#0x0, recentKeyPopupLayoutId=#0x0, recentKeyType=null, rememberRecentKey=NONE, sessionStates=0}, type=BODY, id=2131427890
09-14 09:34:35.632  7043  7043 W Keyboard: Keyboard.getKeyboardViewHelper():607 null helper is returned: keyboardDef=oll{processedConditions={}, globalConditions={global_theme_key=theme,!gsf,!pgsans,!pgsf,!use_system_font,BORDER,FLAVOR_DPI=XXHDPI,IS_LIGHT,KEYBOARD_WIDTH_CATEGORY=NORMAL,KEY_BORDER_SHAPE=1,LIGHT_THEME=true,PHYSICAL_DIAGONAL=5.9809904,POPUP,SCREEN_SHORTEST_WIDTH=411,SCREEN_SHORTEST_WIDTH_NO_SCALE=411,SW400DP,XXHDPI,bottom4dp,enable_popup_on_keypress=true,keyboard_redesign_google_sans=true,non_linear_scale,noshadow,overlay_builtin_dynamic_color_light_base.binarypb:gm3-light-fffaf8fe-ff4c5e8b-4fb1adea13304a190d4abf12326cf60c,silkpopup, global_locale=de_DE, global_density_dpi=420, global_orientation=1}, className=.latin.keyboard.AccessoryKeyboard, resourceIds=[#0x7f17004d], initialStates=0, keyboardViewDefs=[omd{direction=null, id=#0x7f0b0232, isScalable=false, layoutId=#0x7f0e0030, type=FLOATING_CANDIDATES, touchable=true, defaultShow=false}], persistentStates=0, persistentStatesPrefKey=null, popupBubbleLayoutId=#0x7f0e0617, recentKeyLayoutId=#0x0, recentKeyPopupLayoutId=#0x0, recentKeyType=null, rememberRecentKey=NONE, sessionStates=0}, type=BODY, helpersCreated={}, context.getResources().getConfiguration(): {1.0 310mcc260mnc [de_DE] ldltr sw411dp w411dp h914dp 420dpi nrml long compactNeeded port finger qwerty/v/v dpad/v winConfig={ mBounds=Rect(0, 0 - 1080, 2400) mAppBounds=Rect(0, 0 - 1080, 2400) mMaxBounds=Rect(0, 0 - 1080, 2400) mDisplayRotation=ROTATION_0 mWindowingMode=fullscreen mActivityType=undefined mAlwaysOnTop=undefined mRotation=ROTATION_0} as.5 s.55 fontWeightAdjustment=0}
09-14 09:34:35.632  7043  7043 I MotionEventHandlerManager: MotionEventHandlerManager.newHandlerInstance():562 Created handler instance from HiltMotionEventHandlerFactory com.google.android.libraries.inputmethod.motioneventhandler.BasicMotionEventHandler
09-14 09:34:35.632  7043  7043 W SupplementaryKeyboardsWrapper: SupplementaryKeyboardsWrapper.deactivateKeyboard():162 keyboard composing_text_consumer is not activated before!
09-14 09:34:35.632  7043  7043 I GlobeKeyExtension: GlobeKeyExtension.onActivate():130 
09-14 09:34:35.632  7043  7043 I BaseKeyboardSizeHelper: BaseKeyboardSizeHelper.calculateMaxKeyboardBodyHeight():73 leave 281 height for app when ime window height:2205, header height:116 and isFullscreenMode:false, so the max keyboard body height is:1808
09-14 09:34:35.632  7043  7043 I BaseKeyboardSizeHelper: BaseKeyboardSizeHelper.calculateMaxKeyboardBodyHeight():73 leave 281 height for app when ime window height:2205, header height:116 and isFullscreenMode:false, so the max keyboard body height is:1808
09-14 09:34:35.632  7043  7043 I BaseKeyboardSizeHelper: BaseKeyboardSizeHelper.calculateMaxKeyboardBodyHeight():73 leave 281 height for app when ime window height:2205, header height:116 and isFullscreenMode:false, so the max keyboard body height is:1808
09-14 09:34:35.632  7043  7043 W ExtensionWrapper: ExtensionWrapper.setExtensionViewVisibility():878 interface nzx is not activate
09-14 09:34:35.632  7043  7043 I NewLanguagePromptExtension: NewLanguagePromptExtension.onActivate():189 Not activated NewLanguagePromptExtension: not a normal text input box.
09-14 09:34:35.632  7043  7043 I VoiceInputManagerWrapper: VoiceInputManagerWrapper.cancelShutdown():109 cancelShutdown() [RD]
09-14 09:34:35.632  7043  7043 I VoiceInputManagerWrapper: VoiceInputManagerWrapper.syncLanguagePacks():121 syncLanguagePacks() [RD]
09-14 09:34:35.632  7043 15447 I SpeechFactory: SpeechRecognitionFactory.maybeScheduleAutoPackDownloadForFallback():224 maybeScheduleAutoPackDownloadForFallback()
09-14 09:34:35.632  7043  7043 I VoiceInputManager: VoiceInputManager.onKeyboardActivated():1270 onKeyboardActivated() [UD]
09-14 09:34:35.633  7043  7043 I UniversalDictationUiProvider: UniversalDictationUiProvider.onActivate():63 onActivate() [UD]
09-14 09:34:35.633  7043 15447 I FallbackOnDeviceRecognitionProvider: FallbackOnDeviceRecognitionProvider.maybeScheduleAutoPackDownload():213 maybeScheduleAutoPackDownload() for language tag de-DE
09-14 09:34:35.633  7043 15447 I FallbackOnDeviceRecognitionProvider: FallbackOnDeviceRecognitionProvider.maybeScheduleAutoPackDownload():213 maybeScheduleAutoPackDownload() for language tag en-US
09-14 09:34:35.633  7043  7043 I AutoPasteSuggestionHelper: AutoPasteSuggestionHelper.createProactiveSuggestions():534 Failed to create item chips.
09-14 09:34:35.633  7043  7043 I Module  : DeviceLockedStatusModuleProvider$Module.updateDeviceLockedStatusInternal():127 repeatCheckTimes = 1, locked = false
09-14 09:34:35.633  7043  7043 I ContactNoticeModule: ContactNoticeModule.shouldPostContactPermissionNotice():141 Not post contact permission notice: not a normal text input box.
09-14 09:34:35.633  7043 19118 I SystemHapticSettings: SystemHapticSettings.updateSystemVibrationState():63 update vibration state: true
09-14 09:34:35.633  7043  7068 I CrossProfileSharedPreferences: CrossProfileSharedPreferences.maybeRunSyncTaskAfterFullSyncComplete():218 Full sync is not complete when incremental sync is called, trigger full sync
09-14 09:34:35.633  7043  7043 I StylusModule: StylusModule.onUpdateToolType():774 Update tool type = 0
09-14 09:34:35.633  7043 19030 I CrossProfileSharedPreferences: CrossProfileSharedPreferences.syncAllAllowedPreferencesInternal():276 Cannot make cross profile calls to full sync preferences
09-14 09:34:35.633  7043  7043 W TextView: onProvideContentCaptureStructure(): calling assumeLayout()
09-14 09:34:35.634  7043  7043 I ShortcutsDataManager: AbstractContentDataManager.startImportContentTask():241 startImportContentTask()
09-14 09:34:35.634  7043  7043 I HardKeyTracker: HardKeyTracker.unregisterKeySequence():259 Unregister key sequence pkp{labelResId=2132020528, callback=fhc@da2cc2c, lastModifier=2, keyCodes=[56], actions=[0]}
09-14 09:34:35.634  7043  7043 I HardKeyTracker: HardKeyTracker.unregisterKeySequence():259 Unregister key sequence pkp{labelResId=2132020528, callback=fhc@e8e86f5, lastModifier=0, keyCodes=[317], actions=[0]}
09-14 09:34:35.634  7043  7043 I HardKeyTracker: HardKeyTracker.registerKeySequence():201 Register key sequence pkp{labelResId=2132020528, callback=fhc@6923ef8, lastModifier=2, keyCodes=[56], actions=[0]}
09-14 09:34:35.634  7043  7043 I HardKeyTracker: HardKeyTracker.registerKeySequence():201 Register key sequence pkp{labelResId=2132020528, callback=fhc@7448fd1, lastModifier=0, keyCodes=[317], actions=[0]}
09-14 09:34:35.634  7043  7043 W AccessPointsManager: AccessPointsManager.addAccessPoint():1133 The holder controller #0x7f0b24ba is not registered
09-14 09:34:35.634  7043  7043 I HardKeyTracker: HardKeyTracker.unregisterKeySequence():259 Unregister key sequence pkp{labelResId=2132020528, callback=fhc@a8ad2fb, lastModifier=2, keyCodes=[56], actions=[0]}
09-14 09:34:35.634  7043  7043 I HardKeyTracker: HardKeyTracker.unregisterKeySequence():259 Unregister key sequence pkp{labelResId=2132020528, callback=fhc@2867f18, lastModifier=0, keyCodes=[317], actions=[0]}
09-14 09:34:35.634  7043  7043 I HardKeyTracker: HardKeyTracker.registerKeySequence():201 Register key sequence pkp{labelResId=2132020528, callback=fhc@1c0cd37, lastModifier=2, keyCodes=[56], actions=[0]}
09-14 09:34:35.634  7043  7043 I HardKeyTracker: HardKeyTracker.registerKeySequence():201 Register key sequence pkp{labelResId=2132020528, callback=fhc@d2852a4, lastModifier=0, keyCodes=[317], actions=[0]}
09-14 09:34:35.634  7043  7043 I HardKeyTracker: HardKeyTracker.unregisterKeySequence():259 Unregister key sequence pkp{labelResId=2132020532, callback=fhc@d8b5678, lastModifier=2, keyCodes=[48], actions=[0]}
09-14 09:34:35.634  7043  7043 I HardKeyTracker: HardKeyTracker.registerKeySequence():201 Register key sequence pkp{labelResId=2132020532, callback=fhc@231580d, lastModifier=2, keyCodes=[48], actions=[0]}
09-14 09:34:35.634  7043  7043 I HardKeyTracker: HardKeyTracker.unregisterKeySequence():259 Unregister key sequence pkp{labelResId=2132020532, callback=fhc@17c9151, lastModifier=2, keyCodes=[48], actions=[0]}
09-14 09:34:35.634  7043  7043 I HardKeyTracker: HardKeyTracker.registerKeySequence():201 Register key sequence pkp{labelResId=2132020532, callback=fhc@ee4a3c2, lastModifier=2, keyCodes=[48], actions=[0]}
09-14 09:34:35.634  7043  7043 W AccessPointsManager: AccessPointsManager.addAccessPoint():1133 The holder controller #0x7f0b24ba is not registered
09-14 09:34:35.634  7043  7043 I HardKeyTracker: HardKeyTracker.unregisterKeySequence():259 Unregister key sequence pkp{labelResId=2132020533, callback=fhc@bf6bdb6, lastModifier=2, keyCodes=[32], actions=[0]}
09-14 09:34:35.634  7043  7043 I HardKeyTracker: HardKeyTracker.unregisterKeySequence():259 Unregister key sequence pkp{labelResId=2132020533, callback=fhc@6a06ab7, lastModifier=0, keyCodes=[319], actions=[0]}
09-14 09:34:35.634  7043  7043 I HardKeyTracker: HardKeyTracker.registerKeySequence():201 Register key sequence pkp{labelResId=2132020533, callback=fhc@b4b05d3, lastModifier=2, keyCodes=[32], actions=[0]}
09-14 09:34:35.634  7043  7043 I HardKeyTracker: HardKeyTracker.registerKeySequence():201 Register key sequence pkp{labelResId=2132020533, callback=fhc@ee9f510, lastModifier=0, keyCodes=[319], actions=[0]}
09-14 09:34:35.634  7043  7043 I HardKeyTracker: HardKeyTracker.unregisterKeySequence():259 Unregister key sequence pkp{labelResId=2132020533, callback=fhc@35b6224, lastModifier=2, keyCodes=[32], actions=[0]}
09-14 09:34:35.634  7043  7043 I HardKeyTracker: HardKeyTracker.unregisterKeySequence():259 Unregister key sequence pkp{labelResId=2132020533, callback=fhc@1a7f18d, lastModifier=0, keyCodes=[319], actions=[0]}
09-14 09:34:35.634  7043  7043 I HardKeyTracker: HardKeyTracker.registerKeySequence():201 Register key sequence pkp{labelResId=2132020533, callback=fhc@ca86809, lastModifier=2, keyCodes=[32], actions=[0]}
09-14 09:34:35.634  7043  7043 I HardKeyTracker: HardKeyTracker.registerKeySequence():201 Register key sequence pkp{labelResId=2132020533, callback=fhc@35d3a0e, lastModifier=0, keyCodes=[319], actions=[0]}
09-14 09:34:35.634  7043  7043 I HardKeyTracker: HardKeyTracker.unregisterKeySequence():259 Unregister key sequence pkp{labelResId=2132020533, callback=fhc@47be0c6, lastModifier=2, keyCodes=[32], actions=[0]}
09-14 09:34:35.634  7043  7043 I HardKeyTracker: HardKeyTracker.unregisterKeySequence():259 Unregister key sequence pkp{labelResId=2132020533, callback=fhc@65f3887, lastModifier=0, keyCodes=[319], actions=[0]}
09-14 09:34:35.634  7043  7043 I HardKeyTracker: HardKeyTracker.registerKeySequence():201 Register key sequence pkp{labelResId=2132020533, callback=fhc@b362c2f, lastModifier=2, keyCodes=[32], actions=[0]}
09-14 09:34:35.634  7043  7043 I HardKeyTracker: HardKeyTracker.registerKeySequence():201 Register key sequence pkp{labelResId=2132020533, callback=fhc@2e1523c, lastModifier=0, keyCodes=[319], actions=[0]}
09-14 09:34:35.634  7043  7043 I GoogleInputMethodService: GoogleInputMethodService$1.onKeyboardViewShown():344 onKeyboardViewShown: keyboardType=accessory, keyboardViewType=HEADER keyboardView=null
09-14 09:34:35.634  7043  7043 W Keyboard: Keyboard.getKeyboardViewHelper():607 null helper is returned: keyboardDef=oll{processedConditions={}, globalConditions={}, className=com.google.android.libraries.inputmethod.keyboard.impl.Keyboard, resourceIds=[#0x7f17004e], initialStates=0, keyboardViewDefs=[], persistentStates=0, persistentStatesPrefKey=null, popupBubbleLayoutId=#0x0, recentKeyLayoutId=#0x0, recentKeyPopupLayoutId=#0x0, recentKeyType=null, rememberRecentKey=NONE, sessionStates=0}, type=BODY, helpersCreated={}, context.getResources().getConfiguration(): {1.0 310mcc260mnc [de_DE] ldltr sw411dp w411dp h914dp 420dpi nrml long compactNeeded port finger qwerty/v/v dpad/v winConfig={ mBounds=Rect(0, 0 - 1080, 2400) mAppBounds=Rect(0, 0 - 1080, 2400) mMaxBounds=Rect(0, 0 - 1080, 2400) mDisplayRotation=ROTATION_0 mWindowingMode=fullscreen mActivityType=undefined mAlwaysOnTop=undefined mRotation=ROTATION_0} as.5 s.55 fontWeightAdjustment=0}
09-14 09:34:35.634  7043  7043 I GoogleInputMethodService: GoogleInputMethodService$1.onKeyboardViewShown():344 onKeyboardViewShown: keyboardType=accessory, keyboardViewType=BODY keyboardView=null
09-14 09:34:35.634  7043  7043 W Keyboard: Keyboard.getKeyboardViewHelper():607 null helper is returned: keyboardDef=oll{processedConditions={}, globalConditions={}, className=com.google.android.libraries.inputmethod.keyboard.impl.Keyboard, resourceIds=[#0x7f17004e], initialStates=0, keyboardViewDefs=[], persistentStates=0, persistentStatesPrefKey=null, popupBubbleLayoutId=#0x0, recentKeyLayoutId=#0x0, recentKeyPopupLayoutId=#0x0, recentKeyType=null, rememberRecentKey=NONE, sessionStates=0}, type=BODY, helpersCreated={}, context.getResources().getConfiguration(): {1.0 310mcc260mnc [de_DE] ldltr sw411dp w411dp h914dp 420dpi nrml long compactNeeded port finger qwerty/v/v dpad/v winConfig={ mBounds=Rect(0, 0 - 1080, 2400) mAppBounds=Rect(0, 0 - 1080, 2400) mMaxBounds=Rect(0, 0 - 1080, 2400) mDisplayRotation=ROTATION_0 mWindowingMode=fullscreen mActivityType=undefined mAlwaysOnTop=undefined mRotation=ROTATION_0} as.5 s.55 fontWeightAdjustment=0}
09-14 09:34:35.634  7043  7043 W InputContextProxy: InputContextProxy.applyClientDiffInternal():917 Ignore [FetchSuggestions] diff due to stale request: 1176<1177, inputStateId=962, lastInputStateId=962
09-14 09:34:35.644   516   516 W skia    : AGTM parsing failed flags.readFromStream(s) at 159
09-14 09:34:35.644   516   516 W skia    : AGTM parsing failed flags.readFromStream(s) at 159
09-14 09:34:35.644   516   516 W skia    : AGTM parsing failed flags.readFromStream(s) at 159
09-14 09:34:35.644   516   516 W skia    : AGTM parsing failed flags.readFromStream(s) at 159
09-14 09:34:35.644   516   516 W skia    : AGTM parsing failed flags.readFromStream(s) at 159
09-14 09:34:35.644   516   516 W skia    : AGTM parsing failed flags.readFromStream(s) at 159
09-14 09:34:35.644   516   516 W skia    : AGTM parsing failed flags.readFromStream(s) at 159
09-14 09:34:35.644   516   516 W skia    : AGTM parsing failed flags.readFromStream(s) at 159
09-14 09:34:35.645  7043  7043 I DynamicLanguageSetterModule: DynamicLanguageSetterModule.createTemporaryEnableTask():503 Enable temporary entries: [de], and current entry: null
09-14 09:34:35.645  7043  7102 I ShortcutsDataManager: AbstractContentDataManager$ImportContentTask.doInBackground():257 doInBackground()
09-14 09:34:35.645  7043  7102 I PersonalDictionaryDataHandler: PersonalDictionaryDataHandler.beginProcess():114 LanguageTags = [de, en-US]
09-14 09:34:35.645  7043  7043 I InputMethodEntryManager: InputMethodEntryManager.enableLanguagesAndChangeCurrentTemporarily():1922 enabledLanguages: [de-Latn-DE], specifiedCurrentLanguage null
09-14 09:34:35.645  7043  7043 I InputMethodEntryManager: InputMethodEntryManager.enableInputMethodEntriesTemporarily():2148 temporarilyEnabledEntryTuples [LanguageTagVariantTuple{languageTag=de-DE, variant=qwerty}]
09-14 09:34:35.645  7043  7043 I GlobeKeyExtension: GlobeKeyExtension.updateKeyboardState():141 
09-14 09:34:35.645  7043  7043 I GlobeKeyExtension: GlobeKeyExtension.getKeyboardInitialStates():186 
09-14 09:34:35.645  7043  7043 I GlobeKeyExtension: GlobeKeyExtension.updateKeyboardState():144 Changing states 0x00000000->0x00000000 (enabled:, disabled:, now:)
09-14 09:34:35.645  7043  7043 I InputMethodEntryManager: InputMethodEntryManager.enableLanguagesAndChangeCurrentTemporarily():1958 Update temporary current entry(de-DE, qwerty)
09-14 09:34:35.645  7043 19031 I PerLanguageDataDownloader: PerLanguageDataDownloader.downloadDataInternal():168 downloading Data for en
09-14 09:34:35.645  7043 19031 I ManifestedDataDownloader: ManifestedDataDownloader.download():67 downloading manifest https://www.gstatic.com/android/keyboard/modelpack/proactiveek/embedding_gemma/2025120304/en_manifest.json
09-14 09:34:35.646  7043  7071 I SP      : Registering emoticon_content_description.2022081613, url: https://www.gstatic.com/android/keyboard/emoticon_content_desc/202208161305/superpacks_manifest.json, constraints: W:*:*:*, flags: bg, requested: 2022081613, current: 2022081613
09-14 09:34:35.646  7043  7071 I SuperpacksManagerImpl: SuperpacksManagerImpl$3$1.onSuccess():552 emoticon_content_description.registerManifest() succeeded
09-14 09:34:35.646  7043  7098 I DownloadManager: DownloadManager.completeDownload():434 Download for __PEKB_manifest_pek_blocklist__en scheduled with params oim[allowMetered=true, requireCharging=false, foreground=false, immediately=true, priority=0]
09-14 09:34:35.646  7043  7098 I DownloadManager: DownloadManager.startDownload():518 start download of __PEKB_manifest_pek_blocklist__en
09-14 09:34:35.646  7043  7098 I DownloadManager: DownloadManager$4.onSuccess():587 download for __PEKB_manifest_pek_blocklist__en is finished with files # rtx@1080a069
09-14 09:34:35.646  7043  7071 I SP      : Syncing emoticon_content_description (2022081613) with slices: [7a635888cb828dfa2fc744b7b9b50f04, 1c661f5c7fb2b8a396a302d79ea74d30], metadata: false
09-14 09:34:35.646  7043 19031 I ManifestedDataDownloader: ManifestedDataDownloader.checkVersionAndDownload():98 filegroup __PEKB_pek_blocklist__en with version 2025120304 is already downloaded
09-14 09:34:35.646  7043 19031 I PerLanguageDataDownloader: PerLanguageDataDownloader$2.onSuccess():188 Data en downloaded with version 2025120304
09-14 09:34:35.652   661  2239 D ActivityManager: sync unfroze 9030 android.process.acore for 7
09-14 09:34:35.654  7043  7102 I ShortcutsDataManager: AbstractContentDataManager.importRecords():348 importRecords() : Success : Count = 0
09-14 09:34:35.654  7043  7102 I ShortcutsDataManager: AbstractContentDataManager.importContentData():297 importContentData() : Ending import process
09-14 09:34:35.655  7043  7100 I Delight5Decoder: Delight5DecoderWrapper.unloadLanguageModel():1039 unloadLanguageModel() : 4, version [n/a]
09-14 09:34:35.655  7043  7100 I native  : I0000 00:00:1789371275.655256    7100 dynamic-lm-manager.cc:49] Dynamic LM has already been unloaded: /data/user/0/com.google.android.inputmethod.latin/files/personal/Personal.de.dict
09-14 09:34:35.659  7043  7102 I PersonalLanguageModelUpdater: PersonalLanguageModelUpdater$UpdateOperation.performInternal():165 run() : Added 0 words and 0 shortcuts
09-14 09:34:35.659  7043  7102 I DynamicLanguageModelOperation: DynamicLanguageModelOperation.perform():43 perform() : 4 : fap : Completed
09-14 09:34:35.659  7043  7102 I Delight5Decoder: Delight5DecoderWrapper.asyncLoadLanguageModel():770 asyncLoadLanguageModel() : de
09-14 09:34:35.659  7043  7100 I Delight5Decoder: Delight5DecoderWrapper.loadLanguageModel():816 loadLanguageModel() : 4, version [n/a]
09-14 09:34:35.659  7043  7100 I Delight5Decoder: Delight5DecoderWrapper.loadLanguageModel():867 Loaded dynamic LM 4.de
09-14 09:34:35.659  7043  7100 I Delight5Decoder: Delight5DecoderWrapper.unloadLanguageModel():1039 unloadLanguageModel() : 4, version [n/a]
09-14 09:34:35.659  7043  7100 I native  : I0000 00:00:1789371275.659463    7100 dynamic-lm-manager.cc:49] Dynamic LM has already been unloaded: /data/user/0/com.google.android.inputmethod.latin/files/personal/Personal.en_US.dict
09-14 09:34:35.660  7043  7071 I SP      : Sync for emoticon_content_description succeeded in 14 ms: no changes
09-14 09:34:35.660  7043  7071 I SP      : GC for 'emoticon_content_description' (10) with ttl of 0 ms took 0 ms (0/0/0)
09-14 09:34:35.660  7043  7071 I SuperpacksManagerImpl: SuperpacksManagerImpl$19.onSyncSuccess():947 emoticon_content_description.sync() succeeded
09-14 09:34:35.661  7043  7102 I PersonalLanguageModelUpdater: PersonalLanguageModelUpdater$UpdateOperation.performInternal():165 run() : Added 0 words and 0 shortcuts
09-14 09:34:35.661  7043  7102 I DynamicLanguageModelOperation: DynamicLanguageModelOperation.perform():43 perform() : 4 : fap : Completed
09-14 09:34:35.661  7043  7102 I Delight5Decoder: Delight5DecoderWrapper.asyncLoadLanguageModel():770 asyncLoadLanguageModel() : en
09-14 09:34:35.661   516   516 W skia    : AGTM parsing failed flags.readFromStream(s) at 159
09-14 09:34:35.661   516   516 W skia    : AGTM parsing failed flags.readFromStream(s) at 159
09-14 09:34:35.661   516   516 W skia    : AGTM parsing failed flags.readFromStream(s) at 159
09-14 09:34:35.661   516   516 W skia    : AGTM parsing failed flags.readFromStream(s) at 159
09-14 09:34:35.661   516   516 W skia    : AGTM parsing failed flags.readFromStream(s) at 159
09-14 09:34:35.661   516   516 W skia    : AGTM parsing failed flags.readFromStream(s) at 159
09-14 09:34:35.661   516   516 W skia    : AGTM parsing failed flags.readFromStream(s) at 159
09-14 09:34:35.661  7043  7043 I ShortcutsDataManager: AbstractContentDataManager$ImportContentTask.onPostExecute():268 onPostExecute() : Result = [2,0]
09-14 09:34:35.661  7043  7043 I ShortcutsDataManager: ShortcutsDataManager.onImportFinished():82 onImportFinished() : Result = 2 : Count = 0
09-14 09:34:35.662  7043  7100 I Delight5Decoder: Delight5DecoderWrapper.loadLanguageModel():816 loadLanguageModel() : 4, version [n/a]
09-14 09:34:35.662  7043  7100 I Delight5Decoder: Delight5DecoderWrapper.loadLanguageModel():867 Loaded dynamic LM 4.en
09-14 09:34:35.678   516   516 W skia    : AGTM parsing failed flags.readFromStream(s) at 159
09-14 09:34:35.694   516   516 W skia    : AGTM parsing failed flags.readFromStream(s) at 159
09-14 09:34:35.711   516   516 W skia    : AGTM parsing failed flags.readFromStream(s) at 159
09-14 09:34:35.728   516   516 W skia    : AGTM parsing failed flags.readFromStream(s) at 159
09-14 09:34:35.729   516   547 W skia    : AGTM parsing failed flags.readFromStream(s) at 159
09-14 09:34:35.729   516   547 W skia    : AGTM parsing failed flags.readFromStream(s) at 159
09-14 09:34:35.744   516   516 W skia    : AGTM parsing failed flags.readFromStream(s) at 159
09-14 09:34:35.829   516   547 W skia    : AGTM parsing failed flags.readFromStream(s) at 159
09-14 09:34:35.829   516   547 W skia    : AGTM parsing failed flags.readFromStream(s) at 159
09-14 09:34:36.144   516   516 W skia    : AGTM parsing failed flags.readFromStream(s) at 159
09-14 09:34:36.145   516   547 W skia    : AGTM parsing failed flags.readFromStream(s) at 159
09-14 09:34:36.145   516   547 W skia    : AGTM parsing failed flags.readFromStream(s) at 159
09-14 09:34:36.407  1333  1333 I wpa_supplicant: wlan0: CTRL-EVENT-BEACON-LOSS 
09-14 09:34:36.508   661  1018 E Nl80211Native: getChannelsMhzForBand: Wiphy index not recorded for band 8
09-14 09:34:36.508   661  1018 E Nl80211Native: getChannelsMhzForBand: Wiphy index not recorded for band 16
09-14 09:34:36.508   661  1018 D Nl80211Native: Ignoring unsupported scan type 2
09-14 09:34:36.508   661  1018 I Nl80211Proxy: Sending Nl80211 message: GenericNetlinkMsg{ nlHeader{StructNlMsgHdr{ nlmsg_len{56}, nlmsg_type{30()}, nlmsg_flags{5(NLM_F_REQUEST|NLM_F_ACK)}, nlmsg_seq{738}, nlmsg_pid{0} }}, genNlHeader{StructGenNlMsgHdr{ command{33}, version{1}, reserved{0} }}, attributes{[StructNlAttr{ nla_len{8}, nla_type{-32723}, nla_value{04000000}, }, StructNlAttr{ nla_len{8}, nla_type{3}, nla_value{10000000}, }, StructNlAttr{ nla_len{12}, nla_type{-32724}, nla_value{080000008F090000}, }, StructNlAttr{ nla_len{8}, nla_type{158}, nla_value{00000000}, }]} }
09-14 09:34:36.508   661  1018 I Nl80211Proxy: Received NLMSG_ERROR with error 0 for message GenericNetlinkMsg{ nlHeader{StructNlMsgHdr{ nlmsg_len{56}, nlmsg_type{30()}, nlmsg_flags{5(NLM_F_REQUEST|NLM_F_ACK)}, nlmsg_seq{738}, nlmsg_pid{0} }}, genNlHeader{StructGenNlMsgHdr{ command{33}, version{1}, reserved{0} }}, attributes{[StructNlAttr{ nla_len{8}, nla_type{-32723}, nla_value{04000000}, }, StructNlAttr{ nla_len{8}, nla_type{3}, nla_value{10000000}, }, StructNlAttr{ nla_len{12}, nla_type{-32724}, nla_value{080000008F090000}, }, StructNlAttr{ nla_len{8}, nla_type{158}, nla_value{00000000}, }]} }
09-14 09:34:36.528   661  2239 W EventHub: Multiple scan codes map to the same key code 73, returning only the first match
09-14 09:34:36.528  7043  7043 I StylusModule: StylusModule.onUpdateToolType():774 Update tool type = 0
09-14 09:34:36.528 19082 19082 D CompatChangeReporter: Compat change id reported: 417951523; UID 10229; state: ENABLED
09-14 09:34:36.551  7043  7043 I UndoStack: UndoStack.offer$mayClearStack():165 InputContext OTHER_TEXT_CHANGE with content updates to clear undo
09-14 09:34:36.553  7043  7050 W SP      : File ref is being finalized but wasn't closed, file: main_en_us_2025121900_2[504]
09-14 09:34:36.560   661  1014 D WifiNative: Scan result ready event
09-14 09:34:36.560   661  1018 I Nl80211Proxy: Sending Nl80211 message: GenericNetlinkMsg{ nlHeader{StructNlMsgHdr{ nlmsg_len{20}, nlmsg_type{30()}, nlmsg_flags{769(NLM_F_REQUEST|NLM_F_DUMP)}, nlmsg_seq{739}, nlmsg_pid{0} }}, genNlHeader{StructGenNlMsgHdr{ command{5}, version{1}, reserved{0} }}, attributes{[]} }
09-14 09:34:36.560   661  1018 I Nl80211Proxy: Received NLMSG_DONE for message GenericNetlinkMsg{ nlHeader{StructNlMsgHdr{ nlmsg_len{20}, nlmsg_type{30()}, nlmsg_flags{769(NLM_F_REQUEST|NLM_F_DUMP)}, nlmsg_seq{739}, nlmsg_pid{0} }}, genNlHeader{StructGenNlMsgHdr{ command{5}, version{1}, reserved{0} }}, attributes{[]} }
09-14 09:34:36.560   661  1018 W Nl80211Utils: Malformed NEW_INTERFACE response: missing attributes
09-14 09:34:36.560   661  1018 I Nl80211Proxy: Sending Nl80211 message: GenericNetlinkMsg{ nlHeader{StructNlMsgHdr{ nlmsg_len{28}, nlmsg_type{30()}, nlmsg_flags{769(NLM_F_REQUEST|NLM_F_DUMP)}, nlmsg_seq{740}, nlmsg_pid{0} }}, genNlHeader{StructGenNlMsgHdr{ command{32}, version{1}, reserved{0} }}, attributes{[StructNlAttr{ nla_len{8}, nla_type{3}, nla_value{10000000}, }]} }
09-14 09:34:36.560   661  1018 I Nl80211Proxy: Received NLMSG_DONE for message GenericNetlinkMsg{ nlHeader{StructNlMsgHdr{ nlmsg_len{28}, nlmsg_type{30()}, nlmsg_flags{769(NLM_F_REQUEST|NLM_F_DUMP)}, nlmsg_seq{740}, nlmsg_pid{0} }}, genNlHeader{StructGenNlMsgHdr{ command{32}, version{1}, reserved{0} }}, attributes{[StructNlAttr{ nla_len{8}, nla_type{3}, nla_value{10000000}, }]} }
09-14 09:34:36.560  7388  7418 I WifiScanner: onFullResults
09-14 09:34:36.560  7388  7996 I WifiScanner: onFullResults
09-14 09:34:36.561   661  1014 I HalDevMgr: bestIfaceCreationProposal is null, requestIface=STA, existingIface=[name=wlan0 type=STA]
09-14 09:34:36.561   516   516 W skia    : AGTM parsing failed flags.readFromStream(s) at 159
09-14 09:34:36.562   516   547 W skia    : AGTM parsing failed flags.readFromStream(s) at 159
09-14 09:34:36.562   516   547 W skia    : AGTM parsing failed flags.readFromStream(s) at 159
09-14 09:34:36.704  7043  7043 I StylusModule: StylusModule.onUpdateToolType():774 Update tool type = 0
09-14 09:34:36.712  7043  7043 I UndoStack: UndoStack.offer$mayClearStack():165 InputContext OTHER_TEXT_CHANGE with content updates to clear undo
09-14 09:34:36.728   516   516 W skia    : AGTM parsing failed flags.readFromStream(s) at 159
09-14 09:34:36.729   516   547 W skia    : AGTM parsing failed flags.readFromStream(s) at 159
09-14 09:34:36.729   516   547 W skia    : AGTM parsing failed flags.readFromStream(s) at 159
09-14 09:34:36.836  7043  7043 I StylusModule: StylusModule.onUpdateToolType():774 Update tool type = 0
09-14 09:34:36.845  7043  7043 I UndoStack: UndoStack.offer$mayClearStack():165 InputContext OTHER_TEXT_CHANGE with content updates to clear undo
09-14 09:34:36.861   516   516 W skia    : AGTM parsing failed flags.readFromStream(s) at 159
09-14 09:34:36.862   516   547 W skia    : AGTM parsing failed flags.readFromStream(s) at 159
09-14 09:34:36.862   516   547 W skia    : AGTM parsing failed flags.readFromStream(s) at 159
09-14 09:34:37.200   462  1842 D android.hardware.audio@7.1-impl.ranchu: threadLoop: entering standby, frames: 76069696
09-14 09:34:37.200   462  1842 D android.hardware.audio@7.1-impl.ranchu: ~TinyalsaSink: joining consumeThread
09-14 09:34:37.200   462 19122 D android.hardware.audio@7.1-impl.ranchu: consumeThread: exiting
09-14 09:34:37.361   516   516 W skia    : AGTM parsing failed flags.readFromStream(s) at 159
09-14 09:34:37.362   516   547 W skia    : AGTM parsing failed flags.readFromStream(s) at 159
09-14 09:34:37.362   516   547 W skia    : AGTM parsing failed flags.readFromStream(s) at 159
09-14 09:34:37.413  1110  1254 I QuickAccessWalletTile: QAW service is unavailable, recreating the wallet client.
09-14 09:34:37.414  1110  1254 D ControlsListingControllerImpl: Subscribing callback, service count: 0
09-14 09:34:37.416  1110  1254 D ControlsListingControllerImpl: Unsubscribing callback
09-14 09:34:37.512   661  1014 E WifiDataStall: Ignore this poll. newStats: null txLinkSpeedMbps: 2 rxLinkSpeedMbps: 2 rssi: -50 connectionCapabilities: com.android.server.wifi.WifiNative$ConnectionCapabilities@42dc428
09-14 09:34:37.512   661  1043 I AdbWifiNetworkMonitor: Wi-Fi network available
09-14 09:34:37.512   661  1043 I AdbWifiNetworkMonitor: Received the same Wi-Fi SSID. Ignoring.
09-14 09:34:37.514  7388  7418 I NullBinder: NullBinder for android.net.action.RECOMMEND_NETWORKS triggering remote TransactionTooLargeException due to Service without Chimera impl, calling uid: 1000, calling pid: 0
09-14 09:34:37.514  7388  7418 W libbinder.Binder: Large reply transaction of 1056768 bytes, interface descriptor , function: UNKNOWN_FUNCTION_NAME, code: 1, flags: 17
09-14 09:34:37.514   661  1020 D ConnectivityService: NetReassign [no changes] [c 0] [a 0] [i 0]
09-14 09:34:37.514  7388  7814 I NearbyMediums: Wifi changed new SSID: "AndroidWifi"
09-14 09:34:37.514  7388  7814 I NearbyMediums: WifiLanConnectivityInfo is not changed, skip notify.
09-14 09:34:37.515  7388  7388 D BoundBrokerSvc: onRebind: Intent { act=com.google.android.gms.common.telemetry.service.START dat=chimera-action:/... xflg=0x4 cmp=com.google.android.gms/.chimera.PersistentApiService }
09-14 09:34:37.861   516   516 W skia    : AGTM parsing failed flags.readFromStream(s) at 159
09-14 09:34:37.862   516   547 W skia    : AGTM parsing failed flags.readFromStream(s) at 159
09-14 09:34:37.862   516   547 W skia    : AGTM parsing failed flags.readFromStream(s) at 159
09-14 09:34:38.015  7388  7814 I NearbySharing: Network state changed: NetworkState(isRestricted=false, isOnline=true, isCongested=false, isMetered=false, isWifiConnected=true)
09-14 09:34:38.179   661  2245 W AS.PlaybackActivityMon: No piid assigned for invalid/internal port id 18
09-14 09:34:38.179   661  2239 W AS.PlaybackActivityMon: No piid assigned for invalid/internal port id 18
09-14 09:34:38.194   516   516 W skia    : AGTM parsing failed flags.readFromStream(s) at 159
09-14 09:34:38.195   516   547 W skia    : AGTM parsing failed flags.readFromStream(s) at 159
09-14 09:34:38.195   516   547 W skia    : AGTM parsing failed flags.readFromStream(s) at 159
09-14 09:34:38.210   661  1511 W InputChannel-JNI: Channel already disposed.
09-14 09:34:38.211   516   516 W skia    : AGTM parsing failed flags.readFromStream(s) at 159
09-14 09:34:38.211   516   516 W skia    : AGTM parsing failed flags.readFromStream(s) at 159
09-14 09:34:38.211   516   516 W skia    : AGTM parsing failed flags.readFromStream(s) at 159
09-14 09:34:38.211   516   516 W skia    : AGTM parsing failed flags.readFromStream(s) at 159
09-14 09:34:38.211   516   516 W skia    : AGTM parsing failed flags.readFromStream(s) at 159
09-14 09:34:38.211   516   516 W skia    : AGTM parsing failed flags.readFromStream(s) at 159
09-14 09:34:38.211 19082 19082 D WindowOnBackDispatcher: setTopOnBackInvokedCallback (unwrapped): android.app.Dialog$$ExternalSyntheticLambda2@83af3
09-14 09:34:38.212 19082 19106 D WindowOnBackDispatcher: setOnBackInvokedCallbackInfo: android.app.Dialog$$ExternalSyntheticLambda2@83af3
09-14 09:34:38.212   661  1238 D CoreBackPreview: Window{1d4d0c4 u0 com.highfly.logbook/com.highfly.logbook.MainActivity}: Setting back callback OnBackInvokedCallbackInfo{mCallback=android.window.IOnBackInvokedCallback$Stub$Proxy@5b03530, mPriority=-1, mIsAnimationCallback=false, mOverrideBehavior=0}
09-14 09:34:38.219   661  1238 D WindowManager: setClientSurface Surface(name=VRI-com.highfly.logbook/com.highfly.logbook.MainActivity#5208)/@0xf5b75a9 for 1d4d0c4 com.highfly.logbook/com.highfly.logbook.MainActivity
09-14 09:34:38.219 19082 19082 I Surface : Creating surface for consumer unnamed-19082-1 with slotExpansion=1 for 64 slots
09-14 09:34:38.219 19082 19082 I Surface : Creating surface for consumer VRI[MainActivity]#1(BLAST Consumer)1 with slotExpansion=1 for 64 slots
09-14 09:34:38.225   512   557 D AudioFlinger: mixer(0x7f38b824b790) throttle end: throttle time(33)
09-14 09:34:38.228   516   516 W skia    : AGTM parsing failed flags.readFromStream(s) at 159
09-14 09:34:38.228   516   516 W skia    : AGTM parsing failed flags.readFromStream(s) at 159
09-14 09:34:38.228   516   516 W skia    : AGTM parsing failed flags.readFromStream(s) at 159
09-14 09:34:38.228   516   516 W skia    : AGTM parsing failed flags.readFromStream(s) at 159
09-14 09:34:38.228   516   516 W skia    : AGTM parsing failed flags.readFromStream(s) at 159
09-14 09:34:38.228   516   516 W skia    : AGTM parsing failed flags.readFromStream(s) at 159
09-14 09:34:38.238 19082 19082 I ImeTracker: com.highfly.logbook:89f2e2c3: onCancelled at PHASE_CLIENT_ON_CONTROLS_CHANGED
09-14 09:34:38.244   516   516 W skia    : AGTM parsing failed flags.readFromStream(s) at 159
09-14 09:34:38.244   516   516 W skia    : AGTM parsing failed flags.readFromStream(s) at 159
09-14 09:34:38.244   516   516 W skia    : AGTM parsing failed flags.readFromStream(s) at 159
09-14 09:34:38.244   516   516 W skia    : AGTM parsing failed flags.readFromStream(s) at 159
09-14 09:34:38.244   516   516 W skia    : AGTM parsing failed flags.readFromStream(s) at 159
09-14 09:34:38.244   516   516 W skia    : AGTM parsing failed flags.readFromStream(s) at 159
09-14 09:34:38.244   516   516 W skia    : AGTM parsing failed flags.readFromStream(s) at 159
09-14 09:34:38.244   516   516 W skia    : AGTM parsing failed flags.readFromStream(s) at 159
09-14 09:34:38.261   516   516 W skia    : AGTM parsing failed flags.readFromStream(s) at 159
09-14 09:34:38.261   516   516 W skia    : AGTM parsing failed flags.readFromStream(s) at 159
09-14 09:34:38.261   516   516 W skia    : AGTM parsing failed flags.readFromStream(s) at 159
09-14 09:34:38.261   516   516 W skia    : AGTM parsing failed flags.readFromStream(s) at 159
09-14 09:34:38.261   516   516 W skia    : AGTM parsing failed flags.readFromStream(s) at 159
09-14 09:34:38.261   516   516 W skia    : AGTM parsing failed flags.readFromStream(s) at 159
09-14 09:34:38.261   516   516 W skia    : AGTM parsing failed flags.readFromStream(s) at 159
09-14 09:34:38.261   516   516 W skia    : AGTM parsing failed flags.readFromStream(s) at 159
09-14 09:34:38.278   516   516 W skia    : AGTM parsing failed flags.readFromStream(s) at 159
09-14 09:34:38.278   516   516 W skia    : AGTM parsing failed flags.readFromStream(s) at 159
09-14 09:34:38.278   516   516 W skia    : AGTM parsing failed flags.readFromStream(s) at 159
09-14 09:34:38.278   516   516 W skia    : AGTM parsing failed flags.readFromStream(s) at 159
09-14 09:34:38.278   516   516 W skia    : AGTM parsing failed flags.readFromStream(s) at 159
09-14 09:34:38.278   516   516 W skia    : AGTM parsing failed flags.readFromStream(s) at 159
09-14 09:34:38.278   516   516 W skia    : AGTM parsing failed flags.readFromStream(s) at 159
09-14 09:34:38.278   516   516 W skia    : AGTM parsing failed flags.readFromStream(s) at 159
09-14 09:34:38.294   516   516 W skia    : AGTM parsing failed flags.readFromStream(s) at 159
09-14 09:34:38.294   516   516 W skia    : AGTM parsing failed flags.readFromStream(s) at 159
09-14 09:34:38.294   516   516 W skia    : AGTM parsing failed flags.readFromStream(s) at 159
09-14 09:34:38.294   516   516 W skia    : AGTM parsing failed flags.readFromStream(s) at 159
09-14 09:34:38.294   516   516 W skia    : AGTM parsing failed flags.readFromStream(s) at 159
09-14 09:34:38.294   516   516 W skia    : AGTM parsing failed flags.readFromStream(s) at 159
09-14 09:34:38.294   516   516 W skia    : AGTM parsing failed flags.readFromStream(s) at 159
09-14 09:34:38.294   516   516 W skia    : AGTM parsing failed flags.readFromStream(s) at 159
09-14 09:34:38.294   516   516 W skia    : AGTM parsing failed flags.readFromStream(s) at 159
09-14 09:34:38.295   516   547 W skia    : AGTM parsing failed flags.readFromStream(s) at 159
09-14 09:34:38.295   516   547 W skia    : AGTM parsing failed flags.readFromStream(s) at 159
09-14 09:34:38.311   516   516 W skia    : AGTM parsing failed flags.readFromStream(s) at 159
09-14 09:34:38.311   516   516 W skia    : AGTM parsing failed flags.readFromStream(s) at 159
09-14 09:34:38.311   516   516 W skia    : AGTM parsing failed flags.readFromStream(s) at 159
09-14 09:34:38.311   516   516 W skia    : AGTM parsing failed flags.readFromStream(s) at 159
09-14 09:34:38.311   516   516 W skia    : AGTM parsing failed flags.readFromStream(s) at 159
09-14 09:34:38.311   516   516 W skia    : AGTM parsing failed flags.readFromStream(s) at 159
09-14 09:34:38.311   516   516 W skia    : AGTM parsing failed flags.readFromStream(s) at 159
09-14 09:34:38.311   516   516 W skia    : AGTM parsing failed flags.readFromStream(s) at 159
09-14 09:34:38.311   516   516 W skia    : AGTM parsing failed flags.readFromStream(s) at 159
09-14 09:34:38.328   516   516 W skia    : AGTM parsing failed flags.readFromStream(s) at 159
09-14 09:34:38.328   516   516 W skia    : AGTM parsing failed flags.readFromStream(s) at 159
09-14 09:34:38.328   516   516 W skia    : AGTM parsing failed flags.readFromStream(s) at 159
09-14 09:34:38.328   516   516 W skia    : AGTM parsing failed flags.readFromStream(s) at 159
09-14 09:34:38.328   516   516 W skia    : AGTM parsing failed flags.readFromStream(s) at 159
09-14 09:34:38.328   516   516 W skia    : AGTM parsing failed flags.readFromStream(s) at 159
09-14 09:34:38.328   516   516 W skia    : AGTM parsing failed flags.readFromStream(s) at 159
09-14 09:34:38.328   516   516 W skia    : AGTM parsing failed flags.readFromStream(s) at 159
09-14 09:34:38.328   516   516 W skia    : AGTM parsing failed flags.readFromStream(s) at 159
09-14 09:34:38.338   512   549 I APM_AudioPolicyManager: getNewOutputDevices io 13 recent device override {AUDIO_DEVICE_OUT_SPEAKER, @:}
09-14 09:34:38.344   516   516 W skia    : AGTM parsing failed flags.readFromStream(s) at 159
09-14 09:34:38.344   516   516 W skia    : AGTM parsing failed flags.readFromStream(s) at 159
09-14 09:34:38.344   516   516 W skia    : AGTM parsing failed flags.readFromStream(s) at 159
09-14 09:34:38.344   516   516 W skia    : AGTM parsing failed flags.readFromStream(s) at 159
09-14 09:34:38.344   516   516 W skia    : AGTM parsing failed flags.readFromStream(s) at 159
09-14 09:34:38.344   516   516 W skia    : AGTM parsing failed flags.readFromStream(s) at 159
09-14 09:34:38.344   516   516 W skia    : AGTM parsing failed flags.readFromStream(s) at 159
09-14 09:34:38.344   516   516 W skia    : AGTM parsing failed flags.readFromStream(s) at 159
09-14 09:34:38.344   516   516 W skia    : AGTM parsing failed flags.readFromStream(s) at 159
09-14 09:34:38.361   516   516 W skia    : AGTM parsing failed flags.readFromStream(s) at 159
09-14 09:34:38.361   516   516 W skia    : AGTM parsing failed flags.readFromStream(s) at 159
09-14 09:34:38.361   516   516 W skia    : AGTM parsing failed flags.readFromStream(s) at 159
09-14 09:34:38.361   516   516 W skia    : AGTM parsing failed flags.readFromStream(s) at 159
09-14 09:34:38.361   516   516 W skia    : AGTM parsing failed flags.readFromStream(s) at 159
09-14 09:34:38.361   516   516 W skia    : AGTM parsing failed flags.readFromStream(s) at 159
09-14 09:34:38.361   516   516 W skia    : AGTM parsing failed flags.readFromStream(s) at 159
09-14 09:34:38.361   516   516 W skia    : AGTM parsing failed flags.readFromStream(s) at 159
09-14 09:34:38.361   516   516 W skia    : AGTM parsing failed flags.readFromStream(s) at 159
09-14 09:34:38.378   516   516 W skia    : AGTM parsing failed flags.readFromStream(s) at 159
09-14 09:34:38.378   516   516 W skia    : AGTM parsing failed flags.readFromStream(s) at 159
09-14 09:34:38.378   516   516 W skia    : AGTM parsing failed flags.readFromStream(s) at 159
09-14 09:34:38.378   516   516 W skia    : AGTM parsing failed flags.readFromStream(s) at 159
09-14 09:34:38.378   516   516 W skia    : AGTM parsing failed flags.readFromStream(s) at 159
09-14 09:34:38.378   516   516 W skia    : AGTM parsing failed flags.readFromStream(s) at 159
09-14 09:34:38.378   516   516 W skia    : AGTM parsing failed flags.readFromStream(s) at 159
09-14 09:34:38.378   516   516 W skia    : AGTM parsing failed flags.readFromStream(s) at 159
09-14 09:34:38.378   516   516 W skia    : AGTM parsing failed flags.readFromStream(s) at 159
09-14 09:34:38.394   516   516 W skia    : AGTM parsing failed flags.readFromStream(s) at 159
09-14 09:34:38.394   516   516 W skia    : AGTM parsing failed flags.readFromStream(s) at 159
09-14 09:34:38.394   516   516 W skia    : AGTM parsing failed flags.readFromStream(s) at 159
09-14 09:34:38.394   516   516 W skia    : AGTM parsing failed flags.readFromStream(s) at 159
09-14 09:34:38.394   516   516 W skia    : AGTM parsing failed flags.readFromStream(s) at 159
09-14 09:34:38.394   516   516 W skia    : AGTM parsing failed flags.readFromStream(s) at 159
09-14 09:34:38.394   516   516 W skia    : AGTM parsing failed flags.readFromStream(s) at 159
09-14 09:34:38.394   516   516 W skia    : AGTM parsing failed flags.readFromStream(s) at 159
09-14 09:34:38.394   516   516 W skia    : AGTM parsing failed flags.readFromStream(s) at 159
09-14 09:34:38.396   516   547 W skia    : AGTM parsing failed flags.readFromStream(s) at 159
09-14 09:34:38.396   516   547 W skia    : AGTM parsing failed flags.readFromStream(s) at 159
09-14 09:34:38.411   516   516 W skia    : AGTM parsing failed flags.readFromStream(s) at 159
09-14 09:34:38.411   516   516 W skia    : AGTM parsing failed flags.readFromStream(s) at 159
09-14 09:34:38.411   516   516 W skia    : AGTM parsing failed flags.readFromStream(s) at 159
09-14 09:34:38.411   516   516 W skia    : AGTM parsing failed flags.readFromStream(s) at 159
09-14 09:34:38.411   516   516 W skia    : AGTM parsing failed flags.readFromStream(s) at 159
09-14 09:34:38.411   516   516 W skia    : AGTM parsing failed flags.readFromStream(s) at 159
09-14 09:34:38.411   516   516 W skia    : AGTM parsing failed flags.readFromStream(s) at 159
09-14 09:34:38.411   516   516 W skia    : AGTM parsing failed flags.readFromStream(s) at 159
09-14 09:34:38.411   516   516 W skia    : AGTM parsing failed flags.readFromStream(s) at 159
09-14 09:34:38.428   516   516 W skia    : AGTM parsing failed flags.readFromStream(s) at 159
09-14 09:34:38.428   516   516 W skia    : AGTM parsing failed flags.readFromStream(s) at 159
09-14 09:34:38.428   516   516 W skia    : AGTM parsing failed flags.readFromStream(s) at 159
09-14 09:34:38.428   516   516 W skia    : AGTM parsing failed flags.readFromStream(s) at 159
09-14 09:34:38.428   516   516 W skia    : AGTM parsing failed flags.readFromStream(s) at 159
09-14 09:34:38.428   516   516 W skia    : AGTM parsing failed flags.readFromStream(s) at 159
09-14 09:34:38.428   516   516 W skia    : AGTM parsing failed flags.readFromStream(s) at 159
09-14 09:34:38.428   516   516 W skia    : AGTM parsing failed flags.readFromStream(s) at 159
09-14 09:34:38.444   516   516 W skia    : AGTM parsing failed flags.readFromStream(s) at 159
09-14 09:34:38.444   516   516 W skia    : AGTM parsing failed flags.readFromStream(s) at 159
09-14 09:34:38.444   516   516 W skia    : AGTM parsing failed flags.readFromStream(s) at 159
09-14 09:34:38.444   516   516 W skia    : AGTM parsing failed flags.readFromStream(s) at 159
09-14 09:34:38.444   516   516 W skia    : AGTM parsing failed flags.readFromStream(s) at 159
09-14 09:34:38.444   516   516 W skia    : AGTM parsing failed flags.readFromStream(s) at 159
09-14 09:34:38.444   516   516 W skia    : AGTM parsing failed flags.readFromStream(s) at 159
09-14 09:34:38.444   516   516 W skia    : AGTM parsing failed flags.readFromStream(s) at 159
09-14 09:34:38.461   516   516 W skia    : AGTM parsing failed flags.readFromStream(s) at 159
09-14 09:34:38.478   516   516 W skia    : AGTM parsing failed flags.readFromStream(s) at 159
09-14 09:34:38.494   516   516 W skia    : AGTM parsing failed flags.readFromStream(s) at 159
09-14 09:34:38.496   516   547 W skia    : AGTM parsing failed flags.readFromStream(s) at 159
09-14 09:34:38.496   516   547 W skia    : AGTM parsing failed flags.readFromStream(s) at 159
09-14 09:34:38.511   516   516 W skia    : AGTM parsing failed flags.readFromStream(s) at 159
09-14 09:34:38.528   516   516 W skia    : AGTM parsing failed flags.readFromStream(s) at 159
09-14 09:34:38.596   516   547 W skia    : AGTM parsing failed flags.readFromStream(s) at 159
09-14 09:34:38.596   516   547 W skia    : AGTM parsing failed flags.readFromStream(s) at 159
09-14 09:34:39.244   516   516 W skia    : AGTM parsing failed flags.readFromStream(s) at 159
09-14 09:34:39.246   516   547 W skia    : AGTM parsing failed flags.readFromStream(s) at 159
09-14 09:34:39.246   516   547 W skia    : AGTM parsing failed flags.readFromStream(s) at 159
09-14 09:34:39.289  7043 31944 I Delight5: JniUtil.loadLibrary():30 loadLibrary(): nativeLibraryLoaded=true
09-14 09:34:39.289  7043 31944 I AndroidSpellCheckerService: AndroidSpellCheckerService.createSession():138 com.google.android.keyboard.client.delight5.LanguageIdentifier@4a6646 is created
09-14 09:34:39.290 19082 19082 D WindowOnBackDispatcher: setTopOnBackInvokedCallback (unwrapped): null
09-14 09:34:39.293 19082 19082 W InputEventReceiver: Attempted to finish an input event but the input event receiver has already been disposed.
09-14 09:34:39.294   516   516 W skia    : AGTM parsing failed flags.readFromStream(s) at 159
09-14 09:34:39.294   516   516 W skia    : AGTM parsing failed flags.readFromStream(s) at 159
09-14 09:34:39.294   516   516 W skia    : AGTM parsing failed flags.readFromStream(s) at 159
09-14 09:34:39.294   516   516 W skia    : AGTM parsing failed flags.readFromStream(s) at 159
09-14 09:34:39.294   516   516 W skia    : AGTM parsing failed flags.readFromStream(s) at 159
09-14 09:34:39.295   516   516 W skia    : AGTM parsing failed flags.readFromStream(s) at 159
09-14 09:34:39.295   516   516 W skia    : AGTM parsing failed flags.readFromStream(s) at 159
09-14 09:34:39.321   516   516 W skia    : AGTM parsing failed flags.readFromStream(s) at 159
09-14 09:34:39.322   516   516 W skia    : AGTM parsing failed flags.readFromStream(s) at 159
09-14 09:34:39.322   516   516 W skia    : AGTM parsing failed flags.readFromStream(s) at 159
09-14 09:34:39.322   516   516 W skia    : AGTM parsing failed flags.readFromStream(s) at 159
09-14 09:34:39.322   516   516 W skia    : AGTM parsing failed flags.readFromStream(s) at 159
09-14 09:34:39.322   516   516 W skia    : AGTM parsing failed flags.readFromStream(s) at 159
09-14 09:34:39.322   516   516 W skia    : AGTM parsing failed flags.readFromStream(s) at 159
09-14 09:34:39.322   516   516 W skia    : AGTM parsing failed flags.readFromStream(s) at 159
09-14 09:34:39.322   661   687 I ImeTracker: system_server:507b271e: onRequestShow at ORIGIN_SERVER reason CONTROLS_CHANGED fromUser false displayId 0
09-14 09:34:39.323 19082 19082 I ImeTracker: system_server:507b271e: onCancelled at PHASE_CLIENT_ON_CONTROLS_CHANGED
09-14 09:34:39.328   516   516 W skia    : AGTM parsing failed flags.readFromStream(s) at 159
09-14 09:34:39.328   516   516 W skia    : AGTM parsing failed flags.readFromStream(s) at 159
09-14 09:34:39.328   516   516 W skia    : AGTM parsing failed flags.readFromStream(s) at 159
09-14 09:34:39.328   516   516 W skia    : AGTM parsing failed flags.readFromStream(s) at 159
09-14 09:34:39.328   516   516 W skia    : AGTM parsing failed flags.readFromStream(s) at 159
09-14 09:34:39.328   516   516 W skia    : AGTM parsing failed flags.readFromStream(s) at 159
09-14 09:34:39.328   516   516 W skia    : AGTM parsing failed flags.readFromStream(s) at 159
09-14 09:34:39.343  1952  1952 I adbd    : adbd service requested 'shell,v2,TERM=dumb,raw:dumpsys package com.google.android.gms'
09-14 09:34:39.344   516   516 W skia    : AGTM parsing failed flags.readFromStream(s) at 159
09-14 09:34:39.344   516   516 W skia    : AGTM parsing failed flags.readFromStream(s) at 159
09-14 09:34:39.344   516   516 W skia    : AGTM parsing failed flags.readFromStream(s) at 159
09-14 09:34:39.344   516   516 W skia    : AGTM parsing failed flags.readFromStream(s) at 159
09-14 09:34:39.344   516   516 W skia    : AGTM parsing failed flags.readFromStream(s) at 159
09-14 09:34:39.344   516   516 W skia    : AGTM parsing failed flags.readFromStream(s) at 159
09-14 09:34:39.344   516   516 W skia    : AGTM parsing failed flags.readFromStream(s) at 159
09-14 09:34:39.344   516   516 W skia    : AGTM parsing failed flags.readFromStream(s) at 159
09-14 09:34:39.346   516   547 W skia    : AGTM parsing failed flags.readFromStream(s) at 159
09-14 09:34:39.346   516   547 W skia    : AGTM parsing failed flags.readFromStream(s) at 159
09-14 09:34:39.361   516   516 W skia    : AGTM parsing failed flags.readFromStream(s) at 159
09-14 09:34:39.361   516   516 W skia    : AGTM parsing failed flags.readFromStream(s) at 159
09-14 09:34:39.361   516   516 W skia    : AGTM parsing failed flags.readFromStream(s) at 159
09-14 09:34:39.361   516   516 W skia    : AGTM parsing failed flags.readFromStream(s) at 159
09-14 09:34:39.361   516   516 W skia    : AGTM parsing failed flags.readFromStream(s) at 159
09-14 09:34:39.361   516   516 W skia    : AGTM parsing failed flags.readFromStream(s) at 159
09-14 09:34:39.361   516   516 W skia    : AGTM parsing failed flags.readFromStream(s) at 159
09-14 09:34:39.361   516   516 W skia    : AGTM parsing failed flags.readFromStream(s) at 159
09-14 09:34:39.364   800   809 I artd    : GetBestInfo: odex next to the dex file (/data/app/~~J0ZOBjQhMBo57462xA45VA==/com.google.android.gms-ZFU-Crkx8OOL2-kKPFaoBA==/oat/x86_64/base.odex) is kOatUpToDate with filter 'verify' executable 'false'
09-14 09:34:39.364   800   809 I artd    : GetBestInfo: odex next to the dex file (/data/app/~~J0ZOBjQhMBo57462xA45VA==/com.google.android.gms-ZFU-Crkx8OOL2-kKPFaoBA==/oat/x86_64/base.odex) is kOatUpToDate with filter 'verify' executable 'false'
09-14 09:34:39.364   800   809 I artd    : GetBestInfo: dm (/data/app/~~J0ZOBjQhMBo57462xA45VA==/com.google.android.gms-ZFU-Crkx8OOL2-kKPFaoBA==/split_AdsDynamite_installtime.dm) is kOatUpToDate with filter 'verify' executable 'false'
09-14 09:34:39.365   800   809 I artd    : GetBestInfo: odex next to the dex file (/data/app/~~J0ZOBjQhMBo57462xA45VA==/com.google.android.gms-ZFU-Crkx8OOL2-kKPFaoBA==/oat/x86_64/split_CronetDynamite_installtime.odex) is kOatUpToDate with filter 'speed-profile' executable 'false'
09-14 09:34:39.365   800   809 I artd    : GetBestInfo: odex next to the dex file (/data/app/~~J0ZOBjQhMBo57462xA45VA==/com.google.android.gms-ZFU-Crkx8OOL2-kKPFaoBA==/oat/x86_64/split_CronetDynamite_installtime.odex) is kOatUpToDate with filter 'speed-profile' executable 'false'
09-14 09:34:39.366   800   809 I artd    : GetBestInfo: dm (/data/app/~~J0ZOBjQhMBo57462xA45VA==/com.google.android.gms-ZFU-Crkx8OOL2-kKPFaoBA==/split_DynamiteLoader_installtime.dm) is kOatUpToDate with filter 'verify' executable 'false'
09-14 09:34:39.366   800   809 I artd    : GetBestInfo: dm (/data/app/~~J0ZOBjQhMBo57462xA45VA==/com.google.android.gms-ZFU-Crkx8OOL2-kKPFaoBA==/split_DynamiteModulesA_installtime.dm) is kOatUpToDate with filter 'verify' executable 'false'
09-14 09:34:39.367   800   809 I artd    : GetBestInfo: dm (/data/app/~~J0ZOBjQhMBo57462xA45VA==/com.google.android.gms-ZFU-Crkx8OOL2-kKPFaoBA==/split_DynamiteModulesC_installtime.dm) is kOatUpToDate with filter 'verify' executable 'false'
09-14 09:34:39.367   800   809 I artd    : GetBestInfo: dm (/data/app/~~J0ZOBjQhMBo57462xA45VA==/com.google.android.gms-ZFU-Crkx8OOL2-kKPFaoBA==/split_GoogleCertificates_installtime.dm) is kOatUpToDate with filter 'verify' executable 'false'
09-14 09:34:39.368   800   809 I artd    : GetBestInfo: dm (/data/app/~~J0ZOBjQhMBo57462xA45VA==/com.google.android.gms-ZFU-Crkx8OOL2-kKPFaoBA==/split_MapsDynamite_installtime.dm) is kOatUpToDate with filter 'verify' executable 'false'
09-14 09:34:39.368   800   809 I artd    : GetBestInfo: dm (/data/app/~~J0ZOBjQhMBo57462xA45VA==/com.google.android.gms-ZFU-Crkx8OOL2-kKPFaoBA==/split_MeasurementDynamite_installtime.dm) is kOatUpToDate with filter 'verify' executable 'false'
09-14 09:34:39.369   800   809 I artd    : GetBestInfo: dm (/data/app/~~J0ZOBjQhMBo57462xA45VA==/com.google.android.gms-ZFU-Crkx8OOL2-kKPFaoBA==/split_all_locale_splits.dm) is kOatUpToDate with filter 'verify' executable 'false'
09-14 09:34:39.369   800   809 I artd    : GetBestInfo: /data/user_de/0/com.google.android.gms/app_chimera/m/00000012/dl-PlayCloudSearch.optional_263332100000.apk has no usable artifacts
09-14 09:34:39.370   800   809 I artd    : GetBestInfo: /data/user_de/0/com.google.android.gms/app_chimera/m/00000001/CronetDynamite.apk has no usable artifacts
09-14 09:34:39.370   800   809 I artd    : GetBestInfo: /data/user_de/0/com.google.android.gms/app_chimera/m/00000002/DynamiteLoader.apk has no usable artifacts
09-14 09:34:39.370   800   809 I artd    : GetBestInfo: /data/user_de/0/com.google.android.gms/app_chimera/m/00000011/dl-MlkitOcrCommon.optional_263332100800.apk has no usable artifacts
09-14 09:34:39.370   800   809 I artd    : GetBestInfo: /data/user_de/0/com.google.android.gms/app_chimera/m/00000005/GoogleCertificates.apk has no usable artifacts
09-14 09:34:39.371   800   809 I artd    : GetBestInfo: /data/user_de/0/com.google.android.gms/app_chimera/m/00000014/dl-Appsearch.optional_263332100800.apk has no usable artifacts
09-14 09:34:39.371   800   809 I artd    : GetBestInfo: /data/user_de/0/com.google.android.gms/app_chimera/m/00000009/dl-VisionOcr.optional_262236100000.apk has no usable artifacts
09-14 09:34:39.372   800   809 I artd    : GetBestInfo: /data/user_de/0/com.google.android.gms/app_chimera/m/00000008/dl-MlkitOcrCommon.optional_262236100800.apk has no usable artifacts
09-14 09:34:39.373   800   809 I artd    : GetBestInfo: /data/user_de/0/com.google.android.gms/app_chimera/m/00000010/dl-MlkitBarcodeUi.optional_263332100800.apk has no usable artifacts
09-14 09:34:39.374   800   809 I artd    : GetBestInfo: /data/user_de/0/com.google.android.gms/app_chimera/m/0000000c/dl-VisionOcr.optional_263332100000.apk has no usable artifacts
09-14 09:34:39.374   800   809 I artd    : GetBestInfo: vdex next to the dex file (/data/user/0/com.google.android.gms/app_dg_cache/EC7C859F3FC767BB82D82EE06B046D25E8EB9283/oat/x86_64/the.vdex) is kOatUpToDate with filter 'verify' executable 'false'
09-14 09:34:39.375   800   809 I artd    : GetBestInfo: /data/user_de/0/com.google.android.gms/app_chimera/m/00000007/MeasurementDynamite.apk has no usable artifacts
09-14 09:34:39.375   800   809 I artd    : GetBestInfo: /data/user_de/0/com.google.android.gms/app_chimera/m/0000000b/dl-PlayCloudSearch.optional_262236100000.apk has no usable artifacts
09-14 09:34:39.376   800   809 I artd    : GetBestInfo: /data/user_de/0/com.google.android.gms/app_chimera/m/0000000d/dl-IdentityCredentialsPlatform.optional_263332100800.apk has no usable artifacts
09-14 09:34:39.378   516   516 W skia    : AGTM parsing failed flags.readFromStream(s) at 159
09-14 09:34:39.378   516   516 W skia    : AGTM parsing failed flags.readFromStream(s) at 159
09-14 09:34:39.378   516   516 W skia    : AGTM parsing failed flags.readFromStream(s) at 159
09-14 09:34:39.378   516   516 W skia    : AGTM parsing failed flags.readFromStream(s) at 159
09-14 09:34:39.378   516   516 W skia    : AGTM parsing failed flags.readFromStream(s) at 159
09-14 09:34:39.378   516   516 W skia    : AGTM parsing failed flags.readFromStream(s) at 159
09-14 09:34:39.378   516   516 W skia    : AGTM parsing failed flags.readFromStream(s) at 159
09-14 09:34:39.378   516   516 W skia    : AGTM parsing failed flags.readFromStream(s) at 159
09-14 09:34:39.394   516   516 W skia    : AGTM parsing failed flags.readFromStream(s) at 159
09-14 09:34:39.394   516   516 W skia    : AGTM parsing failed flags.readFromStream(s) at 159
09-14 09:34:39.394   516   516 W skia    : AGTM parsing failed flags.readFromStream(s) at 159
09-14 09:34:39.394   516   516 W skia    : AGTM parsing failed flags.readFromStream(s) at 159
09-14 09:34:39.394   516   516 W skia    : AGTM parsing failed flags.readFromStream(s) at 159
09-14 09:34:39.394   516   516 W skia    : AGTM parsing failed flags.readFromStream(s) at 159
09-14 09:34:39.394   516   516 W skia    : AGTM parsing failed flags.readFromStream(s) at 159
09-14 09:34:39.394   516   516 W skia    : AGTM parsing failed flags.readFromStream(s) at 159
09-14 09:34:39.411   516   516 W skia    : AGTM parsing failed flags.readFromStream(s) at 159
09-14 09:34:39.411   516   516 W skia    : AGTM parsing failed flags.readFromStream(s) at 159
09-14 09:34:39.411   516   516 W skia    : AGTM parsing failed flags.readFromStream(s) at 159
09-14 09:34:39.411   516   516 W skia    : AGTM parsing failed flags.readFromStream(s) at 159
09-14 09:34:39.411   516   516 W skia    : AGTM parsing failed flags.readFromStream(s) at 159
09-14 09:34:39.411   516   516 W skia    : AGTM parsing failed flags.readFromStream(s) at 159
09-14 09:34:39.411   516   516 W skia    : AGTM parsing failed flags.readFromStream(s) at 159
09-14 09:34:39.411   516   516 W skia    : AGTM parsing failed flags.readFromStream(s) at 159
09-14 09:34:39.428   516   516 W skia    : AGTM parsing failed flags.readFromStream(s) at 159
09-14 09:34:39.428   516   516 W skia    : AGTM parsing failed flags.readFromStream(s) at 159
09-14 09:34:39.428   516   516 W skia    : AGTM parsing failed flags.readFromStream(s) at 159
09-14 09:34:39.428   516   516 W skia    : AGTM parsing failed flags.readFromStream(s) at 159
09-14 09:34:39.428   516   516 W skia    : AGTM parsing failed flags.readFromStream(s) at 159
09-14 09:34:39.428   516   516 W skia    : AGTM parsing failed flags.readFromStream(s) at 159
09-14 09:34:39.428   516   516 W skia    : AGTM parsing failed flags.readFromStream(s) at 159
09-14 09:34:39.428   516   516 W skia    : AGTM parsing failed flags.readFromStream(s) at 159
09-14 09:34:39.444   516   516 W skia    : AGTM parsing failed flags.readFromStream(s) at 159
09-14 09:34:39.444   516   516 W skia    : AGTM parsing failed flags.readFromStream(s) at 159
09-14 09:34:39.444   516   516 W skia    : AGTM parsing failed flags.readFromStream(s) at 159
09-14 09:34:39.444   516   516 W skia    : AGTM parsing failed flags.readFromStream(s) at 159
09-14 09:34:39.444   516   516 W skia    : AGTM parsing failed flags.readFromStream(s) at 159
09-14 09:34:39.444   516   516 W skia    : AGTM parsing failed flags.readFromStream(s) at 159
09-14 09:34:39.444   516   516 W skia    : AGTM parsing failed flags.readFromStream(s) at 159
09-14 09:34:39.444   516   516 W skia    : AGTM parsing failed flags.readFromStream(s) at 159
09-14 09:34:39.446   516   547 W skia    : AGTM parsing failed flags.readFromStream(s) at 159
09-14 09:34:39.446   516   547 W skia    : AGTM parsing failed flags.readFromStream(s) at 159
09-14 09:34:39.461   516   516 W skia    : AGTM parsing failed flags.readFromStream(s) at 159
09-14 09:34:39.461   516   516 W skia    : AGTM parsing failed flags.readFromStream(s) at 159
09-14 09:34:39.461   516   516 W skia    : AGTM parsing failed flags.readFromStream(s) at 159
09-14 09:34:39.461   516   516 W skia    : AGTM parsing failed flags.readFromStream(s) at 159
09-14 09:34:39.461   516   516 W skia    : AGTM parsing failed flags.readFromStream(s) at 159
09-14 09:34:39.461   516   516 W skia    : AGTM parsing failed flags.readFromStream(s) at 159
09-14 09:34:39.461   516   516 W skia    : AGTM parsing failed flags.readFromStream(s) at 159
09-14 09:34:39.478   516   516 W skia    : AGTM parsing failed flags.readFromStream(s) at 159
09-14 09:34:39.478   516   516 W skia    : AGTM parsing failed flags.readFromStream(s) at 159
09-14 09:34:39.478   516   516 W skia    : AGTM parsing failed flags.readFromStream(s) at 159
09-14 09:34:39.478   516   516 W skia    : AGTM parsing failed flags.readFromStream(s) at 159
09-14 09:34:39.478   516   516 W skia    : AGTM parsing failed flags.readFromStream(s) at 159
09-14 09:34:39.478   516   516 W skia    : AGTM parsing failed flags.readFromStream(s) at 159
09-14 09:34:39.494   516   516 W skia    : AGTM parsing failed flags.readFromStream(s) at 159
09-14 09:34:39.494   516   516 W skia    : AGTM parsing failed flags.readFromStream(s) at 159
09-14 09:34:39.494   516   516 W skia    : AGTM parsing failed flags.readFromStream(s) at 159
09-14 09:34:39.494   516   516 W skia    : AGTM parsing failed flags.readFromStream(s) at 159
09-14 09:34:39.494   516   516 W skia    : AGTM parsing failed flags.readFromStream(s) at 159
09-14 09:34:39.494   516   516 W skia    : AGTM parsing failed flags.readFromStream(s) at 159
09-14 09:34:39.546   516   547 W skia    : AGTM parsing failed flags.readFromStream(s) at 159
09-14 09:34:39.546   516   547 W skia    : AGTM parsing failed flags.readFromStream(s) at 159
09-14 09:34:39.607  7388  7670 I libbinder.IPCThreadState: oneway function results for code 1 on binder at 0x77579d45c940 will be dropped but finished with status UNKNOWN_TRANSACTION and reply parcel size 80
09-14 09:34:39.616   661   691 W libbinder.IPCThreadState: Sending oneway calls to frozen process.
09-14 09:34:39.616   661   691 W libbinder.IPCThreadState: Sending oneway calls to frozen process.
09-14 09:34:39.616   661   691 W libbinder.IPCThreadState: Sending oneway calls to frozen process.
09-14 09:34:39.844   516   516 W skia    : AGTM parsing failed flags.readFromStream(s) at 159
09-14 09:34:39.845   516   547 W skia    : AGTM parsing failed flags.readFromStream(s) at 159
09-14 09:34:39.845   516   547 W skia    : AGTM parsing failed flags.readFromStream(s) at 159
09-14 09:34:40.344   516   516 W skia    : AGTM parsing failed flags.readFromStream(s) at 159
09-14 09:34:40.345   516   547 W skia    : AGTM parsing failed flags.readFromStream(s) at 159
09-14 09:34:40.345   516   547 W skia    : AGTM parsing failed flags.readFromStream(s) at 159
09-14 09:34:40.497   661  1238 V AutofillSession: Primary service component name: ComponentInfo{com.google.android.gms/com.google.android.gms.autofill.service.AutofillService}, secondary service component name: ComponentInfo{com.android.credentialmanager/com.android.credentialmanager.autofill.CredentialAutofillService}
09-14 09:34:40.497   661  1238 V SecondaryProviderHandler: Creating a secondary provider handler with component name, ComponentInfo{com.android.credentialmanager/com.android.credentialmanager.autofill.CredentialAutofillService}
09-14 09:34:40.498   661  1238 D PresentationStatsEventLogger: Started new PresentationStatsEvent
09-14 09:34:40.498   661  1238 I AppsFilter: interaction: PackageSetting{104d766 com.highfly.logbook/10229} -> PackageSetting{bcde894 com.google.android.inputmethod.latin/10165} BLOCKED
09-14 09:34:40.498   661  1238 W FillRequestEventLogger: Couldn't find packageName: com.google.android.inputmethod.latin
09-14 09:34:40.499 19082 19082 I AutofillManager: showAutofillDialog() return false due to improve fill dialog
09-14 09:34:40.499 19082 19082 I ImeTracker: com.highfly.logbook:1f927b97: onRequestShow at ORIGIN_CLIENT reason SHOW_SOFT_INPUT fromUser true userId 0 displayId 0
09-14 09:34:40.499 19082 19082 D InsetsController: show(ime())
09-14 09:34:40.499 19082 19082 I ImeTracker: com.highfly.logbook:1f927b97: onCancelled at PHASE_CLIENT_APPLY_ANIMATION
09-14 09:34:40.499   661   780 I ImeTracker: com.highfly.logbook:8fb32cf2: onRequestShow at ORIGIN_SERVER reason ATTACH_NEW_INPUT fromUser false userId 0 displayId 0
09-14 09:34:40.499  7043  7043 I GoogleInputMethodService: GoogleInputMethodService.onFinishInputView():1671 onFinishInputView(true)
09-14 09:34:40.499   661   780 W InputChannel-JNI: Channel already disposed.
09-14 09:34:40.499  7043  7043 W ExtensionWrapper: ExtensionWrapper.setAllowUpdateNavigationBarStyle():887 class lcr is not activate
09-14 09:34:40.499  7043  7043 I CrossProfileSharedPreferences: CrossProfileSharedPreferences.maybeRunSyncTaskAfterFullSyncComplete():218 Full sync is not complete when incremental sync is called, trigger full sync
09-14 09:34:40.499  7043  7043 I CrossProfileSharedPreferences: CrossProfileSharedPreferences.maybeRunSyncTaskAfterFullSyncComplete():218 Full sync is not complete when incremental sync is called, trigger full sync
09-14 09:34:40.499  7043 19030 I CrossProfileSharedPreferences: CrossProfileSharedPreferences.syncAllAllowedPreferencesInternal():276 Cannot make cross profile calls to full sync preferences
09-14 09:34:40.499  7043  7043 I KeyboardViewController: KeyboardViewController.hide():988 Requesting to hide sub view with id 2131436959 #0x7f0b259f which doesn't exist in current keyboard view
09-14 09:34:40.500  7043 19030 I CrossProfileSharedPreferences: CrossProfileSharedPreferences.syncAllAllowedPreferencesInternal():276 Cannot make cross profile calls to full sync preferences
09-14 09:34:40.500  7043  7043 W ExtensionWrapper: ExtensionWrapper.setAllowUpdateNavigationBarStyle():887 class lcr is not activate
09-14 09:34:40.500  7043  7043 W SupplementaryKeyboardsWrapper: SupplementaryKeyboardsWrapper.deactivateKeyboard():162 keyboard composing_text_consumer is not activated before!
09-14 09:34:40.500  7043  7043 I GlobeKeyExtension: GlobeKeyExtension.onDeactivate():154 
09-14 09:34:40.500  7043  7043 W TooltipLifecycleManager: TooltipLifecycleManager.dismissTooltips():153 Tooltip with id spell_check_add_to_dictionary not found in tooltipManager.
09-14 09:34:40.500  7043  7043 I VoiceInputManagerWrapper: VoiceInputManagerWrapper.shutdown():135 shutdown() : SHUTDOWN_UNIVERSAL_EXTENSION_ON_DEACTIVATE [RD]
09-14 09:34:40.500  7043  7043 I UniversalDictationUiProvider: UniversalDictationUiProvider.onDeactivate():69 onDeactivate() [UD]
09-14 09:34:40.500  7043  7043 I PrimesLoggerHolder: FrameMetricServiceImpl.stopAsFuture():213 Measurement not found: OnConfigurationChanged
09-14 09:34:40.500  7043  7043 I GoogleInputMethodService: GoogleInputMethodService.onFinishInput():2269 
09-14 09:34:40.500  7043  7043 I Module  : DeviceLockedStatusModuleProvider$Module.updateDeviceLockedStatusInternal():127 repeatCheckTimes = 0, locked = false
09-14 09:34:40.501  7043  7043 I DeviceIntelligenceExtension: DeviceIntelligenceExtension.getInlineSuggestionsRequest():222 Inline suggestions disabled in stylus mode or vertical PK/Voice toolbar
09-14 09:34:40.501  7043  7043 I GoogleInputMethodService: GoogleInputMethodService.onStartInput():1454 onStartInput(EditorInfo{EditorInfo{packageName=com.highfly.logbook, inputType=201001, inputTypeString=Normal[CapCharacters], enableLearning=false, autoCorrection=true, autoComplete=true, imeOptions=c000005, privateImeOptions=null, actionName=NEXT, actionLabel=null, initialSelStart=0, initialSelEnd=0, initialCapsMode=1000, label=null, fieldId=2131230941, fieldName=null, extras=Bundle[mParcelledData.dataSize=404], hintText=non-empty, hintLocales=[]}}, false)
09-14 09:34:40.501  7043  7043 I AndroidIME: LatinIMEBase.updateInputViewCoverNavigation():321 Update input view padding, isNavbarOverInputWindow=true, bottom inset=63
09-14 09:34:40.501  7043  7043 I Module  : DeviceLockedStatusModuleProvider$Module.updateDeviceLockedStatusInternal():127 repeatCheckTimes = 1, locked = false
09-14 09:34:40.501  7043  7043 I HardKeyTracker: HardKeyTracker.registerKeySequence():201 Register key sequence pkp{labelResId=0, callback=csd@dc81459, lastModifier=0, keyCodes=[57, 57], actions=[1, 0]}
09-14 09:34:40.501  7043  7043 I HardKeyTracker: HardKeyTracker.registerKeySequence():201 Register key sequence pkp{labelResId=0, callback=csd@a39f81e, lastModifier=0, keyCodes=[58, 58], actions=[1, 0]}
09-14 09:34:40.501  7043  7043 I GoogleInputMethodService: GoogleInputMethodService.onStartInputView():1540 onStartInputView(EditorInfo{EditorInfo{packageName=com.highfly.logbook, inputType=201001, inputTypeString=Normal[CapCharacters], enableLearning=false, autoCorrection=true, autoComplete=true, imeOptions=c000005, privateImeOptions=null, actionName=NEXT, actionLabel=null, initialSelStart=0, initialSelEnd=0, initialCapsMode=1000, label=null, fieldId=2131230941, fieldName=null, extras=Bundle[{android.support.text.emoji.emojiCompat_metadataVersion=11, androidx.core.view.inputmethod.EditorInfoCompat.STYLUS_HANDWRITING_ENABLED=true, android.support.text.emoji.emojiCompat_replaceAll=false}], hintText=non-empty, hintLocales=[]}}, false)
09-14 09:34:40.501  7043  7043 I KeyboardHeightUtil: KeyboardHeightUtil.getOemKeyboardHeightRatio():81 systemKeyboardHeightRatio:1.000000.
09-14 09:34:40.501  7043  7043 I AndroidIME: InputBundleManager.startInput():357 startInput2 restarting=false
09-14 09:34:40.501  7043  7043 I AndroidIME: InputBundleManager.loadActiveInputBundleId():542 loadActiveInputBundleId: de, ime_german
09-14 09:34:40.501  7043  7043 I InputBundle: InputBundle.activateIme():598 activateIme: INACTIVE, keyboardType=accessory
09-14 09:34:40.501  7043  7043 I AndroidIME: AbstractIme.onActivate():95 LatinIme.onActivate() : EditorInfo = EditorInfo{packageName=com.highfly.logbook, inputType=201001, inputTypeString=Normal[CapCharacters], enableLearning=false, autoCorrection=true, autoComplete=true, imeOptions=c000005, privateImeOptions=null, actionName=NEXT, actionLabel=null, initialSelStart=0, initialSelEnd=0, initialCapsMode=1000, label=null, fieldId=2131230941, fieldName=null, extras=Bundle[{android.support.text.emoji.emojiCompat_metadataVersion=11, androidx.core.view.inputmethod.EditorInfoCompat.STYLUS_HANDWRITING_ENABLED=true, android.support.text.emoji.emojiCompat_replaceAll=false}], hintText=non-empty, hintLocales=[]}, IncognitoMode = false, DeviceLocked = false
09-14 09:34:40.501  7043  7068 I CrossProfileSharedPreferences: CrossProfileSharedPreferences.maybeRunSyncTaskAfterFullSyncComplete():218 Full sync is not complete when incremental sync is called, trigger full sync
09-14 09:34:40.501  7043  7043 I InputBundle: InputBundle.consumeEvent():1056 Skip consuming an event as keyboard status is INACTIVE
09-14 09:34:40.501  7043  7043 I Delight5Facilitator: Delight5Facilitator.initializeForIme():745 initializeForIme() : Locale = [de, en_US], layout = qwerty
09-14 09:34:40.501  7043 19030 I CrossProfileSharedPreferences: CrossProfileSharedPreferences.syncAllAllowedPreferencesInternal():276 Cannot make cross profile calls to full sync preferences
09-14 09:34:40.501  7043  7068 W ModuleManager: ModuleManager.loadModule():634 Module qip is not available
09-14 09:34:40.502  7043  7043 I LatinIme: LatinIme.updateEnableInlineSuggestionsOnDecoderSideFlags():1279 inline flag updated to:false
09-14 09:34:40.502  7043  7043 I LatinIme: LatinIme.updateEnableInlineSuggestionsOnDecoderSideFlags():1279 inline flag updated to:false
09-14 09:34:40.502  7043  7068 I NebulaeTrainingCacheMetricsProcessor: NebulaeTrainingCacheMetricsProcessor.processBeginSession():253 Begin training cache session: com.highfly.logbook_2131230919/
09-14 09:34:40.502  7043  7043 I InputBundle: InputBundle.consumeEvent():1056 Skip consuming an event as keyboard status is INACTIVE
09-14 09:34:40.502  7043  7043 I LatinIme: LatinIme.resetInputContext():2287 resetInputContext(): reason=1, externalEditsInfo=ExternalEditsInfo{action=0, offset=-1, text=null, originalText=null, edits=null}
09-14 09:34:40.502  7043  7043 I InputBundle: InputBundle.consumeEvent():1056 Skip consuming an event as keyboard status is INACTIVE
09-14 09:34:40.502  7043  7043 I InputBundle: InputBundle.activateKeyboard():653 activateKeyboard: ACTIVE, type=KeyboardTypeAndPayload(keyboardType=accessory, payload=null)
09-14 09:34:40.502  7043  7043 I KeyboardWrapper: KeyboardWrapper.activateKeyboard():592 activateKeyboard(): type=accessory, status=INACTIVE, imeDef=ImeDef{stringId=ime_german, language=de, languageTag=de, processedConditions={enable_pk_simulator=false, enable_number_row=false, true=true, device=phone, writing_helper_enable_by_word_revert=false}, className=com.google.android.apps.inputmethod.libs.latin5.LatinIme, label=0, keyEventInterpreter=null, inlineComposing=true, autoCapital=true, announceAutoSelectedCandidate=true, statusIcon=0, indicatorIcon=0, indicatorLabel=null, displayAppCompletions=true, extraValues=okj{#0x7f0b02ef=TypedValue{t=0x3/d=0x0 "com.google.android.apps.inputmethod.libs.latin5.LatinIme"}}, processors=com.google.android.libraries.inputmethod.metadata.ProcessorsDef@87e60b6, unacceptableMetaKeys=4098, languageSpecificSettings=0, asciiCapable=true, alwaysShowSuggestions=false, useAsciiPasswordKeyboard=false, keyboardGroupDef=KeyboardGroupDef(variant=qwerty, variantLabel=0, pkLanguageTag=, pkLayoutType=, dynamicLayout=null, layoutSpecificSettings=[], layoutSpecificTheme=0, order=0, supportsSplitMode=true, supportsOneHandedMode=true, isVariantNameMandatory=false, keyboardDefInfos={prime=KeyboardDefInfo(kbType=prime, initialStates=0, keyboardDefs=[2132215273, 2132215953], extraValues=okj{}), digit=KeyboardDefInfo(kbType=digit, initialStates=0, keyboardDefs=[2132215914], extraValues=okj{}), symbol=KeyboardDefInfo(kbType=symbol, initialStates=0, keyboardDefs=[2132216099], extraValues=okj{})}, overrideKeyboardXmlConditions=com.google.android.libraries.inputmethod.metadata.OverrideKeyboardXmlConditionsDef@2aaee85), phenotypeFlagId=0, localizationLanguageTag=null, supportsInlineSuggestion=true}
09-14 09:34:40.502  7043  7043 I KeyboardManager: KeyboardManager.requestKeyboard():249 Creating keyboard accessory, imeId=ime_german, cacheKey=theme,!gsf,!pgsans,!pgsf,!use_system_font,BORDER,FLAVOR_DPI=XXHDPI,IS_LIGHT,KEYBOARD_WIDTH_CATEGORY=NORMAL,KEY_BORDER_SHAPE=1,LIGHT_THEME=true,PHYSICAL_DIAGONAL=5.9809904,POPUP,SCREEN_SHORTEST_WIDTH=411,SCREEN_SHORTEST_WIDTH_NO_SCALE=411,SW400DP,XXHDPI,bottom4dp,enable_popup_on_keypress=true,keyboard_redesign_google_sans=true,non_linear_scale,noshadow,overlay_builtin_dynamic_color_light_base.binarypb:gm3-light-fffaf8fe-ff4c5e8b-4fb1adea13304a190d4abf12326cf60c,silkpopup
09-14 09:34:40.502  7043  7043 I KeyboardWrapper: KeyboardWrapper.onKeyboardReady():226 onKeyboardReady(): type=accessory(accessory), kb=com.google.android.libraries.inputmethod.keyboard.impl.Keyboard@67ced51
09-14 09:34:40.502  7043  7043 I KeyboardWrapper: KeyboardWrapper.doActivateKeyboard():624 doActivateKeyboard(): accessory
09-14 09:34:40.502  7043  7043 W Keyboard: Keyboard.getKeyboardViewHelper():607 null helper is returned: keyboardDef=oll{processedConditions={}, globalConditions={}, className=com.google.android.libraries.inputmethod.keyboard.impl.Keyboard, resourceIds=[#0x7f17004e], initialStates=0, keyboardViewDefs=[], persistentStates=0, persistentStatesPrefKey=null, popupBubbleLayoutId=#0x0, recentKeyLayoutId=#0x0, recentKeyPopupLayoutId=#0x0, recentKeyType=null, rememberRecentKey=NONE, sessionStates=0}, type=HEADER, helpersCreated={}, context.getResources().getConfiguration(): {1.0 310mcc260mnc [de_DE] ldltr sw411dp w411dp h914dp 420dpi nrml long compactNeeded port finger qwerty/v/v dpad/v winConfig={ mBounds=Rect(0, 0 - 1080, 2400) mAppBounds=Rect(0, 0 - 1080, 2400) mMaxBounds=Rect(0, 0 - 1080, 2400) mDisplayRotation=ROTATION_0 mWindowingMode=fullscreen mActivityType=undefined mAlwaysOnTop=undefined mRotation=ROTATION_0} as.5 s.55 fontWeightAdjustment=0}
09-14 09:34:40.503  7043  7043 W Keyboard: Keyboard.getKeyboardViewHelper():607 null helper is returned: keyboardDef=oll{processedConditions={}, globalConditions={}, className=com.google.android.libraries.inputmethod.keyboard.impl.Keyboard, resourceIds=[#0x7f17004e], initialStates=0, keyboardViewDefs=[], persistentStates=0, persistentStatesPrefKey=null, popupBubbleLayoutId=#0x0, recentKeyLayoutId=#0x0, recentKeyPopupLayoutId=#0x0, recentKeyType=null, rememberRecentKey=NONE, sessionStates=0}, type=BODY, helpersCreated={}, context.getResources().getConfiguration(): {1.0 310mcc260mnc [de_DE] ldltr sw411dp w411dp h914dp 420dpi nrml long compactNeeded port finger qwerty/v/v dpad/v winConfig={ mBounds=Rect(0, 0 - 1080, 2400) mAppBounds=Rect(0, 0 - 1080, 2400) mMaxBounds=Rect(0, 0 - 1080, 2400) mDisplayRotation=ROTATION_0 mWindowingMode=fullscreen mActivityType=undefined mAlwaysOnTop=undefined mRotation=ROTATION_0} as.5 s.55 fontWeightAdjustment=0}
09-14 09:34:40.503  7043  7043 I GlobeKeyExtension: GlobeKeyExtension.getKeyboardInitialStates():186 
09-14 09:34:40.503  7043  7043 W Keyboard: Keyboard.getKeyboardViewHelper():607 null helper is returned: keyboardDef=oll{processedConditions={}, globalConditions={}, className=com.google.android.libraries.inputmethod.keyboard.impl.Keyboard, resourceIds=[#0x7f17004e], initialStates=0, keyboardViewDefs=[], persistentStates=0, persistentStatesPrefKey=null, popupBubbleLayoutId=#0x0, recentKeyLayoutId=#0x0, recentKeyPopupLayoutId=#0x0, recentKeyType=null, rememberRecentKey=NONE, sessionStates=0}, type=HEADER, helpersCreated={}, context.getResources().getConfiguration(): {1.0 310mcc260mnc [de_DE] ldltr sw411dp w411dp h914dp 420dpi nrml long compactNeeded port finger qwerty/v/v dpad/v winConfig={ mBounds=Rect(0, 0 - 1080, 2400) mAppBounds=Rect(0, 0 - 1080, 2400) mMaxBounds=Rect(0, 0 - 1080, 2400) mDisplayRotation=ROTATION_0 mWindowingMode=fullscreen mActivityType=undefined mAlwaysOnTop=undefined mRotation=ROTATION_0} as.5 s.55 fontWeightAdjustment=0}
09-14 09:34:40.503  7043  7043 W Keyboard: Keyboard.getKeyboardViewHelper():607 null helper is returned: keyboardDef=oll{processedConditions={}, globalConditions={}, className=com.google.android.libraries.inputmethod.keyboard.impl.Keyboard, resourceIds=[#0x7f17004e], initialStates=0, keyboardViewDefs=[], persistentStates=0, persistentStatesPrefKey=null, popupBubbleLayoutId=#0x0, recentKeyLayoutId=#0x0, recentKeyPopupLayoutId=#0x0, recentKeyType=null, rememberRecentKey=NONE, sessionStates=0}, type=BODY, helpersCreated={}, context.getResources().getConfiguration(): {1.0 310mcc260mnc [de_DE] ldltr sw411dp w411dp h914dp 420dpi nrml long compactNeeded port finger qwerty/v/v dpad/v winConfig={ mBounds=Rect(0, 0 - 1080, 2400) mAppBounds=Rect(0, 0 - 1080, 2400) mMaxBounds=Rect(0, 0 - 1080, 2400) mDisplayRotation=ROTATION_0 mWindowingMode=fullscreen mActivityType=undefined mAlwaysOnTop=undefined mRotation=ROTATION_0} as.5 s.55 fontWeightAdjustment=0}
09-14 09:34:40.503  7043  7043 W Keyboard: Keyboard.getKeyboardViewHelper():607 null helper is returned: keyboardDef=oll{processedConditions={}, globalConditions={}, className=com.google.android.libraries.inputmethod.keyboard.impl.Keyboard, resourceIds=[#0x7f17004e], initialStates=0, keyboardViewDefs=[], persistentStates=0, persistentStatesPrefKey=null, popupBubbleLayoutId=#0x0, recentKeyLayoutId=#0x0, recentKeyPopupLayoutId=#0x0, recentKeyType=null, rememberRecentKey=NONE, sessionStates=0}, type=FLOATING_CANDIDATES, helpersCreated={}, context.getResources().getConfiguration(): {1.0 310mcc260mnc [de_DE] ldltr sw411dp w411dp h914dp 420dpi nrml long compactNeeded port finger qwerty/v/v dpad/v winConfig={ mBounds=Rect(0, 0 - 1080, 2400) mAppBounds=Rect(0, 0 - 1080, 2400) mMaxBounds=Rect(0, 0 - 1080, 2400) mDisplayRotation=ROTATION_0 mWindowingMode=fullscreen mActivityType=undefined mAlwaysOnTop=undefined mRotation=ROTATION_0} as.5 s.55 fontWeightAdjustment=0}
09-14 09:34:40.503  7043  7043 W Keyboard: Keyboard.getKeyboardViewHelper():607 null helper is returned: keyboardDef=oll{processedConditions={}, globalConditions={}, className=com.google.android.libraries.inputmethod.keyboard.impl.Keyboard, resourceIds=[#0x7f17004e], initialStates=0, keyboardViewDefs=[], persistentStates=0, persistentStatesPrefKey=null, popupBubbleLayoutId=#0x0, recentKeyLayoutId=#0x0, recentKeyPopupLayoutId=#0x0, recentKeyType=null, rememberRecentKey=NONE, sessionStates=0}, type=WIDGET, helpersCreated={}, context.getResources().getConfiguration(): {1.0 310mcc260mnc [de_DE] ldltr sw411dp w411dp h914dp 420dpi nrml long compactNeeded port finger qwerty/v/v dpad/v winConfig={ mBounds=Rect(0, 0 - 1080, 2400) mAppBounds=Rect(0, 0 - 1080, 2400) mMaxBounds=Rect(0, 0 - 1080, 2400) mDisplayRotation=ROTATION_0 mWindowingMode=fullscreen mActivityType=undefined mAlwaysOnTop=undefined mRotation=ROTATION_0} as.5 s.55 fontWeightAdjustment=0}
09-14 09:34:40.503  7043  7043 I KeyboardManager: KeyboardManager.requestKeyboard():249 Creating keyboard accessory_candidates_consumer, imeId=ime_german, cacheKey=theme,!gsf,!pgsans,!pgsf,!use_system_font,BORDER,FLAVOR_DPI=XXHDPI,IS_LIGHT,KEYBOARD_WIDTH_CATEGORY=NORMAL,KEY_BORDER_SHAPE=1,LIGHT_THEME=true,PHYSICAL_DIAGONAL=5.9809904,POPUP,SCREEN_SHORTEST_WIDTH=411,SCREEN_SHORTEST_WIDTH_NO_SCALE=411,SW400DP,XXHDPI,bottom4dp,enable_popup_on_keypress=true,keyboard_redesign_google_sans=true,non_linear_scale,noshadow,overlay_builtin_dynamic_color_light_base.binarypb:gm3-light-fffaf8fe-ff4c5e8b-4fb1adea13304a190d4abf12326cf60c,silkpopup
09-14 09:34:40.503  7043  7043 I KeyboardDefManager: KeyboardDefManager.requestKeyboardDef():128 requestKeyboardDef(): type=accessory_candidates_consumer, info=olr{defIds=[#0x7f17004d], defIdsCacheKey=[2132213837]}
09-14 09:34:40.503  7043  7043 I KeyboardDefManager: KeyboardDefManager.requestKeyboardDef():195 requestKeyboardDef(): getOrCreate from cache, info=olr{defIds=[#0x7f17004d], defIdsCacheKey=[2132213837]}
09-14 09:34:40.503  7043  7043 I KeyboardDefManager: KeyboardDefManager$Companion$addFutureCallbackForKeyboardDefReceiver$1.onSuccess():425 requestKeyboardDef onSuccess(): info=olr{defIds=[#0x7f17004d], defIdsCacheKey=[2132213837]}
09-14 09:34:40.503  7043  7043 I GlobeKeyExtension: GlobeKeyExtension.getKeyboardInitialStates():186 
09-14 09:34:40.503  7043  7043 W Keyboard: Keyboard.getKeyboardViewHelper():607 null helper is returned: keyboardDef=oll{processedConditions={}, globalConditions={global_theme_key=theme,!gsf,!pgsans,!pgsf,!use_system_font,BORDER,FLAVOR_DPI=XXHDPI,IS_LIGHT,KEYBOARD_WIDTH_CATEGORY=NORMAL,KEY_BORDER_SHAPE=1,LIGHT_THEME=true,PHYSICAL_DIAGONAL=5.9809904,POPUP,SCREEN_SHORTEST_WIDTH=411,SCREEN_SHORTEST_WIDTH_NO_SCALE=411,SW400DP,XXHDPI,bottom4dp,enable_popup_on_keypress=true,keyboard_redesign_google_sans=true,non_linear_scale,noshadow,overlay_builtin_dynamic_color_light_base.binarypb:gm3-light-fffaf8fe-ff4c5e8b-4fb1adea13304a190d4abf12326cf60c,silkpopup, global_locale=de_DE, global_density_dpi=420, global_orientation=1}, className=.latin.keyboard.AccessoryKeyboard, resourceIds=[#0x7f17004d], initialStates=0, keyboardViewDefs=[omd{direction=null, id=#0x7f0b0232, isScalable=false, layoutId=#0x7f0e0030, type=FLOATING_CANDIDATES, touchable=true, defaultShow=false}], persistentStates=0, persistentStatesPrefKey=null, popupBubbleLayoutId=#0x7f0e0617, recentKeyLayoutId=#0x0, recentKeyPopupLayoutId=#0x0, recentKeyType=null, rememberRecentKey=NONE, sessionStates=0}, type=HEADER, helpersCreated={FLOATING_CANDIDATES=nwa@a883fda}, context.getResources().getConfiguration(): {1.0 310mcc260mnc [de_DE] ldltr sw411dp w411dp h914dp 420dpi nrml long compactNeeded port finger qwerty/v/v dpad/v winConfig={ mBounds=Rect(0, 0 - 1080, 2400) mAppBounds=Rect(0, 0 - 1080, 2400) mMaxBounds=Rect(0, 0 - 1080, 2400) mDisplayRotation=ROTATION_0 mWindowingMode=fullscreen mActivityType=undefined mAlwaysOnTop=undefined mRotation=ROTATION_0} as.5 s.55 fontWeightAdjustment=0}
09-14 09:34:40.503  7043  7043 W Keyboard: Keyboard.getKeyboardViewHelper():607 null helper is returned: keyboardDef=oll{processedConditions={}, globalConditions={global_theme_key=theme,!gsf,!pgsans,!pgsf,!use_system_font,BORDER,FLAVOR_DPI=XXHDPI,IS_LIGHT,KEYBOARD_WIDTH_CATEGORY=NORMAL,KEY_BORDER_SHAPE=1,LIGHT_THEME=true,PHYSICAL_DIAGONAL=5.9809904,POPUP,SCREEN_SHORTEST_WIDTH=411,SCREEN_SHORTEST_WIDTH_NO_SCALE=411,SW400DP,XXHDPI,bottom4dp,enable_popup_on_keypress=true,keyboard_redesign_google_sans=true,non_linear_scale,noshadow,overlay_builtin_dynamic_color_light_base.binarypb:gm3-light-fffaf8fe-ff4c5e8b-4fb1adea13304a190d4abf12326cf60c,silkpopup, global_locale=de_DE, global_density_dpi=420, global_orientation=1}, className=.latin.keyboard.AccessoryKeyboard, resourceIds=[#0x7f17004d], initialStates=0, keyboardViewDefs=[omd{direction=null, id=#0x7f0b0232, isScalable=false, layoutId=#0x7f0e0030, type=FLOATING_CANDIDATES, touchable=true, defaultShow=false}], persistentStates=0, persistentStatesPrefKey=null, popupBubbleLayoutId=#0x7f0e0617, recentKeyLayoutId=#0x0, recentKeyPopupLayoutId=#0x0, recentKeyType=null, rememberRecentKey=NONE, sessionStates=0}, type=BODY, helpersCreated={FLOATING_CANDIDATES=nwa@a883fda}, context.getResources().getConfiguration(): {1.0 310mcc260mnc [de_DE] ldltr sw411dp w411dp h914dp 420dpi nrml long compactNeeded port finger qwerty/v/v dpad/v winConfig={ mBounds=Rect(0, 0 - 1080, 2400) mAppBounds=Rect(0, 0 - 1080, 2400) mMaxBounds=Rect(0, 0 - 1080, 2400) mDisplayRotation=ROTATION_0 mWindowingMode=fullscreen mActivityType=undefined mAlwaysOnTop=undefined mRotation=ROTATION_0} as.5 s.55 fontWeightAdjustment=0}
09-14 09:34:40.503  7043  7043 I AndroidIME: InputBundleManager.startInput():372 startInput() with KeyboardTypeAndPayload(keyboardType=accessory, payload=null)
09-14 09:34:40.503  7043  7043 I PkModeUpdater: PkModeUpdater.onActivate():76 onActivate true true
09-14 09:34:40.504  7043  7043 I AccessoryInputModeManager: AccessoryInputModeManager.onModeStarted():353 Accessory input mode started: PK
09-14 09:34:40.504  7043  7043 W ExtensionWrapper: ExtensionWrapper.setAllowUpdateNavigationBarStyle():887 class lcr is not activate
09-14 09:34:40.504  7043  7043 I WidgetViewShowingController: WidgetViewShowingController.showWidgetKeyboardInternal():532 Show companion widget
09-14 09:34:40.504  7043  7043 W StatusViewController: StatusViewController.updateKeyboardView():46 Failed to inflate voice header view [UD]
09-14 09:34:40.505  7043  7043 W ExtensionWrapper: ExtensionWrapper.setAllowUpdateNavigationBarStyle():887 class lcr is not activate
09-14 09:34:40.505  7043  7043 I WidgetViewShowingPositionHandler: WidgetViewShowingPositionHandler.updateAvailableArea():199 update available area Rect(21, 153 - 1059, 2333)
09-14 09:34:40.505  7043  7043 W SupplementaryKeyboardsWrapper: SupplementaryKeyboardsWrapper.deactivateKeyboard():162 keyboard composing_text_consumer is not activated before!
09-14 09:34:40.505  7043  7043 I GlobeKeyExtension: GlobeKeyExtension.onActivate():130 
09-14 09:34:40.505  7043  7043 I BaseKeyboardSizeHelper: BaseKeyboardSizeHelper.calculateMaxKeyboardBodyHeight():73 leave 281 height for app when ime window height:2205, header height:116 and isFullscreenMode:false, so the max keyboard body height is:1808
09-14 09:34:40.505  7043  7043 I BaseKeyboardSizeHelper: BaseKeyboardSizeHelper.calculateMaxKeyboardBodyHeight():73 leave 281 height for app when ime window height:2205, header height:116 and isFullscreenMode:false, so the max keyboard body height is:1808
09-14 09:34:40.505  7043  7043 I BaseKeyboardSizeHelper: BaseKeyboardSizeHelper.calculateMaxKeyboardBodyHeight():73 leave 281 height for app when ime window height:2205, header height:116 and isFullscreenMode:false, so the max keyboard body height is:1808
09-14 09:34:40.505  7043  7043 W ExtensionWrapper: ExtensionWrapper.setExtensionViewVisibility():878 interface nzx is not activate
09-14 09:34:40.505  7043  7043 I VoiceInputManagerWrapper: VoiceInputManagerWrapper.cancelShutdown():109 cancelShutdown() [RD]
09-14 09:34:40.505  7043  7043 I VoiceInputManagerWrapper: VoiceInputManagerWrapper.syncLanguagePacks():121 syncLanguagePacks() [RD]
09-14 09:34:40.505  7043  7043 I VoiceInputManager: VoiceInputManager.onKeyboardActivated():1270 onKeyboardActivated() [UD]
09-14 09:34:40.505  7043  7043 I UniversalDictationUiProvider: UniversalDictationUiProvider.onActivate():63 onActivate() [UD]
09-14 09:34:40.505  7043 15447 I SpeechFactory: SpeechRecognitionFactory.maybeScheduleAutoPackDownloadForFallback():224 maybeScheduleAutoPackDownloadForFallback()
09-14 09:34:40.505  7043 15447 I FallbackOnDeviceRecognitionProvider: FallbackOnDeviceRecognitionProvider.maybeScheduleAutoPackDownload():213 maybeScheduleAutoPackDownload() for language tag de-DE
09-14 09:34:40.505  7043 15447 I FallbackOnDeviceRecognitionProvider: FallbackOnDeviceRecognitionProvider.maybeScheduleAutoPackDownload():213 maybeScheduleAutoPackDownload() for language tag en-US
09-14 09:34:40.506  7043  7043 W AutoPasteSuggestionHelper: AutoPasteSuggestionHelper.setMaxWidthOfChipTextView():1112 Failed to get the width of the proactive suggestion view holder in HEADER.
09-14 09:34:40.506  7043  7043 W AutoPasteSuggestionHelper: AutoPasteSuggestionHelper.setMaxWidthOfChipTextView():1112 Failed to get the width of the proactive suggestion view holder in HEADER.
09-14 09:34:40.507  7043  7043 W AutoPasteSuggestionHelper: AutoPasteSuggestionHelper.setMaxWidthOfChipTextView():1112 Failed to get the width of the proactive suggestion view holder in WIDGET.
09-14 09:34:40.507  7043  7043 I ProactiveSuggestionsHolderManager: ProactiveSuggestionsHolderManager$displaySuggestionsListener$1.display():238 Requesting to show proactive suggestions: CLIPBOARD PREEMPTIVE_WITH_SUPPRESSION in HEADER
09-14 09:34:40.507  7043  7043 I ProactiveSuggestionsHolderManager: ProactiveSuggestionsHolderManager$displaySuggestionsListener$1.display():259 suggestions CLIPBOARD are pending to show on HEADER
09-14 09:34:40.507  7043  7043 I ProactiveSuggestionsHolderManager: ProactiveSuggestionsHolderManager$displaySuggestionsListener$1.display():238 Requesting to show proactive suggestions: CLIPBOARD PREEMPTIVE_WITH_SUPPRESSION in FLOATING_CANDIDATES
09-14 09:34:40.507  7043  7043 I ProactiveSuggestionsHolderManager: ProactiveSuggestionsHolderManager$displaySuggestionsListener$1.display():259 suggestions CLIPBOARD are pending to show on FLOATING_CANDIDATES
09-14 09:34:40.507  7043  7043 I ProactiveSuggestionsHolderManager: ProactiveSuggestionsHolderManager$displaySuggestionsListener$1.display():238 Requesting to show proactive suggestions: CLIPBOARD PREEMPTIVE_WITH_SUPPRESSION in WIDGET
09-14 09:34:40.507  7043  7043 I ProactiveSuggestionsHolderManager: ProactiveSuggestionsHolderManager$displaySuggestionsListener$1.display():259 suggestions CLIPBOARD are pending to show on WIDGET
09-14 09:34:40.507  7043  7043 I ProactiveSuggestionsHolderManager: ProactiveSuggestionsHolderManager$displaySuggestionsListener$1.display():238 Requesting to show proactive suggestions: CLIPBOARD PREEMPTIVE_WITH_SUPPRESSION in HEADER
09-14 09:34:40.507  7043  7043 I ProactiveSuggestionsHolderManager: ProactiveSuggestionsHolderManager$displaySuggestionsListener$1.display():259 suggestions CLIPBOARD are pending to show on HEADER
09-14 09:34:40.507  7043  7043 I ProactiveSuggestionsHolderManager: ProactiveSuggestionsHolderManager$displaySuggestionsListener$1.display():238 Requesting to show proactive suggestions: CLIPBOARD PREEMPTIVE_WITH_SUPPRESSION in FLOATING_CANDIDATES
09-14 09:34:40.507  7043  7043 I ProactiveSuggestionsHolderManager: ProactiveSuggestionsHolderManager$displaySuggestionsListener$1.display():259 suggestions CLIPBOARD are pending to show on FLOATING_CANDIDATES
09-14 09:34:40.507  7043  7043 I ProactiveSuggestionsHolderManager: ProactiveSuggestionsHolderManager$displaySuggestionsListener$1.display():238 Requesting to show proactive suggestions: CLIPBOARD PREEMPTIVE_WITH_SUPPRESSION in WIDGET
09-14 09:34:40.507  7043  7043 I ProactiveSuggestionsHolderManager: ProactiveSuggestionsHolderManager$displaySuggestionsListener$1.display():259 suggestions CLIPBOARD are pending to show on WIDGET
09-14 09:34:40.507  7043  7043 I Module  : DeviceLockedStatusModuleProvider$Module.updateDeviceLockedStatusInternal():127 repeatCheckTimes = 1, locked = false
09-14 09:34:40.507  7043  7043 I ContactNoticeModule: ContactNoticeModule.shouldPostContactPermissionNotice():147 Not post contact permission notice: not exceed waiting period since installation.
09-14 09:34:40.507  7043  7043 I VoiceImeUtils: VoiceImeUtils.shouldStartVoiceInputAutomaticallyInCurrentInputBox():157 No private IME option set to start voice input. [RD]
09-14 09:34:40.507  7043 19030 I SystemHapticSettings: SystemHapticSettings.updateSystemVibrationState():63 update vibration state: true
09-14 09:34:40.507  7043  7043 I StylusModule: StylusModule.onUpdateToolType():774 Update tool type = 2
09-14 09:34:40.507  7043  7068 I CrossProfileSharedPreferences: CrossProfileSharedPreferences.maybeRunSyncTaskAfterFullSyncComplete():218 Full sync is not complete when incremental sync is called, trigger full sync
09-14 09:34:40.507  7043  7043 I AccessoryInputModeManager: AccessoryInputModeManager.onModeStarted():353 Accessory input mode started: STYLUS
09-14 09:34:40.507  7043 19118 I CrossProfileSharedPreferences: CrossProfileSharedPreferences.syncAllAllowedPreferencesInternal():276 Cannot make cross profile calls to full sync preferences
09-14 09:34:40.507  7043  7043 W StatusViewController: StatusViewController.updateKeyboardView():46 Failed to inflate voice header view [UD]
09-14 09:34:40.508  7043  7043 I WidgetViewShowingPositionHandler: WidgetViewShowingPositionHandler.updateAvailableArea():199 update available area Rect(21, 153 - 1059, 2333)
09-14 09:34:40.508  7043  7043 I KeyboardViewController: KeyboardViewController.hide():988 Requesting to hide sub view with id 2131436959 #0x7f0b259f which doesn't exist in current keyboard view
09-14 09:34:40.512  7043  7043 W TextView: onProvideContentCaptureStructure(): calling assumeLayout()
09-14 09:34:40.513  7043  7043 I HardKeyTracker: HardKeyTracker.unregisterKeySequence():259 Unregister key sequence pkp{labelResId=2132020528, callback=fhc@6923ef8, lastModifier=2, keyCodes=[56], actions=[0]}
09-14 09:34:40.513  7043  7043 I HardKeyTracker: HardKeyTracker.unregisterKeySequence():259 Unregister key sequence pkp{labelResId=2132020528, callback=fhc@7448fd1, lastModifier=0, keyCodes=[317], actions=[0]}
09-14 09:34:40.513  7043  7043 I HardKeyTracker: HardKeyTracker.registerKeySequence():201 Register key sequence pkp{labelResId=2132020528, callback=fhc@a492f45, lastModifier=2, keyCodes=[56], actions=[0]}
09-14 09:34:40.513  7043  7043 I HardKeyTracker: HardKeyTracker.registerKeySequence():201 Register key sequence pkp{labelResId=2132020528, callback=fhc@1ee569a, lastModifier=0, keyCodes=[317], actions=[0]}
09-14 09:34:40.513  7043  7043 W AccessPointsManager: AccessPointsManager.addAccessPoint():1133 The holder controller #0x7f0b24ba is not registered
09-14 09:34:40.513  7043  7043 I HardKeyTracker: HardKeyTracker.unregisterKeySequence():259 Unregister key sequence pkp{labelResId=2132020528, callback=fhc@1c0cd37, lastModifier=2, keyCodes=[56], actions=[0]}
09-14 09:34:40.513  7043  7043 I HardKeyTracker: HardKeyTracker.unregisterKeySequence():259 Unregister key sequence pkp{labelResId=2132020528, callback=fhc@d2852a4, lastModifier=0, keyCodes=[317], actions=[0]}
09-14 09:34:40.513  7043  7043 I HardKeyTracker: HardKeyTracker.registerKeySequence():201 Register key sequence pkp{labelResId=2132020528, callback=fhc@5527ac1, lastModifier=2, keyCodes=[56], actions=[0]}
09-14 09:34:40.513  7043  7043 I HardKeyTracker: HardKeyTracker.registerKeySequence():201 Register key sequence pkp{labelResId=2132020528, callback=fhc@7cb4266, lastModifier=0, keyCodes=[317], actions=[0]}
09-14 09:34:40.513  7043  7043 I HardKeyTracker: HardKeyTracker.unregisterKeySequence():259 Unregister key sequence pkp{labelResId=2132020532, callback=fhc@231580d, lastModifier=2, keyCodes=[48], actions=[0]}
09-14 09:34:40.513  7043  7043 I HardKeyTracker: HardKeyTracker.registerKeySequence():201 Register key sequence pkp{labelResId=2132020532, callback=fhc@aa89a7, lastModifier=2, keyCodes=[48], actions=[0]}
09-14 09:34:40.513  7043  7043 I HardKeyTracker: HardKeyTracker.unregisterKeySequence():259 Unregister key sequence pkp{labelResId=2132020532, callback=fhc@ee4a3c2, lastModifier=2, keyCodes=[48], actions=[0]}
09-14 09:34:40.513  7043  7043 I HardKeyTracker: HardKeyTracker.registerKeySequence():201 Register key sequence pkp{labelResId=2132020532, callback=fhc@cb7ae54, lastModifier=2, keyCodes=[48], actions=[0]}
09-14 09:34:40.513  7043  7043 W AccessPointsManager: AccessPointsManager.addAccessPoint():1133 The holder controller #0x7f0b24ba is not registered
09-14 09:34:40.513  7043  7043 I HardKeyTracker: HardKeyTracker.unregisterKeySequence():259 Unregister key sequence pkp{labelResId=2132020533, callback=fhc@b4b05d3, lastModifier=2, keyCodes=[32], actions=[0]}
09-14 09:34:40.513  7043  7043 I HardKeyTracker: HardKeyTracker.unregisterKeySequence():259 Unregister key sequence pkp{labelResId=2132020533, callback=fhc@ee9f510, lastModifier=0, keyCodes=[319], actions=[0]}
09-14 09:34:40.513  7043  7043 I HardKeyTracker: HardKeyTracker.registerKeySequence():201 Register key sequence pkp{labelResId=2132020533, callback=fhc@a4b01fd, lastModifier=2, keyCodes=[32], actions=[0]}
09-14 09:34:40.513  7043  7043 I HardKeyTracker: HardKeyTracker.registerKeySequence():201 Register key sequence pkp{labelResId=2132020533, callback=fhc@3391ef2, lastModifier=0, keyCodes=[319], actions=[0]}
09-14 09:34:40.513  7043  7043 I HardKeyTracker: HardKeyTracker.unregisterKeySequence():259 Unregister key sequence pkp{labelResId=2132020533, callback=fhc@ca86809, lastModifier=2, keyCodes=[32], actions=[0]}
09-14 09:34:40.513  7043  7043 I HardKeyTracker: HardKeyTracker.unregisterKeySequence():259 Unregister key sequence pkp{labelResId=2132020533, callback=fhc@35d3a0e, lastModifier=0, keyCodes=[319], actions=[0]}
09-14 09:34:40.513  7043  7043 I HardKeyTracker: HardKeyTracker.registerKeySequence():201 Register key sequence pkp{labelResId=2132020533, callback=fhc@7ec1943, lastModifier=2, keyCodes=[32], actions=[0]}
09-14 09:34:40.513  7043  7043 I HardKeyTracker: HardKeyTracker.registerKeySequence():201 Register key sequence pkp{labelResId=2132020533, callback=fhc@c0b5bc0, lastModifier=0, keyCodes=[319], actions=[0]}
09-14 09:34:40.513 19082 19082 I AssistStructure: Flattened final assist data: 15476 bytes, containing 1 windows, 88 views
09-14 09:34:40.514  7043  7043 W SupplementaryKeyboardsWrapper: SupplementaryKeyboardsWrapper.deactivateKeyboard():162 keyboard composing_text_consumer is not activated before!
09-14 09:34:40.514   661  1238 D AutofillSession: createPendingIntent for request 1058
09-14 09:34:40.514   661  1238 D ContentCapturePerUserService: Notified activity assist data for activity: Token{69d7647 ActivityRecord{125185633 u0 com.highfly.logbook/.MainActivity t149}} without a session Id
09-14 09:34:40.514 19082 19082 W RemoteInputConnectionImpl: requestCursorUpdates on inactive InputConnection
09-14 09:34:40.515  7043  7043 I HardKeyTracker: HardKeyTracker.unregisterKeySequence():259 Unregister key sequence pkp{labelResId=2132020533, callback=fhc@b362c2f, lastModifier=2, keyCodes=[32], actions=[0]}
09-14 09:34:40.515  7043  7043 I HardKeyTracker: HardKeyTracker.unregisterKeySequence():259 Unregister key sequence pkp{labelResId=2132020533, callback=fhc@2e1523c, lastModifier=0, keyCodes=[319], actions=[0]}
09-14 09:34:40.515  7043  7043 I GoogleInputMethodService: GoogleInputMethodService$1.onKeyboardViewShown():344 onKeyboardViewShown: keyboardType=accessory, keyboardViewType=HEADER keyboardView=null
09-14 09:34:40.515  7043  7043 W Keyboard: Keyboard.getKeyboardViewHelper():607 null helper is returned: keyboardDef=oll{processedConditions={}, globalConditions={}, className=com.google.android.libraries.inputmethod.keyboard.impl.Keyboard, resourceIds=[#0x7f17004e], initialStates=0, keyboardViewDefs=[], persistentStates=0, persistentStatesPrefKey=null, popupBubbleLayoutId=#0x0, recentKeyLayoutId=#0x0, recentKeyPopupLayoutId=#0x0, recentKeyType=null, rememberRecentKey=NONE, sessionStates=0}, type=BODY, helpersCreated={}, context.getResources().getConfiguration(): {1.0 310mcc260mnc [de_DE] ldltr sw411dp w411dp h914dp 420dpi nrml long compactNeeded port finger qwerty/v/v dpad/v winConfig={ mBounds=Rect(0, 0 - 1080, 2400) mAppBounds=Rect(0, 0 - 1080, 2400) mMaxBounds=Rect(0, 0 - 1080, 2400) mDisplayRotation=ROTATION_0 mWindowingMode=fullscreen mActivityType=undefined mAlwaysOnTop=undefined mRotation=ROTATION_0} as.5 s.55 fontWeightAdjustment=0}
09-14 09:34:40.515  7043  7043 I GoogleInputMethodService: GoogleInputMethodService$1.onKeyboardViewShown():344 onKeyboardViewShown: keyboardType=accessory, keyboardViewType=BODY keyboardView=null
09-14 09:34:40.515  7043  7043 W Keyboard: Keyboard.getKeyboardViewHelper():607 null helper is returned: keyboardDef=oll{processedConditions={}, globalConditions={}, className=com.google.android.libraries.inputmethod.keyboard.impl.Keyboard, resourceIds=[#0x7f17004e], initialStates=0, keyboardViewDefs=[], persistentStates=0, persistentStatesPrefKey=null, popupBubbleLayoutId=#0x0, recentKeyLayoutId=#0x0, recentKeyPopupLayoutId=#0x0, recentKeyType=null, rememberRecentKey=NONE, sessionStates=0}, type=BODY, helpersCreated={}, context.getResources().getConfiguration(): {1.0 310mcc260mnc [de_DE] ldltr sw411dp w411dp h914dp 420dpi nrml long compactNeeded port finger qwerty/v/v dpad/v winConfig={ mBounds=Rect(0, 0 - 1080, 2400) mAppBounds=Rect(0, 0 - 1080, 2400) mMaxBounds=Rect(0, 0 - 1080, 2400) mDisplayRotation=ROTATION_0 mWindowingMode=fullscreen mActivityType=undefined mAlwaysOnTop=undefined mRotation=ROTATION_0} as.5 s.55 fontWeightAdjustment=0}
09-14 09:34:40.516   661  1014 E WifiDataStall: Ignore this poll. newStats: null txLinkSpeedMbps: 2 rxLinkSpeedMbps: 2 rssi: -50 connectionCapabilities: com.android.server.wifi.WifiNative$ConnectionCapabilities@42dc428
09-14 09:34:40.516  7388  7388 I GmsCoreXrpcWrapper: (REDACTED) Creating an unauthenticated channel provider with trafficStatsTag=%d trafficStatsUid=%d
09-14 09:34:40.516   661   661 W FillRequestEventLogger: Shouldn't be logging AutofillFillRequestReported again for same event
09-14 09:34:40.516   661   661 W FillResponseEventLogger: Shouldn't be logging AutofillFillRequestReported again for same event
09-14 09:34:40.516   661   661 W PresentationStatsEventLogger: Empty dataset. Autofill ignoring log
09-14 09:34:40.516   661   661 D AutofillSession: clearPendingIntentLocked
09-14 09:34:40.517  5614  5614 V InlineSuggestionRenderService: handleDestroySuggestionViews called for 0:1832035088
09-14 09:34:40.517  7388  7538 I libbinder.IPCThreadState: oneway function results for code 1 on binder at 0x77579d456490 will be dropped but finished with status UNKNOWN_TRANSACTION and reply parcel size 80
09-14 09:34:40.523  7043  7100 I Delight5Decoder: Delight5DecoderWrapper.setKeyboardLayout():553 setKeyboardLayout()
09-14 09:34:40.528   516   516 W skia    : AGTM parsing failed flags.readFromStream(s) at 159
09-14 09:34:40.528   516   516 W skia    : AGTM parsing failed flags.readFromStream(s) at 159
09-14 09:34:40.528  7043  7043 I DynamicLanguageSetterModule: DynamicLanguageSetterModule.createTemporaryEnableTask():503 Enable temporary entries: [de], and current entry: null
09-14 09:34:40.528  7043  7043 I InputMethodEntryManager: InputMethodEntryManager.enableLanguagesAndChangeCurrentTemporarily():1922 enabledLanguages: [de-Latn-DE], specifiedCurrentLanguage null
09-14 09:34:40.528  7043  7043 I InputMethodEntryManager: InputMethodEntryManager.enableInputMethodEntriesTemporarily():2148 temporarilyEnabledEntryTuples [LanguageTagVariantTuple{languageTag=de-DE, variant=qwerty}]
09-14 09:34:40.529  7043  7043 I GlobeKeyExtension: GlobeKeyExtension.updateKeyboardState():141 
09-14 09:34:40.529  7043  7043 I GlobeKeyExtension: GlobeKeyExtension.getKeyboardInitialStates():186 
09-14 09:34:40.529  7043  7043 I GlobeKeyExtension: GlobeKeyExtension.updateKeyboardState():144 Changing states 0x10400000000->0x10400000000 (enabled:, disabled:, now:EMOJI_AVAILABLE,EMOTICON_AVAILABLE)
09-14 09:34:40.529  7043  7043 I InputMethodEntryManager: InputMethodEntryManager.enableLanguagesAndChangeCurrentTemporarily():1958 Update temporary current entry(de-DE, qwerty)
09-14 09:34:40.529  7043  7071 I SP      : Registering emoticon_content_description.2022081613, url: https://www.gstatic.com/android/keyboard/emoticon_content_desc/202208161305/superpacks_manifest.json, constraints: W:*:*:*, flags: bg, requested: 2022081613, current: 2022081613
09-14 09:34:40.529  7043  7071 I SuperpacksManagerImpl: SuperpacksManagerImpl$3$1.onSuccess():552 emoticon_content_description.registerManifest() succeeded
09-14 09:34:40.529  7043 19031 I PerLanguageDataDownloader: PerLanguageDataDownloader.downloadDataInternal():168 downloading Data for en
09-14 09:34:40.529  7043  7071 I SP      : Syncing emoticon_content_description (2022081613) with slices: [7a635888cb828dfa2fc744b7b9b50f04, 1c661f5c7fb2b8a396a302d79ea74d30], metadata: false
09-14 09:34:40.529  7043 19031 I ManifestedDataDownloader: ManifestedDataDownloader.download():67 downloading manifest https://www.gstatic.com/android/keyboard/modelpack/proactiveek/embedding_gemma/2025120304/en_manifest.json
09-14 09:34:40.529   516   547 W skia    : AGTM parsing failed flags.readFromStream(s) at 159
09-14 09:34:40.529   516   547 W skia    : AGTM parsing failed flags.readFromStream(s) at 159
09-14 09:34:40.530  7043  7098 I DownloadManager: DownloadManager.completeDownload():434 Download for __PEKB_manifest_pek_blocklist__en scheduled with params oim[allowMetered=true, requireCharging=false, foreground=false, immediately=true, priority=0]
09-14 09:34:40.530  7043  7098 I DownloadManager: DownloadManager.startDownload():518 start download of __PEKB_manifest_pek_blocklist__en
09-14 09:34:40.530  7043  7098 I DownloadManager: DownloadManager$4.onSuccess():587 download for __PEKB_manifest_pek_blocklist__en is finished with files # rtx@1080a069
09-14 09:34:40.530  7043 19031 I ManifestedDataDownloader: ManifestedDataDownloader.checkVersionAndDownload():98 filegroup __PEKB_pek_blocklist__en with version 2025120304 is already downloaded
09-14 09:34:40.530  7043 19031 I PerLanguageDataDownloader: PerLanguageDataDownloader$2.onSuccess():188 Data en downloaded with version 2025120304
09-14 09:34:40.540  7043  7071 I SP      : Sync for emoticon_content_description succeeded in 11 ms: no changes
09-14 09:34:40.540  7043  7071 I SP      : GC for 'emoticon_content_description' (10) with ttl of 0 ms took 0 ms (0/0/0)
09-14 09:34:40.540  7043  7071 I SuperpacksManagerImpl: SuperpacksManagerImpl$19.onSyncSuccess():947 emoticon_content_description.sync() succeeded
09-14 09:34:40.544   516   516 W skia    : AGTM parsing failed flags.readFromStream(s) at 159
09-14 09:34:40.544   516   516 W skia    : AGTM parsing failed flags.readFromStream(s) at 159
09-14 09:34:40.544   516   516 W skia    : AGTM parsing failed flags.readFromStream(s) at 159
09-14 09:34:40.544   516   516 W skia    : AGTM parsing failed flags.readFromStream(s) at 159
09-14 09:34:40.544   516   516 W skia    : AGTM parsing failed flags.readFromStream(s) at 159
09-14 09:34:40.544   516   516 W skia    : AGTM parsing failed flags.readFromStream(s) at 159
09-14 09:34:40.544   516   516 W skia    : AGTM parsing failed flags.readFromStream(s) at 159
09-14 09:34:40.561   516   516 W skia    : AGTM parsing failed flags.readFromStream(s) at 159
09-14 09:34:40.578   516   516 W skia    : AGTM parsing failed flags.readFromStream(s) at 159
09-14 09:34:40.594   516   516 W skia    : AGTM parsing failed flags.readFromStream(s) at 159
09-14 09:34:40.594   516   516 W skia    : AGTM parsing failed flags.readFromStream(s) at 159
09-14 09:34:40.611   516   516 W skia    : AGTM parsing failed flags.readFromStream(s) at 159
09-14 09:34:40.628   516   516 W skia    : AGTM parsing failed flags.readFromStream(s) at 159
09-14 09:34:40.629   516   547 W skia    : AGTM parsing failed flags.readFromStream(s) at 159
09-14 09:34:40.629   516   547 W skia    : AGTM parsing failed flags.readFromStream(s) at 159
09-14 09:34:40.644   516   516 W skia    : AGTM parsing failed flags.readFromStream(s) at 159
09-14 09:34:40.661   516   516 W skia    : AGTM parsing failed flags.readFromStream(s) at 159
09-14 09:34:40.678   516   516 W skia    : AGTM parsing failed flags.readFromStream(s) at 159
09-14 09:34:40.694   516   516 W skia    : AGTM parsing failed flags.readFromStream(s) at 159
09-14 09:34:40.694   516   516 W skia    : AGTM parsing failed flags.readFromStream(s) at 159
09-14 09:34:40.694   516   516 W skia    : AGTM parsing failed flags.readFromStream(s) at 159
09-14 09:34:40.694   516   516 W skia    : AGTM parsing failed flags.readFromStream(s) at 159
09-14 09:34:40.694   516   516 W skia    : AGTM parsing failed flags.readFromStream(s) at 159
09-14 09:34:40.694   516   516 W skia    : AGTM parsing failed flags.readFromStream(s) at 159
09-14 09:34:40.694   516   516 W skia    : AGTM parsing failed flags.readFromStream(s) at 159
09-14 09:34:40.701  1264  1385 E SatelliteController: isSatelliteEnabled: mIsSatelliteEnabled=null
09-14 09:34:40.701  1264  1385 D SatelliteController: isInCarrierRoamingNbIotNtn: satellite is disabled
09-14 09:34:40.701  1264  1385 D SatelliteController: getCarrierRoamingNtnConnectType: Checking connect type from PLMN config for subId: 1
09-14 09:34:40.701  1264  1385 D TelephonyConfigUpdateInstallReceiver: getConfigParser: domain=satellite
09-14 09:34:40.701  1264  1385 V SatelliteController: satelliteConfigParser is not ready
09-14 09:34:40.701  1264  1385 D SatelliteController: isSatelliteAttachSupportedViaConfigupdater: return null (satelliteConfig is null)
09-14 09:34:40.701  1264  1385 D SatelliteController: getConfigForSubId: subId= 1, config= PersistableBundle[{satellite_esos_supported_bool=false, satellite_connection_hysteresis_sec_int=180, satellite_supported_disaster_plmn_string_array=[], regional_satellite_earfcn_bundle=PersistableBundle[{}], satellite_entitlement_supported_bool=false, satellite_supported_emergency_plmn_string_array=[], satellite_configs_per_plmn_bundle=PersistableBundle[{}], satellite_sos_max_datagram_size_bytes_int=255, satellite_supported_msg_apps_string_array=[com.google.android.apps.messaging], satellite_connected_notification_throttle_millis_int=604800000, satellite_display_name_string=, satellite_roaming_p2p_sms_inactivity_timeout_sec_int=180, satellite_roaming_turn_off_session_for_emergency_call_bool=true, emergency_messaging_supported_bool=false, carrier_roaming_satellite_emergency_messaging_provider_per_country_bundle=PersistableBundle[{}], satellite_data_support_mode_int=0, carrier_roaming_ntn_connect_type_int=0, satellite_attach_supported_bool=false, carrier_roaming_satellite_emergency_messaging_redirection_destination_string=, satellite_nidd_apn_name_string=, carrier_supported_satellite_services_per_provider_bundle=PersistableBundle[{310830=[2, 3, 6]}], satellite_roaming_esos_inactivity_timeout_sec_int=300, carrier_supported_satellite_notification_hysteresis_sec_int=180, carrier_config_applied_bool=true, carrier_roaming_ntn_emergency_call_to_satellite_handover_type_int=2, carrier_roaming_satellite_default_services_int_array=[2, 3, 6], imsserviceentitlement.entitlement_server_url_string=, emergency_call_to_satellite_t911_handover_timeout_millis_int=30000, satellite_roaming_p2p_sms_supported_bool=false, carrier_config_version_string=, satellite_roaming_screen_off_inactivity_timeout_sec_int=30}]
09-14 09:34:40.701  1264  1385 D SatelliteController: isSatelliteSupportedViaCarrier: using CarrierConfig for subId=1, isAttachSupported=false
09-14 09:34:40.701  1264  1385 D SatelliteController: getSatellitePerPlmnConfiguration: invalid subId or not supported via carrier.
09-14 09:34:40.701  1264  1385 D SatelliteController: getCarrierRoamingNtnConnectType: config: null
09-14 09:34:40.701  1264  1385 D TelephonyConfigUpdateInstallReceiver: getConfigParser: domain=satellite
09-14 09:34:40.701  1264  1385 V SatelliteController: satelliteConfigParser is not ready
09-14 09:34:40.701  1264  1385 D SatelliteController: getCarrierRoamingNtnConnectTypeViaConfigUpdater: return null (satelliteConfig is null)
09-14 09:34:40.701  1264  1385 D SatelliteController: getConfigForSubId: subId= 1, config= PersistableBundle[{satellite_esos_supported_bool=false, satellite_connection_hysteresis_sec_int=180, satellite_supported_disaster_plmn_string_array=[], regional_satellite_earfcn_bundle=PersistableBundle[{}], satellite_entitlement_supported_bool=false, satellite_supported_emergency_plmn_string_array=[], satellite_configs_per_plmn_bundle=PersistableBundle[{}], satellite_sos_max_datagram_size_bytes_int=255, satellite_supported_msg_apps_string_array=[com.google.android.apps.messaging], satellite_connected_notification_throttle_millis_int=604800000, satellite_display_name_string=, satellite_roaming_p2p_sms_inactivity_timeout_sec_int=180, satellite_roaming_turn_off_session_for_emergency_call_bool=true, emergency_messaging_supported_bool=false, carrier_roaming_satellite_emergency_messaging_provider_per_country_bundle=PersistableBundle[{}], satellite_data_support_mode_int=0, carrier_roaming_ntn_connect_type_int=0, satellite_attach_supported_bool=false, carrier_roaming_satellite_emergency_messaging_redirection_destination_string=, satellite_nidd_apn_name_string=, carrier_supported_satellite_services_per_provider_bundle=PersistableBundle[{310830=[2, 3, 6]}], satellite_roaming_esos_inactivity_timeout_sec_int=300, carrier_supported_satellite_notification_hysteresis_sec_int=180, carrier_config_applied_bool=true, carrier_roaming_ntn_emergency_call_to_satellite_handover_type_int=2, carrier_roaming_satellite_default_services_int_array=[2, 3, 6], imsserviceentitlement.entitlement_server_url_string=, emergency_call_to_satellite_t911_handover_timeout_millis_int=30000, satellite_roaming_p2p_sms_supported_bool=false, carrier_config_version_string=, satellite_roaming_screen_off_inactivity_timeout_sec_int=30}]
09-14 09:34:40.701  1264  1385 D SatelliteController: getCarrierRoamingNtnConnectType: Falling back to global carrier config connect type: 0
09-14 09:34:40.701  1264  1385 D TelephonyConfigUpdateInstallReceiver: getConfigParser: domain=satellite
09-14 09:34:40.701  1264  1385 V SatelliteController: satelliteConfigParser is not ready
09-14 09:34:40.701  1264  1385 D SatelliteController: isSatelliteAttachSupportedViaConfigupdater: return null (satelliteConfig is null)
09-14 09:34:40.701  1264  1385 D SatelliteController: getConfigForSubId: subId= 1, config= PersistableBundle[{satellite_esos_supported_bool=false, satellite_connection_hysteresis_sec_int=180, satellite_supported_disaster_plmn_string_array=[], regional_satellite_earfcn_bundle=PersistableBundle[{}], satellite_entitlement_supported_bool=false, satellite_supported_emergency_plmn_string_array=[], satellite_configs_per_plmn_bundle=PersistableBundle[{}], satellite_sos_max_datagram_size_bytes_int=255, satellite_supported_msg_apps_string_array=[com.google.android.apps.messaging], satellite_connected_notification_throttle_millis_int=604800000, satellite_display_name_string=, satellite_roaming_p2p_sms_inactivity_timeout_sec_int=180, satellite_roaming_turn_off_session_for_emergency_call_bool=true, emergency_messaging_supported_bool=false, carrier_roaming_satellite_emergency_messaging_provider_per_country_bundle=PersistableBundle[{}], satellite_data_support_mode_int=0, carrier_roaming_ntn_connect_type_int=0, satellite_attach_supported_bool=false, carrier_roaming_satellite_emergency_messaging_redirection_destination_string=, satellite_nidd_apn_name_string=, carrier_supported_satellite_services_per_provider_bundle=PersistableBundle[{310830=[2, 3, 6]}], satellite_roaming_esos_inactivity_timeout_sec_int=300, carrier_supported_satellite_notification_hysteresis_sec_int=180, carrier_config_applied_bool=true, carrier_roaming_ntn_emergency_call_to_satellite_handover_type_int=2, carrier_roaming_satellite_default_services_int_array=[2, 3, 6], imsserviceentitlement.entitlement_server_url_string=, emergency_call_to_satellite_t911_handover_timeout_millis_int=30000, satellite_roaming_p2p_sms_supported_bool=false, carrier_config_version_string=, satellite_roaming_screen_off_inactivity_timeout_sec_int=30}]
09-14 09:34:40.701  1264  1385 D SatelliteController: isSatelliteSupportedViaCarrier: using CarrierConfig for subId=1, isAttachSupported=false
09-14 09:34:40.701  1264  1385 D SatelliteController: isInSatelliteModeForCarrierRoaming: subId=1, connectType=0, result=false
09-14 09:34:40.701  1264  1385 D SatelliteController: getCarrierRoamingNtnConnectType: Checking connect type from PLMN config for subId: 1
09-14 09:34:40.701  1264  1385 D TelephonyConfigUpdateInstallReceiver: getConfigParser: domain=satellite
09-14 09:34:40.701  1264  1385 V SatelliteController: satelliteConfigParser is not ready
09-14 09:34:40.701  1264  1385 D SatelliteController: isSatelliteAttachSupportedViaConfigupdater: return null (satelliteConfig is null)
09-14 09:34:40.701  1264  1385 D SatelliteController: getConfigForSubId: subId= 1, config= PersistableBundle[{satellite_esos_supported_bool=false, satellite_connection_hysteresis_sec_int=180, satellite_supported_disaster_plmn_string_array=[], regional_satellite_earfcn_bundle=PersistableBundle[{}], satellite_entitlement_supported_bool=false, satellite_supported_emergency_plmn_string_array=[], satellite_configs_per_plmn_bundle=PersistableBundle[{}], satellite_sos_max_datagram_size_bytes_int=255, satellite_supported_msg_apps_string_array=[com.google.android.apps.messaging], satellite_connected_notification_throttle_millis_int=604800000, satellite_display_name_string=, satellite_roaming_p2p_sms_inactivity_timeout_sec_int=180, satellite_roaming_turn_off_session_for_emergency_call_bool=true, emergency_messaging_supported_bool=false, carrier_roaming_satellite_emergency_messaging_provider_per_country_bundle=PersistableBundle[{}], satellite_data_support_mode_int=0, carrier_roaming_ntn_connect_type_int=0, satellite_attach_supported_bool=false, carrier_roaming_satellite_emergency_messaging_redirection_destination_string=, satellite_nidd_apn_name_string=, carrier_supported_satellite_services_per_provider_bundle=PersistableBundle[{310830=[2, 3, 6]}], satellite_roaming_esos_inactivity_timeout_sec_int=300, carrier_supported_satellite_notification_hysteresis_sec_int=180, carrier_config_applied_bool=true, carrier_roaming_ntn_emergency_call_to_satellite_handover_type_int=2, carrier_roaming_satellite_default_services_int_array=[2, 3, 6], imsserviceentitlement.entitlement_server_url_string=, emergency_call_to_satellite_t911_handover_timeout_millis_int=30000, satellite_roaming_p2p_sms_supported_bool=false, carrier_config_version_string=, satellite_roaming_screen_off_inactivity_timeout_sec_int=30}]
09-14 09:34:40.701  1264  1385 D SatelliteController: isSatelliteSupportedViaCarrier: using CarrierConfig for subId=1, isAttachSupported=false
09-14 09:34:40.701  1264  1385 D SatelliteController: getSatellitePerPlmnConfiguration: invalid subId or not supported via carrier.
09-14 09:34:40.701  1264  1385 D SatelliteController: getCarrierRoamingNtnConnectType: config: null
09-14 09:34:40.701  1264  1385 D TelephonyConfigUpdateInstallReceiver: getConfigParser: domain=satellite
09-14 09:34:40.701  1264  1385 V SatelliteController: satelliteConfigParser is not ready
09-14 09:34:40.701  1264  1385 D SatelliteController: getCarrierRoamingNtnConnectTypeViaConfigUpdater: return null (satelliteConfig is null)
09-14 09:34:40.701  1264  1385 D SatelliteController: getConfigForSubId: subId= 1, config= PersistableBundle[{satellite_esos_supported_bool=false, satellite_connection_hysteresis_sec_int=180, satellite_supported_disaster_plmn_string_array=[], regional_satellite_earfcn_bundle=PersistableBundle[{}], satellite_entitlement_supported_bool=false, satellite_supported_emergency_plmn_string_array=[], satellite_configs_per_plmn_bundle=PersistableBundle[{}], satellite_sos_max_datagram_size_bytes_int=255, satellite_supported_msg_apps_string_array=[com.google.android.apps.messaging], satellite_connected_notification_throttle_millis_int=604800000, satellite_display_name_string=, satellite_roaming_p2p_sms_inactivity_timeout_sec_int=180, satellite_roaming_turn_off_session_for_emergency_call_bool=true, emergency_messaging_supported_bool=false, carrier_roaming_satellite_emergency_messaging_provider_per_country_bundle=PersistableBundle[{}], satellite_data_support_mode_int=0, carrier_roaming_ntn_connect_type_int=0, satellite_attach_supported_bool=false, carrier_roaming_satellite_emergency_messaging_redirection_destination_string=, satellite_nidd_apn_name_string=, carrier_supported_satellite_services_per_provider_bundle=PersistableBundle[{310830=[2, 3, 6]}], satellite_roaming_esos_inactivity_timeout_sec_int=300, carrier_supported_satellite_notification_hysteresis_sec_int=180, carrier_config_applied_bool=true, carrier_roaming_ntn_emergency_call_to_satellite_handover_type_int=2, carrier_roaming_satellite_default_services_int_array=[2, 3, 6], imsserviceentitlement.entitlement_server_url_string=, emergency_call_to_satellite_t911_handover_timeout_millis_int=30000, satellite_roaming_p2p_sms_supported_bool=false, carrier_config_version_string=, satellite_roaming_screen_off_inactivity_timeout_sec_int=30}]
09-14 09:34:40.701  1264  1385 D SatelliteController: getCarrierRoamingNtnConnectType: Falling back to global carrier config connect type: 0
09-14 09:34:40.701  1264  1385 D TelephonyConfigUpdateInstallReceiver: getConfigParser: domain=satellite
09-14 09:34:40.701  1264  1385 V SatelliteController: satelliteConfigParser is not ready
09-14 09:34:40.701  1264  1385 D SatelliteController: isSatelliteAttachSupportedViaConfigupdater: return null (satelliteConfig is null)
09-14 09:34:40.701  1264  1385 D SatelliteController: getConfigForSubId: subId= 1, config= PersistableBundle[{satellite_esos_supported_bool=false, satellite_connection_hysteresis_sec_int=180, satellite_supported_disaster_plmn_string_array=[], regional_satellite_earfcn_bundle=PersistableBundle[{}], satellite_entitlement_supported_bool=false, satellite_supported_emergency_plmn_string_array=[], satellite_configs_per_plmn_bundle=PersistableBundle[{}], satellite_sos_max_datagram_size_bytes_int=255, satellite_supported_msg_apps_string_array=[com.google.android.apps.messaging], satellite_connected_notification_throttle_millis_int=604800000, satellite_display_name_string=, satellite_roaming_p2p_sms_inactivity_timeout_sec_int=180, satellite_roaming_turn_off_session_for_emergency_call_bool=true, emergency_messaging_supported_bool=false, carrier_roaming_satellite_emergency_messaging_provider_per_country_bundle=PersistableBundle[{}], satellite_data_support_mode_int=0, carrier_roaming_ntn_connect_type_int=0, satellite_attach_supported_bool=false, carrier_roaming_satellite_emergency_messaging_redirection_destination_string=, satellite_nidd_apn_name_string=, carrier_supported_satellite_services_per_provider_bundle=PersistableBundle[{310830=[2, 3, 6]}], satellite_roaming_esos_inactivity_timeout_sec_int=300, carrier_supported_satellite_notification_hysteresis_sec_int=180, carrier_config_applied_bool=true, carrier_roaming_ntn_emergency_call_to_satellite_handover_type_int=2, carrier_roaming_satellite_default_services_int_array=[2, 3, 6], imsserviceentitlement.entitlement_server_url_string=, emergency_call_to_satellite_t911_handover_timeout_millis_int=30000, satellite_roaming_p2p_sms_supported_bool=false, carrier_config_version_string=, satellite_roaming_screen_off_inactivity_timeout_sec_int=30}]
09-14 09:34:40.701  1264  1385 D SatelliteController: isSatelliteSupportedViaCarrier: using CarrierConfig for subId=1, isAttachSupported=false
09-14 09:34:40.701  1264  1385 D SatelliteController: isInSatelliteModeForCarrierRoaming: subId=1, connectType=0, result=false
09-14 09:34:40.711   516   516 W skia    : AGTM parsing failed flags.readFromStream(s) at 159
09-14 09:34:40.711  7043  7043 W StatusViewController: StatusViewController.updateKeyboardView():46 Failed to inflate voice header view [UD]
09-14 09:34:40.713  7043  7043 W TextView: onProvideContentCaptureStructure(): calling assumeLayout()
09-14 09:34:40.713  7043  7043 W TooltipLifecycleManager: TooltipLifecycleManager.dismissTooltips():153 Tooltip with id spell_check_add_to_dictionary not found in tooltipManager.
09-14 09:34:40.728   516   516 W skia    : AGTM parsing failed flags.readFromStream(s) at 159
09-14 09:34:40.728   516   516 W skia    : AGTM parsing failed flags.readFromStream(s) at 159
09-14 09:34:40.729   516   547 W skia    : AGTM parsing failed flags.readFromStream(s) at 159
09-14 09:34:40.729   516   547 W skia    : AGTM parsing failed flags.readFromStream(s) at 159
09-14 09:34:40.744   516   516 W skia    : AGTM parsing failed flags.readFromStream(s) at 159
09-14 09:34:40.744   516   516 W skia    : AGTM parsing failed flags.readFromStream(s) at 159
09-14 09:34:40.744   516   516 W skia    : AGTM parsing failed flags.readFromStream(s) at 159
09-14 09:34:40.744   516   516 W skia    : AGTM parsing failed flags.readFromStream(s) at 159
09-14 09:34:40.744   516   516 W skia    : AGTM parsing failed flags.readFromStream(s) at 159
09-14 09:34:40.744   516   516 W skia    : AGTM parsing failed flags.readFromStream(s) at 159
09-14 09:34:40.744   516   516 W skia    : AGTM parsing failed flags.readFromStream(s) at 159
09-14 09:34:40.761   516   516 W skia    : AGTM parsing failed flags.readFromStream(s) at 159
09-14 09:34:40.761   516   516 W skia    : AGTM parsing failed flags.readFromStream(s) at 159
09-14 09:34:40.761   516   516 W skia    : AGTM parsing failed flags.readFromStream(s) at 159
09-14 09:34:40.761   516   516 W skia    : AGTM parsing failed flags.readFromStream(s) at 159
09-14 09:34:40.761   516   516 W skia    : AGTM parsing failed flags.readFromStream(s) at 159
09-14 09:34:40.761   516   516 W skia    : AGTM parsing failed flags.readFromStream(s) at 159
09-14 09:34:40.761   516   516 W skia    : AGTM parsing failed flags.readFromStream(s) at 159
09-14 09:34:40.778   516   516 W skia    : AGTM parsing failed flags.readFromStream(s) at 159
09-14 09:34:40.778   516   516 W skia    : AGTM parsing failed flags.readFromStream(s) at 159
09-14 09:34:40.778   516   516 W skia    : AGTM parsing failed flags.readFromStream(s) at 159
09-14 09:34:40.778   516   516 W skia    : AGTM parsing failed flags.readFromStream(s) at 159
09-14 09:34:40.778   516   516 W skia    : AGTM parsing failed flags.readFromStream(s) at 159
09-14 09:34:40.778   516   516 W skia    : AGTM parsing failed flags.readFromStream(s) at 159
09-14 09:34:40.778   516   516 W skia    : AGTM parsing failed flags.readFromStream(s) at 159
09-14 09:34:40.794   516   516 W skia    : AGTM parsing failed flags.readFromStream(s) at 159
09-14 09:34:40.794   516   516 W skia    : AGTM parsing failed flags.readFromStream(s) at 159
09-14 09:34:40.794   516   516 W skia    : AGTM parsing failed flags.readFromStream(s) at 159
09-14 09:34:40.794   516   516 W skia    : AGTM parsing failed flags.readFromStream(s) at 159
09-14 09:34:40.794   516   516 W skia    : AGTM parsing failed flags.readFromStream(s) at 159
09-14 09:34:40.794   516   516 W skia    : AGTM parsing failed flags.readFromStream(s) at 159
09-14 09:34:40.794   516   516 W skia    : AGTM parsing failed flags.readFromStream(s) at 159
09-14 09:34:40.808  7043  7043 I AccessoryInputModeManager: AccessoryInputModeManager.onModeStarted():353 Accessory input mode started: PK
09-14 09:34:40.808  7043  7043 I KeyboardViewController: KeyboardViewController.onKeyboardViewDetached():1401 the keyboard view accessory WIDGET com.google.android.libraries.inputmethod.companionwidget.widget.WidgetSoftKeyboardView{b2c7981 G.E...C.. ......ID 0,0-148,143 aid=6770} is detaching is not the one saved com.google.android.libraries.inputmethod.companionwidget.widget.WidgetSoftKeyboardView{4c60168 V.E...C.. ......ID 0,0-148,647 aid=6730}
09-14 09:34:40.808  7043  7043 W StatusViewController: StatusViewController.updateKeyboardView():46 Failed to inflate voice header view [UD]
09-14 09:34:40.810  7043  7043 I WidgetViewShowingPositionHandler: WidgetViewShowingPositionHandler.updateAvailableArea():199 update available area Rect(21, 153 - 1059, 2333)
09-14 09:34:40.810  7043  7043 I KeyboardViewController: KeyboardViewController.hide():988 Requesting to hide sub view with id 2131436959 #0x7f0b259f which doesn't exist in current keyboard view
09-14 09:34:40.810  7043  7043 I Delight5Decoder: Delight5DecoderWrapper.setKeyboardLayout():553 setKeyboardLayout()
09-14 09:34:40.811   516   516 W skia    : AGTM parsing failed flags.readFromStream(s) at 159
09-14 09:34:40.811   516   516 W skia    : AGTM parsing failed flags.readFromStream(s) at 159
09-14 09:34:40.811   516   516 W skia    : AGTM parsing failed flags.readFromStream(s) at 159
09-14 09:34:40.811   516   516 W skia    : AGTM parsing failed flags.readFromStream(s) at 159
09-14 09:34:40.811   516   516 W skia    : AGTM parsing failed flags.readFromStream(s) at 159
09-14 09:34:40.811   516   516 W skia    : AGTM parsing failed flags.readFromStream(s) at 159
09-14 09:34:40.811   516   516 W skia    : AGTM parsing failed flags.readFromStream(s) at 159
09-14 09:34:40.813  7043 31944 I Delight5: JniUtil.loadLibrary():30 loadLibrary(): nativeLibraryLoaded=true
09-14 09:34:40.813  7043 31944 I AndroidSpellCheckerService: AndroidSpellCheckerService.createSession():138 com.google.android.keyboard.client.delight5.LanguageIdentifier@ed9a6c8 is created
09-14 09:34:40.814  7043  7043 I HardKeyTracker: HardKeyTracker.registerKeySequence():201 Register key sequence pkp{labelResId=2132020533, callback=fhc@a2d2361, lastModifier=2, keyCodes=[32], actions=[0]}
09-14 09:34:40.814  7043  7043 I HardKeyTracker: HardKeyTracker.registerKeySequence():201 Register key sequence pkp{labelResId=2132020533, callback=fhc@405ce86, lastModifier=0, keyCodes=[319], actions=[0]}
09-14 09:34:40.814  7043  7043 W SupplementaryKeyboardsWrapper: SupplementaryKeyboardsWrapper.deactivateKeyboard():162 keyboard composing_text_consumer is not activated before!
09-14 09:34:40.828   516   516 W skia    : AGTM parsing failed flags.readFromStream(s) at 159
09-14 09:34:40.828   516   516 W skia    : AGTM parsing failed flags.readFromStream(s) at 159
09-14 09:34:40.828   516   516 W skia    : AGTM parsing failed flags.readFromStream(s) at 159
09-14 09:34:40.828   516   516 W skia    : AGTM parsing failed flags.readFromStream(s) at 159
09-14 09:34:40.828   516   516 W skia    : AGTM parsing failed flags.readFromStream(s) at 159
09-14 09:34:40.828   516   516 W skia    : AGTM parsing failed flags.readFromStream(s) at 159
09-14 09:34:40.828   516   516 W skia    : AGTM parsing failed flags.readFromStream(s) at 159
09-14 09:34:40.829   516   547 W skia    : AGTM parsing failed flags.readFromStream(s) at 159
09-14 09:34:40.829   516   547 W skia    : AGTM parsing failed flags.readFromStream(s) at 159
09-14 09:34:40.844   516   516 W skia    : AGTM parsing failed flags.readFromStream(s) at 159
09-14 09:34:40.844   516   516 W skia    : AGTM parsing failed flags.readFromStream(s) at 159
09-14 09:34:40.844   516   516 W skia    : AGTM parsing failed flags.readFromStream(s) at 159
09-14 09:34:40.844   516   516 W skia    : AGTM parsing failed flags.readFromStream(s) at 159
09-14 09:34:40.844   516   516 W skia    : AGTM parsing failed flags.readFromStream(s) at 159
09-14 09:34:40.844   516   516 W skia    : AGTM parsing failed flags.readFromStream(s) at 159
09-14 09:34:40.844   516   516 W skia    : AGTM parsing failed flags.readFromStream(s) at 159
09-14 09:34:40.844   516   516 W skia    : AGTM parsing failed flags.readFromStream(s) at 159
09-14 09:34:40.861   516   516 W skia    : AGTM parsing failed flags.readFromStream(s) at 159
09-14 09:34:40.878   516   516 W skia    : AGTM parsing failed flags.readFromStream(s) at 159
09-14 09:34:40.894   516   516 W skia    : AGTM parsing failed flags.readFromStream(s) at 159
09-14 09:34:40.894   516   516 W skia    : AGTM parsing failed flags.readFromStream(s) at 159
09-14 09:34:40.894   516   516 W skia    : AGTM parsing failed flags.readFromStream(s) at 159
09-14 09:34:40.894   516   516 W skia    : AGTM parsing failed flags.readFromStream(s) at 159
09-14 09:34:40.894   516   516 W skia    : AGTM parsing failed flags.readFromStream(s) at 159
09-14 09:34:40.895   516   516 W skia    : AGTM parsing failed flags.readFromStream(s) at 159
09-14 09:34:40.895   516   516 W skia    : AGTM parsing failed flags.readFromStream(s) at 159
09-14 09:34:40.911   516   516 W skia    : AGTM parsing failed flags.readFromStream(s) at 159
09-14 09:34:40.911   516   516 W skia    : AGTM parsing failed flags.readFromStream(s) at 159
09-14 09:34:40.911   516   516 W skia    : AGTM parsing failed flags.readFromStream(s) at 159
09-14 09:34:40.911   516   516 W skia    : AGTM parsing failed flags.readFromStream(s) at 159
09-14 09:34:40.911   516   516 W skia    : AGTM parsing failed flags.readFromStream(s) at 159
09-14 09:34:40.911   516   516 W skia    : AGTM parsing failed flags.readFromStream(s) at 159
09-14 09:34:40.911   516   516 W skia    : AGTM parsing failed flags.readFromStream(s) at 159
09-14 09:34:40.928   516   516 W skia    : AGTM parsing failed flags.readFromStream(s) at 159
09-14 09:34:40.928   516   516 W skia    : AGTM parsing failed flags.readFromStream(s) at 159
09-14 09:34:40.928   516   516 W skia    : AGTM parsing failed flags.readFromStream(s) at 159
09-14 09:34:40.928   516   516 W skia    : AGTM parsing failed flags.readFromStream(s) at 159
09-14 09:34:40.928   516   516 W skia    : AGTM parsing failed flags.readFromStream(s) at 159
09-14 09:34:40.928   516   516 W skia    : AGTM parsing failed flags.readFromStream(s) at 159
09-14 09:34:40.928   516   516 W skia    : AGTM parsing failed flags.readFromStream(s) at 159
09-14 09:34:40.930   516   547 W skia    : AGTM parsing failed flags.readFromStream(s) at 159
09-14 09:34:40.930   516   547 W skia    : AGTM parsing failed flags.readFromStream(s) at 159
09-14 09:34:40.944   516   516 W skia    : AGTM parsing failed flags.readFromStream(s) at 159
09-14 09:34:40.944   516   516 W skia    : AGTM parsing failed flags.readFromStream(s) at 159
09-14 09:34:40.944   516   516 W skia    : AGTM parsing failed flags.readFromStream(s) at 159
09-14 09:34:40.944   516   516 W skia    : AGTM parsing failed flags.readFromStream(s) at 159
09-14 09:34:40.944   516   516 W skia    : AGTM parsing failed flags.readFromStream(s) at 159
09-14 09:34:40.944   516   516 W skia    : AGTM parsing failed flags.readFromStream(s) at 159
09-14 09:34:40.944   516   516 W skia    : AGTM parsing failed flags.readFromStream(s) at 159
09-14 09:34:40.961   516   516 W skia    : AGTM parsing failed flags.readFromStream(s) at 159
09-14 09:34:40.961   516   516 W skia    : AGTM parsing failed flags.readFromStream(s) at 159
09-14 09:34:40.961   516   516 W skia    : AGTM parsing failed flags.readFromStream(s) at 159
09-14 09:34:40.961   516   516 W skia    : AGTM parsing failed flags.readFromStream(s) at 159
09-14 09:34:40.961   516   516 W skia    : AGTM parsing failed flags.readFromStream(s) at 159
09-14 09:34:40.961   516   516 W skia    : AGTM parsing failed flags.readFromStream(s) at 159
09-14 09:34:40.961   516   516 W skia    : AGTM parsing failed flags.readFromStream(s) at 159
09-14 09:34:40.978   516   516 W skia    : AGTM parsing failed flags.readFromStream(s) at 159
09-14 09:34:40.978   516   516 W skia    : AGTM parsing failed flags.readFromStream(s) at 159
09-14 09:34:40.978   516   516 W skia    : AGTM parsing failed flags.readFromStream(s) at 159
09-14 09:34:40.978   516   516 W skia    : AGTM parsing failed flags.readFromStream(s) at 159
09-14 09:34:40.978   516   516 W skia    : AGTM parsing failed flags.readFromStream(s) at 159
09-14 09:34:40.978   516   516 W skia    : AGTM parsing failed flags.readFromStream(s) at 159
09-14 09:34:40.978   516   516 W skia    : AGTM parsing failed flags.readFromStream(s) at 159
09-14 09:34:40.994   516   516 W skia    : AGTM parsing failed flags.readFromStream(s) at 159
09-14 09:34:40.994   516   516 W skia    : AGTM parsing failed flags.readFromStream(s) at 159
09-14 09:34:40.994   516   516 W skia    : AGTM parsing failed flags.readFromStream(s) at 159
09-14 09:34:40.994   516   516 W skia    : AGTM parsing failed flags.readFromStream(s) at 159
09-14 09:34:40.994   516   516 W skia    : AGTM parsing failed flags.readFromStream(s) at 159
09-14 09:34:40.994   516   516 W skia    : AGTM parsing failed flags.readFromStream(s) at 159
09-14 09:34:40.994   516   516 W skia    : AGTM parsing failed flags.readFromStream(s) at 159
09-14 09:34:41.011   516   516 W skia    : AGTM parsing failed flags.readFromStream(s) at 159
09-14 09:34:41.011   516   516 W skia    : AGTM parsing failed flags.readFromStream(s) at 159
09-14 09:34:41.011   516   516 W skia    : AGTM parsing failed flags.readFromStream(s) at 159
09-14 09:34:41.011   516   516 W skia    : AGTM parsing failed flags.readFromStream(s) at 159
09-14 09:34:41.011   516   516 W skia    : AGTM parsing failed flags.readFromStream(s) at 159
09-14 09:34:41.011   516   516 W skia    : AGTM parsing failed flags.readFromStream(s) at 159
09-14 09:34:41.011   516   516 W skia    : AGTM parsing failed flags.readFromStream(s) at 159
09-14 09:34:41.011   516   516 W skia    : AGTM parsing failed flags.readFromStream(s) at 159
09-14 09:34:41.011  7043  7043 W StatusViewController: StatusViewController.updateKeyboardView():46 Failed to inflate voice header view [UD]
09-14 09:34:41.012  7043  7043 W TextView: onProvideContentCaptureStructure(): calling assumeLayout()
09-14 09:34:41.028   516   516 W skia    : AGTM parsing failed flags.readFromStream(s) at 159
09-14 09:34:41.028   516   516 W skia    : AGTM parsing failed flags.readFromStream(s) at 159
09-14 09:34:41.028   516   516 W skia    : AGTM parsing failed flags.readFromStream(s) at 159
09-14 09:34:41.028   516   516 W skia    : AGTM parsing failed flags.readFromStream(s) at 159
09-14 09:34:41.028   516   516 W skia    : AGTM parsing failed flags.readFromStream(s) at 159
09-14 09:34:41.028   516   516 W skia    : AGTM parsing failed flags.readFromStream(s) at 159
09-14 09:34:41.028   516   516 W skia    : AGTM parsing failed flags.readFromStream(s) at 159
09-14 09:34:41.030   516   547 W skia    : AGTM parsing failed flags.readFromStream(s) at 159
09-14 09:34:41.030   516   547 W skia    : AGTM parsing failed flags.readFromStream(s) at 159
09-14 09:34:41.044   516   516 W skia    : AGTM parsing failed flags.readFromStream(s) at 159
09-14 09:34:41.044   516   516 W skia    : AGTM parsing failed flags.readFromStream(s) at 159
09-14 09:34:41.044   516   516 W skia    : AGTM parsing failed flags.readFromStream(s) at 159
09-14 09:34:41.044   516   516 W skia    : AGTM parsing failed flags.readFromStream(s) at 159
09-14 09:34:41.044   516   516 W skia    : AGTM parsing failed flags.readFromStream(s) at 159
09-14 09:34:41.044   516   516 W skia    : AGTM parsing failed flags.readFromStream(s) at 159
09-14 09:34:41.044   516   516 W skia    : AGTM parsing failed flags.readFromStream(s) at 159
09-14 09:34:41.061   516   516 W skia    : AGTM parsing failed flags.readFromStream(s) at 159
09-14 09:34:41.061   516   516 W skia    : AGTM parsing failed flags.readFromStream(s) at 159
09-14 09:34:41.061   516   516 W skia    : AGTM parsing failed flags.readFromStream(s) at 159
09-14 09:34:41.061   516   516 W skia    : AGTM parsing failed flags.readFromStream(s) at 159
09-14 09:34:41.061   516   516 W skia    : AGTM parsing failed flags.readFromStream(s) at 159
09-14 09:34:41.061   516   516 W skia    : AGTM parsing failed flags.readFromStream(s) at 159
09-14 09:34:41.061   516   516 W skia    : AGTM parsing failed flags.readFromStream(s) at 159
09-14 09:34:41.072 19082 19082 I ImeTracker: com.highfly.logbook:1556ddf5: onRequestShow at ORIGIN_CLIENT reason SHOW_SOFT_INPUT fromUser false userId 0 displayId 0
09-14 09:34:41.073 19082 19082 D InsetsController: show(ime())
09-14 09:34:41.073 19082 19082 I ImeTracker: com.highfly.logbook:1556ddf5: onCancelled at PHASE_CLIENT_APPLY_ANIMATION
09-14 09:34:41.073   661   780 I ImeTracker: com.highfly.logbook:b11dda1e: onRequestShow at ORIGIN_SERVER reason ATTACH_NEW_INPUT fromUser false userId 0 displayId 0
09-14 09:34:41.073   661   780 W InputChannel-JNI: Channel already disposed.
09-14 09:34:41.073  7043  7043 I GoogleInputMethodService: GoogleInputMethodService.onFinishInputView():1671 onFinishInputView(true)
09-14 09:34:41.073  7043  7043 W ExtensionWrapper: ExtensionWrapper.setAllowUpdateNavigationBarStyle():887 class lcr is not activate
09-14 09:34:41.074  7043  7043 I KeyboardViewController: KeyboardViewController.onKeyboardViewDetached():1401 the keyboard view accessory WIDGET com.google.android.libraries.inputmethod.companionwidget.widget.WidgetSoftKeyboardView{4c60168 G.E...C.. ......ID 0,0-148,556 aid=6730} is detaching is not the one saved com.google.android.libraries.inputmethod.companionwidget.widget.WidgetSoftKeyboardView{b2c7981 V.E...C.. ......ID 0,0-148,144 aid=6770}
09-14 09:34:41.074  7043  7043 I KeyboardViewController: KeyboardViewController.hide():988 Requesting to hide sub view with id 2131436959 #0x7f0b259f which doesn't exist in current keyboard view
09-14 09:34:41.074  7043  7043 W ExtensionWrapper: ExtensionWrapper.setAllowUpdateNavigationBarStyle():887 class lcr is not activate
09-14 09:34:41.074  7043  7043 W SupplementaryKeyboardsWrapper: SupplementaryKeyboardsWrapper.deactivateKeyboard():162 keyboard composing_text_consumer is not activated before!
09-14 09:34:41.074  7043  7043 I GlobeKeyExtension: GlobeKeyExtension.onDeactivate():154 
09-14 09:34:41.074  7043  7043 W TooltipLifecycleManager: TooltipLifecycleManager.dismissTooltips():153 Tooltip with id spell_check_add_to_dictionary not found in tooltipManager.
09-14 09:34:41.074  7043  7043 I VoiceInputManagerWrapper: VoiceInputManagerWrapper.shutdown():135 shutdown() : SHUTDOWN_UNIVERSAL_EXTENSION_ON_DEACTIVATE [RD]
09-14 09:34:41.074  7043  7043 I UniversalDictationUiProvider: UniversalDictationUiProvider.onDeactivate():69 onDeactivate() [UD]
09-14 09:34:41.075  7043  7043 I InputBundle: InputBundle.consumeEvent():1056 Skip consuming an event as keyboard status is INACTIVE
09-14 09:34:41.075  7043  7068 W ModuleManager: ModuleManager.loadModule():634 Module qip is not available
09-14 09:34:41.075  7043  7043 I AndroidIME: AbstractIme.onDeactivate():213 LatinIme.onDeactivate()
09-14 09:34:41.075  7043  7068 I NebulaeTrainingCacheMetricsProcessor: NebulaeTrainingCacheMetricsProcessor.processEndSession():608 End training cache session: com.highfly.logbook_2131230919/
09-14 09:34:41.075  7043  7043 I PrimesLoggerHolder: FrameMetricServiceImpl.stopAsFuture():213 Measurement not found: OnConfigurationChanged
09-14 09:34:41.075  7043  7043 I GoogleInputMethodService: GoogleInputMethodService.onFinishInput():2269 
09-14 09:34:41.075  7043  7043 I Module  : DeviceLockedStatusModuleProvider$Module.updateDeviceLockedStatusInternal():127 repeatCheckTimes = 0, locked = false
09-14 09:34:41.075  7043  7043 I GoogleInputMethodService: GoogleInputMethodService.onStartInput():1454 onStartInput(EditorInfo{EditorInfo{packageName=com.highfly.logbook, inputType=201001, inputTypeString=Normal[CapCharacters], enableLearning=false, autoCorrection=true, autoComplete=true, imeOptions=c000005, privateImeOptions=null, actionName=NEXT, actionLabel=null, initialSelStart=0, initialSelEnd=0, initialCapsMode=1000, label=null, fieldId=2131230942, fieldName=null, extras=Bundle[mParcelledData.dataSize=404], hintText=non-empty, hintLocales=[]}}, false)
09-14 09:34:41.075  7043  7068 I OnDeviceWmrCalculator: OnDeviceWmrCalculator.calculateWmr():94 WMR: 0.0000 (0 / 1)
09-14 09:34:41.075  7043  7043 I AndroidIME: LatinIMEBase.updateInputViewCoverNavigation():321 Update input view padding, isNavbarOverInputWindow=true, bottom inset=63
09-14 09:34:41.076  7043  7043 I Module  : DeviceLockedStatusModuleProvider$Module.updateDeviceLockedStatusInternal():127 repeatCheckTimes = 1, locked = false
09-14 09:34:41.076  7043  7100 I native  : I0000 00:00:1789371281.076102    7100 input-context-store.cc:325] Ignoring stale client request for FetchSuggestions
09-14 09:34:41.076  7043  7043 I GoogleInputMethodService: GoogleInputMethodService.onStartInputView():1540 onStartInputView(EditorInfo{EditorInfo{packageName=com.highfly.logbook, inputType=201001, inputTypeString=Normal[CapCharacters], enableLearning=false, autoCorrection=true, autoComplete=true, imeOptions=c000005, privateImeOptions=null, actionName=NEXT, actionLabel=null, initialSelStart=0, initialSelEnd=0, initialCapsMode=1000, label=null, fieldId=2131230942, fieldName=null, extras=Bundle[{android.support.text.emoji.emojiCompat_metadataVersion=11, androidx.core.view.inputmethod.EditorInfoCompat.STYLUS_HANDWRITING_ENABLED=true, android.support.text.emoji.emojiCompat_replaceAll=false}], hintText=non-empty, hintLocales=[]}}, false)
09-14 09:34:41.076  7043  7043 I KeyboardHeightUtil: KeyboardHeightUtil.getOemKeyboardHeightRatio():81 systemKeyboardHeightRatio:1.000000.
09-14 09:34:41.076  7043  7068 I CrossProfileSharedPreferences: CrossProfileSharedPreferences.maybeRunSyncTaskAfterFullSyncComplete():218 Full sync is not complete when incremental sync is called, trigger full sync
09-14 09:34:41.076  7043  7043 I AndroidIME: InputBundleManager.startInput():357 startInput2 restarting=false
09-14 09:34:41.076  7043  7043 I AndroidIME: InputBundleManager.loadActiveInputBundleId():542 loadActiveInputBundleId: de, ime_german
09-14 09:34:41.076  7043  7043 I InputBundle: InputBundle.activateIme():598 activateIme: INACTIVE, keyboardType=accessory
09-14 09:34:41.076  7043  7043 I AndroidIME: AbstractIme.onActivate():95 LatinIme.onActivate() : EditorInfo = EditorInfo{packageName=com.highfly.logbook, inputType=201001, inputTypeString=Normal[CapCharacters], enableLearning=false, autoCorrection=true, autoComplete=true, imeOptions=c000005, privateImeOptions=null, actionName=NEXT, actionLabel=null, initialSelStart=0, initialSelEnd=0, initialCapsMode=1000, label=null, fieldId=2131230942, fieldName=null, extras=Bundle[{android.support.text.emoji.emojiCompat_metadataVersion=11, androidx.core.view.inputmethod.EditorInfoCompat.STYLUS_HANDWRITING_ENABLED=true, android.support.text.emoji.emojiCompat_replaceAll=false}], hintText=non-empty, hintLocales=[]}, IncognitoMode = false, DeviceLocked = false
09-14 09:34:41.076  7043 19030 I CrossProfileSharedPreferences: CrossProfileSharedPreferences.syncAllAllowedPreferencesInternal():276 Cannot make cross profile calls to full sync preferences
09-14 09:34:41.076  7043  7043 I InputBundle: InputBundle.consumeEvent():1056 Skip consuming an event as keyboard status is INACTIVE
09-14 09:34:41.076  7043  7068 W ModuleManager: ModuleManager.loadModule():634 Module qip is not available
09-14 09:34:41.076  7043  7043 I Delight5Facilitator: Delight5Facilitator.initializeForIme():745 initializeForIme() : Locale = [de, en_US], layout = qwerty
09-14 09:34:41.076  7043  7068 I NebulaeTrainingCacheMetricsProcessor: NebulaeTrainingCacheMetricsProcessor.processBeginSession():253 Begin training cache session: com.highfly.logbook_2131230919/
09-14 09:34:41.076  7043  7043 I LatinIme: LatinIme.updateEnableInlineSuggestionsOnDecoderSideFlags():1279 inline flag updated to:false
09-14 09:34:41.076  7043  7043 I LatinIme: LatinIme.updateEnableInlineSuggestionsOnDecoderSideFlags():1279 inline flag updated to:false
09-14 09:34:41.077  7043  7043 I InputBundle: InputBundle.consumeEvent():1056 Skip consuming an event as keyboard status is INACTIVE
09-14 09:34:41.077  7043  7043 I LatinIme: LatinIme.resetInputContext():2287 resetInputContext(): reason=1, externalEditsInfo=ExternalEditsInfo{action=0, offset=-1, text=null, originalText=null, edits=null}
09-14 09:34:41.077  7043  7043 I InputBundle: InputBundle.consumeEvent():1056 Skip consuming an event as keyboard status is INACTIVE
09-14 09:34:41.077  7043  7043 I InputBundle: InputBundle.activateKeyboard():653 activateKeyboard: ACTIVE, type=KeyboardTypeAndPayload(keyboardType=accessory, payload=null)
09-14 09:34:41.077  7043  7043 I KeyboardWrapper: KeyboardWrapper.activateKeyboard():592 activateKeyboard(): type=accessory, status=INACTIVE, imeDef=ImeDef{stringId=ime_german, language=de, languageTag=de, processedConditions={enable_pk_simulator=false, enable_number_row=false, true=true, device=phone, writing_helper_enable_by_word_revert=false}, className=com.google.android.apps.inputmethod.libs.latin5.LatinIme, label=0, keyEventInterpreter=null, inlineComposing=true, autoCapital=true, announceAutoSelectedCandidate=true, statusIcon=0, indicatorIcon=0, indicatorLabel=null, displayAppCompletions=true, extraValues=okj{#0x7f0b02ef=TypedValue{t=0x3/d=0x0 "com.google.android.apps.inputmethod.libs.latin5.LatinIme"}}, processors=com.google.android.libraries.inputmethod.metadata.ProcessorsDef@87e60b6, unacceptableMetaKeys=4098, languageSpecificSettings=0, asciiCapable=true, alwaysShowSuggestions=false, useAsciiPasswordKeyboard=false, keyboardGroupDef=KeyboardGroupDef(variant=qwerty, variantLabel=0, pkLanguageTag=, pkLayoutType=, dynamicLayout=null, layoutSpecificSettings=[], layoutSpecificTheme=0, order=0, supportsSplitMode=true, supportsOneHandedMode=true, isVariantNameMandatory=false, keyboardDefInfos={prime=KeyboardDefInfo(kbType=prime, initialStates=0, keyboardDefs=[2132215273, 2132215953], extraValues=okj{}), digit=KeyboardDefInfo(kbType=digit, initialStates=0, keyboardDefs=[2132215914], extraValues=okj{}), symbol=KeyboardDefInfo(kbType=symbol, initialStates=0, keyboardDefs=[2132216099], extraValues=okj{})}, overrideKeyboardXmlConditions=com.google.android.libraries.inputmethod.metadata.OverrideKeyboardXmlConditionsDef@2aaee85), phenotypeFlagId=0, localizationLanguageTag=null, supportsInlineSuggestion=true}
09-14 09:34:41.077  7043  7043 I KeyboardManager: KeyboardManager.requestKeyboard():249 Creating keyboard accessory, imeId=ime_german, cacheKey=theme,!gsf,!pgsans,!pgsf,!use_system_font,BORDER,FLAVOR_DPI=XXHDPI,IS_LIGHT,KEYBOARD_WIDTH_CATEGORY=NORMAL,KEY_BORDER_SHAPE=1,LIGHT_THEME=true,PHYSICAL_DIAGONAL=5.9809904,POPUP,SCREEN_SHORTEST_WIDTH=411,SCREEN_SHORTEST_WIDTH_NO_SCALE=411,SW400DP,XXHDPI,bottom4dp,enable_popup_on_keypress=true,keyboard_redesign_google_sans=true,non_linear_scale,noshadow,overlay_builtin_dynamic_color_light_base.binarypb:gm3-light-fffaf8fe-ff4c5e8b-4fb1adea13304a190d4abf12326cf60c,silkpopup
09-14 09:34:41.077  7043  7100 I Delight5Decoder: Delight5DecoderWrapper.setKeyboardLayout():553 setKeyboardLayout()
09-14 09:34:41.077  7043  7043 I KeyboardWrapper: KeyboardWrapper.onKeyboardReady():226 onKeyboardReady(): type=accessory(accessory), kb=com.google.android.libraries.inputmethod.keyboard.impl.Keyboard@67ced51
09-14 09:34:41.077  7043  7043 I KeyboardWrapper: KeyboardWrapper.doActivateKeyboard():624 doActivateKeyboard(): accessory
09-14 09:34:41.077  7043  7043 W Keyboard: Keyboard.getKeyboardViewHelper():607 null helper is returned: keyboardDef=oll{processedConditions={}, globalConditions={}, className=com.google.android.libraries.inputmethod.keyboard.impl.Keyboard, resourceIds=[#0x7f17004e], initialStates=0, keyboardViewDefs=[], persistentStates=0, persistentStatesPrefKey=null, popupBubbleLayoutId=#0x0, recentKeyLayoutId=#0x0, recentKeyPopupLayoutId=#0x0, recentKeyType=null, rememberRecentKey=NONE, sessionStates=0}, type=HEADER, helpersCreated={}, context.getResources().getConfiguration(): {1.0 310mcc260mnc [de_DE] ldltr sw411dp w411dp h914dp 420dpi nrml long compactNeeded port finger qwerty/v/v dpad/v winConfig={ mBounds=Rect(0, 0 - 1080, 2400) mAppBounds=Rect(0, 0 - 1080, 2400) mMaxBounds=Rect(0, 0 - 1080, 2400) mDisplayRotation=ROTATION_0 mWindowingMode=fullscreen mActivityType=undefined mAlwaysOnTop=undefined mRotation=ROTATION_0} as.5 s.55 fontWeightAdjustment=0}
09-14 09:34:41.077  7043  7043 W Keyboard: Keyboard.getKeyboardViewHelper():607 null helper is returned: keyboardDef=oll{processedConditions={}, globalConditions={}, className=com.google.android.libraries.inputmethod.keyboard.impl.Keyboard, resourceIds=[#0x7f17004e], initialStates=0, keyboardViewDefs=[], persistentStates=0, persistentStatesPrefKey=null, popupBubbleLayoutId=#0x0, recentKeyLayoutId=#0x0, recentKeyPopupLayoutId=#0x0, recentKeyType=null, rememberRecentKey=NONE, sessionStates=0}, type=BODY, helpersCreated={}, context.getResources().getConfiguration(): {1.0 310mcc260mnc [de_DE] ldltr sw411dp w411dp h914dp 420dpi nrml long compactNeeded port finger qwerty/v/v dpad/v winConfig={ mBounds=Rect(0, 0 - 1080, 2400) mAppBounds=Rect(0, 0 - 1080, 2400) mMaxBounds=Rect(0, 0 - 1080, 2400) mDisplayRotation=ROTATION_0 mWindowingMode=fullscreen mActivityType=undefined mAlwaysOnTop=undefined mRotation=ROTATION_0} as.5 s.55 fontWeightAdjustment=0}
09-14 09:34:41.077  7043  7043 I GlobeKeyExtension: GlobeKeyExtension.getKeyboardInitialStates():186 
09-14 09:34:41.077  7043  7043 W Keyboard: Keyboard.getKeyboardViewHelper():607 null helper is returned: keyboardDef=oll{processedConditions={}, globalConditions={}, className=com.google.android.libraries.inputmethod.keyboard.impl.Keyboard, resourceIds=[#0x7f17004e], initialStates=0, keyboardViewDefs=[], persistentStates=0, persistentStatesPrefKey=null, popupBubbleLayoutId=#0x0, recentKeyLayoutId=#0x0, recentKeyPopupLayoutId=#0x0, recentKeyType=null, rememberRecentKey=NONE, sessionStates=0}, type=HEADER, helpersCreated={}, context.getResources().getConfiguration(): {1.0 310mcc260mnc [de_DE] ldltr sw411dp w411dp h914dp 420dpi nrml long compactNeeded port finger qwerty/v/v dpad/v winConfig={ mBounds=Rect(0, 0 - 1080, 2400) mAppBounds=Rect(0, 0 - 1080, 2400) mMaxBounds=Rect(0, 0 - 1080, 2400) mDisplayRotation=ROTATION_0 mWindowingMode=fullscreen mActivityType=undefined mAlwaysOnTop=undefined mRotation=ROTATION_0} as.5 s.55 fontWeightAdjustment=0}
09-14 09:34:41.077  7043  7043 W Keyboard: Keyboard.getKeyboardViewHelper():607 null helper is returned: keyboardDef=oll{processedConditions={}, globalConditions={}, className=com.google.android.libraries.inputmethod.keyboard.impl.Keyboard, resourceIds=[#0x7f17004e], initialStates=0, keyboardViewDefs=[], persistentStates=0, persistentStatesPrefKey=null, popupBubbleLayoutId=#0x0, recentKeyLayoutId=#0x0, recentKeyPopupLayoutId=#0x0, recentKeyType=null, rememberRecentKey=NONE, sessionStates=0}, type=BODY, helpersCreated={}, context.getResources().getConfiguration(): {1.0 310mcc260mnc [de_DE] ldltr sw411dp w411dp h914dp 420dpi nrml long compactNeeded port finger qwerty/v/v dpad/v winConfig={ mBounds=Rect(0, 0 - 1080, 2400) mAppBounds=Rect(0, 0 - 1080, 2400) mMaxBounds=Rect(0, 0 - 1080, 2400) mDisplayRotation=ROTATION_0 mWindowingMode=fullscreen mActivityType=undefined mAlwaysOnTop=undefined mRotation=ROTATION_0} as.5 s.55 fontWeightAdjustment=0}
09-14 09:34:41.077  7043  7043 W Keyboard: Keyboard.getKeyboardViewHelper():607 null helper is returned: keyboardDef=oll{processedConditions={}, globalConditions={}, className=com.google.android.libraries.inputmethod.keyboard.impl.Keyboard, resourceIds=[#0x7f17004e], initialStates=0, keyboardViewDefs=[], persistentStates=0, persistentStatesPrefKey=null, popupBubbleLayoutId=#0x0, recentKeyLayoutId=#0x0, recentKeyPopupLayoutId=#0x0, recentKeyType=null, rememberRecentKey=NONE, sessionStates=0}, type=FLOATING_CANDIDATES, helpersCreated={}, context.getResources().getConfiguration(): {1.0 310mcc260mnc [de_DE] ldltr sw411dp w411dp h914dp 420dpi nrml long compactNeeded port finger qwerty/v/v dpad/v winConfig={ mBounds=Rect(0, 0 - 1080, 2400) mAppBounds=Rect(0, 0 - 1080, 2400) mMaxBounds=Rect(0, 0 - 1080, 2400) mDisplayRotation=ROTATION_0 mWindowingMode=fullscreen mActivityType=undefined mAlwaysOnTop=undefined mRotation=ROTATION_0} as.5 s.55 fontWeightAdjustment=0}
09-14 09:34:41.077  7043  7043 W Keyboard: Keyboard.getKeyboardViewHelper():607 null helper is returned: keyboardDef=oll{processedConditions={}, globalConditions={}, className=com.google.android.libraries.inputmethod.keyboard.impl.Keyboard, resourceIds=[#0x7f17004e], initialStates=0, keyboardViewDefs=[], persistentStates=0, persistentStatesPrefKey=null, popupBubbleLayoutId=#0x0, recentKeyLayoutId=#0x0, recentKeyPopupLayoutId=#0x0, recentKeyType=null, rememberRecentKey=NONE, sessionStates=0}, type=WIDGET, helpersCreated={}, context.getResources().getConfiguration(): {1.0 310mcc260mnc [de_DE] ldltr sw411dp w411dp h914dp 420dpi nrml long compactNeeded port finger qwerty/v/v dpad/v winConfig={ mBounds=Rect(0, 0 - 1080, 2400) mAppBounds=Rect(0, 0 - 1080, 2400) mMaxBounds=Rect(0, 0 - 1080, 2400) mDisplayRotation=ROTATION_0 mWindowingMode=fullscreen mActivityType=undefined mAlwaysOnTop=undefined mRotation=ROTATION_0} as.5 s.55 fontWeightAdjustment=0}
09-14 09:34:41.078  7043  7043 I KeyboardManager: KeyboardManager.requestKeyboard():249 Creating keyboard accessory_candidates_consumer, imeId=ime_german, cacheKey=theme,!gsf,!pgsans,!pgsf,!use_system_font,BORDER,FLAVOR_DPI=XXHDPI,IS_LIGHT,KEYBOARD_WIDTH_CATEGORY=NORMAL,KEY_BORDER_SHAPE=1,LIGHT_THEME=true,PHYSICAL_DIAGONAL=5.9809904,POPUP,SCREEN_SHORTEST_WIDTH=411,SCREEN_SHORTEST_WIDTH_NO_SCALE=411,SW400DP,XXHDPI,bottom4dp,enable_popup_on_keypress=true,keyboard_redesign_google_sans=true,non_linear_scale,noshadow,overlay_builtin_dynamic_color_light_base.binarypb:gm3-light-fffaf8fe-ff4c5e8b-4fb1adea13304a190d4abf12326cf60c,silkpopup
09-14 09:34:41.078  7043  7043 I KeyboardDefManager: KeyboardDefManager.requestKeyboardDef():128 requestKeyboardDef(): type=accessory_candidates_consumer, info=olr{defIds=[#0x7f17004d], defIdsCacheKey=[2132213837]}
09-14 09:34:41.078  7043  7043 I KeyboardDefManager: KeyboardDefManager.requestKeyboardDef():195 requestKeyboardDef(): getOrCreate from cache, info=olr{defIds=[#0x7f17004d], defIdsCacheKey=[2132213837]}
09-14 09:34:41.078  7043  7043 I KeyboardDefManager: KeyboardDefManager$Companion$addFutureCallbackForKeyboardDefReceiver$1.onSuccess():425 requestKeyboardDef onSuccess(): info=olr{defIds=[#0x7f17004d], defIdsCacheKey=[2132213837]}
09-14 09:34:41.078  7043  7043 I GlobeKeyExtension: GlobeKeyExtension.getKeyboardInitialStates():186 
09-14 09:34:41.078   516   516 W skia    : AGTM parsing failed flags.readFromStream(s) at 159
09-14 09:34:41.078  7043  7043 W Keyboard: Keyboard.getKeyboardViewHelper():607 null helper is returned: keyboardDef=oll{processedConditions={}, globalConditions={global_theme_key=theme,!gsf,!pgsans,!pgsf,!use_system_font,BORDER,FLAVOR_DPI=XXHDPI,IS_LIGHT,KEYBOARD_WIDTH_CATEGORY=NORMAL,KEY_BORDER_SHAPE=1,LIGHT_THEME=true,PHYSICAL_DIAGONAL=5.9809904,POPUP,SCREEN_SHORTEST_WIDTH=411,SCREEN_SHORTEST_WIDTH_NO_SCALE=411,SW400DP,XXHDPI,bottom4dp,enable_popup_on_keypress=true,keyboard_redesign_google_sans=true,non_linear_scale,noshadow,overlay_builtin_dynamic_color_light_base.binarypb:gm3-light-fffaf8fe-ff4c5e8b-4fb1adea13304a190d4abf12326cf60c,silkpopup, global_locale=de_DE, global_density_dpi=420, global_orientation=1}, className=.latin.keyboard.AccessoryKeyboard, resourceIds=[#0x7f17004d], initialStates=0, keyboardViewDefs=[omd{direction=null, id=#0x7f0b0232, isScalable=false, layoutId=#0x7f0e0030, type=FLOATING_CANDIDATES, touchable=true, defaultShow=false}], persistentStates=0, persistentStatesPrefKey=null, popupBubbleLayoutId=#0x7f0e0617, recentKeyLayoutId=#0x0, recentKeyPopupLayoutId=#0x0, recentKeyType=null, rememberRecentKey=NONE, sessionStates=0}, type=HEADER, helpersCreated={FLOATING_CANDIDATES=nwa@a883fda}, context.getResources().getConfiguration(): {1.0 310mcc260mnc [de_DE] ldltr sw411dp w411dp h914dp 420dpi nrml long compactNeeded port finger qwerty/v/v dpad/v winConfig={ mBounds=Rect(0, 0 - 1080, 2400) mAppBounds=Rect(0, 0 - 1080, 2400) mMaxBounds=Rect(0, 0 - 1080, 2400) mDisplayRotation=ROTATION_0 mWindowingMode=fullscreen mActivityType=undefined mAlwaysOnTop=undefined mRotation=ROTATION_0} as.5 s.55 fontWeightAdjustment=0}
09-14 09:34:41.078  7043  7043 W Keyboard: Keyboard.getKeyboardViewHelper():607 null helper is returned: keyboardDef=oll{processedConditions={}, globalConditions={global_theme_key=theme,!gsf,!pgsans,!pgsf,!use_system_font,BORDER,FLAVOR_DPI=XXHDPI,IS_LIGHT,KEYBOARD_WIDTH_CATEGORY=NORMAL,KEY_BORDER_SHAPE=1,LIGHT_THEME=true,PHYSICAL_DIAGONAL=5.9809904,POPUP,SCREEN_SHORTEST_WIDTH=411,SCREEN_SHORTEST_WIDTH_NO_SCALE=411,SW400DP,XXHDPI,bottom4dp,enable_popup_on_keypress=true,keyboard_redesign_google_sans=true,non_linear_scale,noshadow,overlay_builtin_dynamic_color_light_base.binarypb:gm3-light-fffaf8fe-ff4c5e8b-4fb1adea13304a190d4abf12326cf60c,silkpopup, global_locale=de_DE, global_density_dpi=420, global_orientation=1}, className=.latin.keyboard.AccessoryKeyboard, resourceIds=[#0x7f17004d], initialStates=0, keyboardViewDefs=[omd{direction=null, id=#0x7f0b0232, isScalable=false, layoutId=#0x7f0e0030, type=FLOATING_CANDIDATES, touchable=true, defaultShow=false}], persistentStates=0, persistentStatesPrefKey=null, popupBubbleLayoutId=#0x7f0e0617, recentKeyLayoutId=#0x0, recentKeyPopupLayoutId=#0x0, recentKeyType=null, rememberRecentKey=NONE, sessionStates=0}, type=BODY, helpersCreated={FLOATING_CANDIDATES=nwa@a883fda}, context.getResources().getConfiguration(): {1.0 310mcc260mnc [de_DE] ldltr sw411dp w411dp h914dp 420dpi nrml long compactNeeded port finger qwerty/v/v dpad/v winConfig={ mBounds=Rect(0, 0 - 1080, 2400) mAppBounds=Rect(0, 0 - 1080, 2400) mMaxBounds=Rect(0, 0 - 1080, 2400) mDisplayRotation=ROTATION_0 mWindowingMode=fullscreen mActivityType=undefined mAlwaysOnTop=undefined mRotation=ROTATION_0} as.5 s.55 fontWeightAdjustment=0}
09-14 09:34:41.078  7043  7043 I AndroidIME: InputBundleManager.startInput():372 startInput() with KeyboardTypeAndPayload(keyboardType=accessory, payload=null)
09-14 09:34:41.078  7043  7043 I PkModeUpdater: PkModeUpdater.onActivate():76 onActivate true true
09-14 09:34:41.078  7043  7043 I AccessoryInputModeManager: AccessoryInputModeManager.onModeStarted():353 Accessory input mode started: PK
09-14 09:34:41.078  7043  7043 W ExtensionWrapper: ExtensionWrapper.setAllowUpdateNavigationBarStyle():887 class lcr is not activate
09-14 09:34:41.078  7043  7043 I WidgetViewShowingController: WidgetViewShowingController.showWidgetKeyboardInternal():532 Show companion widget
09-14 09:34:41.078  7043  7043 W StatusViewController: StatusViewController.updateKeyboardView():46 Failed to inflate voice header view [UD]
09-14 09:34:41.079 19082 19082 W RemoteInputConnectionImpl: sendKeyEvent on inactive InputConnection
09-14 09:34:41.079 19082 19082 W RemoteInputConnectionImpl: requestCursorUpdates on inactive InputConnection
09-14 09:34:41.079  7043  7043 W ExtensionWrapper: ExtensionWrapper.setAllowUpdateNavigationBarStyle():887 class lcr is not activate
09-14 09:34:41.079  7043  7043 I WidgetViewShowingPositionHandler: WidgetViewShowingPositionHandler.updateAvailableArea():199 update available area Rect(21, 153 - 1059, 2333)
09-14 09:34:41.079  7043  7043 W SupplementaryKeyboardsWrapper: SupplementaryKeyboardsWrapper.deactivateKeyboard():162 keyboard composing_text_consumer is not activated before!
09-14 09:34:41.080  7043  7043 I GlobeKeyExtension: GlobeKeyExtension.onActivate():130 
09-14 09:34:41.080  7043  7043 I BaseKeyboardSizeHelper: BaseKeyboardSizeHelper.calculateMaxKeyboardBodyHeight():73 leave 281 height for app when ime window height:2205, header height:116 and isFullscreenMode:false, so the max keyboard body height is:1808
09-14 09:34:41.080  7043  7043 I BaseKeyboardSizeHelper: BaseKeyboardSizeHelper.calculateMaxKeyboardBodyHeight():73 leave 281 height for app when ime window height:2205, header height:116 and isFullscreenMode:false, so the max keyboard body height is:1808
09-14 09:34:41.080  7043  7043 I BaseKeyboardSizeHelper: BaseKeyboardSizeHelper.calculateMaxKeyboardBodyHeight():73 leave 281 height for app when ime window height:2205, header height:116 and isFullscreenMode:false, so the max keyboard body height is:1808
09-14 09:34:41.080  7043  7043 W ExtensionWrapper: ExtensionWrapper.setExtensionViewVisibility():878 interface nzx is not activate
09-14 09:34:41.080  7043  7043 I VoiceInputManagerWrapper: VoiceInputManagerWrapper.cancelShutdown():109 cancelShutdown() [RD]
09-14 09:34:41.080  7043  7043 I VoiceInputManagerWrapper: VoiceInputManagerWrapper.syncLanguagePacks():121 syncLanguagePacks() [RD]
09-14 09:34:41.080  7043 15447 I SpeechFactory: SpeechRecognitionFactory.maybeScheduleAutoPackDownloadForFallback():224 maybeScheduleAutoPackDownloadForFallback()
09-14 09:34:41.080  7043  7043 I VoiceInputManager: VoiceInputManager.onKeyboardActivated():1270 onKeyboardActivated() [UD]
09-14 09:34:41.080  7043  7043 I UniversalDictationUiProvider: UniversalDictationUiProvider.onActivate():63 onActivate() [UD]
09-14 09:34:41.080  7043 15447 I FallbackOnDeviceRecognitionProvider: FallbackOnDeviceRecognitionProvider.maybeScheduleAutoPackDownload():213 maybeScheduleAutoPackDownload() for language tag de-DE
09-14 09:34:41.080  7043 15447 I FallbackOnDeviceRecognitionProvider: FallbackOnDeviceRecognitionProvider.maybeScheduleAutoPackDownload():213 maybeScheduleAutoPackDownload() for language tag en-US
09-14 09:34:41.080  7043  7043 W AutoPasteSuggestionHelper: AutoPasteSuggestionHelper.setMaxWidthOfChipTextView():1112 Failed to get the width of the proactive suggestion view holder in HEADER.
09-14 09:34:41.080  7043  7043 W AutoPasteSuggestionHelper: AutoPasteSuggestionHelper.setMaxWidthOfChipTextView():1112 Failed to get the width of the proactive suggestion view holder in HEADER.
09-14 09:34:41.081  7043  7043 W AutoPasteSuggestionHelper: AutoPasteSuggestionHelper.setMaxWidthOfChipTextView():1112 Failed to get the width of the proactive suggestion view holder in WIDGET.
09-14 09:34:41.081  7043  7043 I ProactiveSuggestionsHolderManager: ProactiveSuggestionsHolderManager$displaySuggestionsListener$1.display():238 Requesting to show proactive suggestions: CLIPBOARD PREEMPTIVE_WITH_SUPPRESSION in HEADER
09-14 09:34:41.081  7043  7043 I ProactiveSuggestionsHolderManager: ProactiveSuggestionsHolderManager$displaySuggestionsListener$1.display():259 suggestions CLIPBOARD are pending to show on HEADER
09-14 09:34:41.081  7043  7043 I ProactiveSuggestionsHolderManager: ProactiveSuggestionsHolderManager$displaySuggestionsListener$1.display():238 Requesting to show proactive suggestions: CLIPBOARD PREEMPTIVE_WITH_SUPPRESSION in FLOATING_CANDIDATES
09-14 09:34:41.081  7043  7043 I ProactiveSuggestionsHolderManager: ProactiveSuggestionsHolderManager$displaySuggestionsListener$1.display():259 suggestions CLIPBOARD are pending to show on FLOATING_CANDIDATES
09-14 09:34:41.081  7043  7043 I ProactiveSuggestionsHolderManager: ProactiveSuggestionsHolderManager$displaySuggestionsListener$1.display():238 Requesting to show proactive suggestions: CLIPBOARD PREEMPTIVE_WITH_SUPPRESSION in WIDGET
09-14 09:34:41.081  7043  7043 I ProactiveSuggestionsHolderManager: ProactiveSuggestionsHolderManager$displaySuggestionsListener$1.display():259 suggestions CLIPBOARD are pending to show on WIDGET
09-14 09:34:41.081  7043  7043 I ProactiveSuggestionsHolderManager: ProactiveSuggestionsHolderManager$displaySuggestionsListener$1.display():238 Requesting to show proactive suggestions: CLIPBOARD PREEMPTIVE_WITH_SUPPRESSION in HEADER
09-14 09:34:41.081  7043  7043 I ProactiveSuggestionsHolderManager: ProactiveSuggestionsHolderManager$displaySuggestionsListener$1.display():259 suggestions CLIPBOARD are pending to show on HEADER
09-14 09:34:41.081  7043  7043 I ProactiveSuggestionsHolderManager: ProactiveSuggestionsHolderManager$displaySuggestionsListener$1.display():238 Requesting to show proactive suggestions: CLIPBOARD PREEMPTIVE_WITH_SUPPRESSION in FLOATING_CANDIDATES
09-14 09:34:41.081  7043  7043 I ProactiveSuggestionsHolderManager: ProactiveSuggestionsHolderManager$displaySuggestionsListener$1.display():259 suggestions CLIPBOARD are pending to show on FLOATING_CANDIDATES
09-14 09:34:41.081  7043  7043 I ProactiveSuggestionsHolderManager: ProactiveSuggestionsHolderManager$displaySuggestionsListener$1.display():238 Requesting to show proactive suggestions: CLIPBOARD PREEMPTIVE_WITH_SUPPRESSION in WIDGET
09-14 09:34:41.081  7043  7043 I ProactiveSuggestionsHolderManager: ProactiveSuggestionsHolderManager$displaySuggestionsListener$1.display():259 suggestions CLIPBOARD are pending to show on WIDGET
09-14 09:34:41.082  7043  7043 I Module  : DeviceLockedStatusModuleProvider$Module.updateDeviceLockedStatusInternal():127 repeatCheckTimes = 1, locked = false
09-14 09:34:41.082  7043  7043 I ContactNoticeModule: ContactNoticeModule.shouldPostContactPermissionNotice():147 Not post contact permission notice: not exceed waiting period since installation.
09-14 09:34:41.082  7043  7043 I VoiceImeUtils: VoiceImeUtils.shouldStartVoiceInputAutomaticallyInCurrentInputBox():157 No private IME option set to start voice input. [RD]
09-14 09:34:41.082  7043 19029 I SystemHapticSettings: SystemHapticSettings.updateSystemVibrationState():63 update vibration state: true
09-14 09:34:41.082  7043  7068 I CrossProfileSharedPreferences: CrossProfileSharedPreferences.maybeRunSyncTaskAfterFullSyncComplete():218 Full sync is not complete when incremental sync is called, trigger full sync
09-14 09:34:41.082  7043  7043 I StylusModule: StylusModule.onUpdateToolType():774 Update tool type = 0
09-14 09:34:41.082  7043 19118 I CrossProfileSharedPreferences: CrossProfileSharedPreferences.syncAllAllowedPreferencesInternal():276 Cannot make cross profile calls to full sync preferences
09-14 09:34:41.082   661  2238 D ImeInsetsSourceProvider: showImePostLayout cancelled, serverVisible: true, frozen: false, mWin is: non-null, isDrawn: true, mGivenInsetsPending: false, imeLayeringTarget: Window{baac40 u0 com.highfly.logbook/com.highfly.logbook.MainActivity}, controlTarget: Window{baac40 u0 com.highfly.logbook/com.highfly.logbook.MainActivity}
09-14 09:34:41.082   661  2238 D ImeInsetsSourceProvider: controlTarget == DisplayContent.imeControlTarget: true, hasPendingControls: false, leash is: non-null
09-14 09:34:41.082   661  2238 I ImeTracker: com.highfly.logbook:8fb32cf2: onCancelled at PHASE_SERVER_ABORT_SHOW_IME_POST_LAYOUT
09-14 09:34:41.083  7043  7043 W TextView: onProvideContentCaptureStructure(): calling assumeLayout()
09-14 09:34:41.083  7043  7043 W InputContextProxy: InputContextProxy.applyClientDiffInternal():917 Ignore [FetchSuggestions] diff due to stale request: 1186<1190, inputStateId=970, lastInputStateId=971
09-14 09:34:41.090  7043  7043 I GoogleInputMethodService: GoogleInputMethodService$1.onKeyboardViewShown():344 onKeyboardViewShown: keyboardType=accessory, keyboardViewType=HEADER keyboardView=null
09-14 09:34:41.090  7043  7043 W Keyboard: Keyboard.getKeyboardViewHelper():607 null helper is returned: keyboardDef=oll{processedConditions={}, globalConditions={}, className=com.google.android.libraries.inputmethod.keyboard.impl.Keyboard, resourceIds=[#0x7f17004e], initialStates=0, keyboardViewDefs=[], persistentStates=0, persistentStatesPrefKey=null, popupBubbleLayoutId=#0x0, recentKeyLayoutId=#0x0, recentKeyPopupLayoutId=#0x0, recentKeyType=null, rememberRecentKey=NONE, sessionStates=0}, type=BODY, helpersCreated={}, context.getResources().getConfiguration(): {1.0 310mcc260mnc [de_DE] ldltr sw411dp w411dp h914dp 420dpi nrml long compactNeeded port finger qwerty/v/v dpad/v winConfig={ mBounds=Rect(0, 0 - 1080, 2400) mAppBounds=Rect(0, 0 - 1080, 2400) mMaxBounds=Rect(0, 0 - 1080, 2400) mDisplayRotation=ROTATION_0 mWindowingMode=fullscreen mActivityType=undefined mAlwaysOnTop=undefined mRotation=ROTATION_0} as.5 s.55 fontWeightAdjustment=0}
09-14 09:34:41.090  7043  7043 I GoogleInputMethodService: GoogleInputMethodService$1.onKeyboardViewShown():344 onKeyboardViewShown: keyboardType=accessory, keyboardViewType=BODY keyboardView=null
09-14 09:34:41.090  7043  7043 W Keyboard: Keyboard.getKeyboardViewHelper():607 null helper is returned: keyboardDef=oll{processedConditions={}, globalConditions={}, className=com.google.android.libraries.inputmethod.keyboard.impl.Keyboard, resourceIds=[#0x7f17004e], initialStates=0, keyboardViewDefs=[], persistentStates=0, persistentStatesPrefKey=null, popupBubbleLayoutId=#0x0, recentKeyLayoutId=#0x0, recentKeyPopupLayoutId=#0x0, recentKeyType=null, rememberRecentKey=NONE, sessionStates=0}, type=BODY, helpersCreated={}, context.getResources().getConfiguration(): {1.0 310mcc260mnc [de_DE] ldltr sw411dp w411dp h914dp 420dpi nrml long compactNeeded port finger qwerty/v/v dpad/v winConfig={ mBounds=Rect(0, 0 - 1080, 2400) mAppBounds=Rect(0, 0 - 1080, 2400) mMaxBounds=Rect(0, 0 - 1080, 2400) mDisplayRotation=ROTATION_0 mWindowingMode=fullscreen mActivityType=undefined mAlwaysOnTop=undefined mRotation=ROTATION_0} as.5 s.55 fontWeightAdjustment=0}
09-14 09:34:41.094   516   516 W skia    : AGTM parsing failed flags.readFromStream(s) at 159
09-14 09:34:41.094   516   516 W skia    : AGTM parsing failed flags.readFromStream(s) at 159
09-14 09:34:41.095  7043  7043 I DynamicLanguageSetterModule: DynamicLanguageSetterModule.createTemporaryEnableTask():503 Enable temporary entries: [de], and current entry: null
09-14 09:34:41.095  7043  7043 I InputMethodEntryManager: InputMethodEntryManager.enableLanguagesAndChangeCurrentTemporarily():1922 enabledLanguages: [de-Latn-DE], specifiedCurrentLanguage null
09-14 09:34:41.095  7043  7043 I InputMethodEntryManager: InputMethodEntryManager.enableInputMethodEntriesTemporarily():2148 temporarilyEnabledEntryTuples [LanguageTagVariantTuple{languageTag=de-DE, variant=qwerty}]
09-14 09:34:41.095  7043  7043 I GlobeKeyExtension: GlobeKeyExtension.updateKeyboardState():141 
09-14 09:34:41.095  7043  7043 I GlobeKeyExtension: GlobeKeyExtension.getKeyboardInitialStates():186 
09-14 09:34:41.095  7043  7043 I GlobeKeyExtension: GlobeKeyExtension.updateKeyboardState():144 Changing states 0x10400000000->0x10400000000 (enabled:, disabled:, now:EMOJI_AVAILABLE,EMOTICON_AVAILABLE)
09-14 09:34:41.095  7043  7043 I InputMethodEntryManager: InputMethodEntryManager.enableLanguagesAndChangeCurrentTemporarily():1958 Update temporary current entry(de-DE, qwerty)
09-14 09:34:41.095  7043  7071 I SP      : Registering emoticon_content_description.2022081613, url: https://www.gstatic.com/android/keyboard/emoticon_content_desc/202208161305/superpacks_manifest.json, constraints: W:*:*:*, flags: bg, requested: 2022081613, current: 2022081613
09-14 09:34:41.095  7043  7071 I SuperpacksManagerImpl: SuperpacksManagerImpl$3$1.onSuccess():552 emoticon_content_description.registerManifest() succeeded
09-14 09:34:41.096  7043 19031 I PerLanguageDataDownloader: PerLanguageDataDownloader.downloadDataInternal():168 downloading Data for en
09-14 09:34:41.096  7043 19031 I ManifestedDataDownloader: ManifestedDataDownloader.download():67 downloading manifest https://www.gstatic.com/android/keyboard/modelpack/proactiveek/embedding_gemma/2025120304/en_manifest.json
09-14 09:34:41.096  7043  7071 I SP      : Syncing emoticon_content_description (2022081613) with slices: [7a635888cb828dfa2fc744b7b9b50f04, 1c661f5c7fb2b8a396a302d79ea74d30], metadata: false
09-14 09:34:41.096  7043  7098 I DownloadManager: DownloadManager.completeDownload():434 Download for __PEKB_manifest_pek_blocklist__en scheduled with params oim[allowMetered=true, requireCharging=false, foreground=false, immediately=true, priority=0]
09-14 09:34:41.096  7043  7098 I DownloadManager: DownloadManager.startDownload():518 start download of __PEKB_manifest_pek_blocklist__en
09-14 09:34:41.096  7043  7098 I DownloadManager: DownloadManager$4.onSuccess():587 download for __PEKB_manifest_pek_blocklist__en is finished with files # rtx@1080a069
09-14 09:34:41.096  7043 19031 I ManifestedDataDownloader: ManifestedDataDownloader.checkVersionAndDownload():98 filegroup __PEKB_pek_blocklist__en with version 2025120304 is already downloaded
09-14 09:34:41.097  7043 19031 I PerLanguageDataDownloader: PerLanguageDataDownloader$2.onSuccess():188 Data en downloaded with version 2025120304
09-14 09:34:41.110  7043  7071 I SP      : Sync for emoticon_content_description succeeded in 14 ms: no changes
09-14 09:34:41.110  7043  7071 I SP      : GC for 'emoticon_content_description' (10) with ttl of 0 ms took 0 ms (0/0/0)
09-14 09:34:41.110  7043  7071 I SuperpacksManagerImpl: SuperpacksManagerImpl$19.onSyncSuccess():947 emoticon_content_description.sync() succeeded
09-14 09:34:41.111   516   516 W skia    : AGTM parsing failed flags.readFromStream(s) at 159
09-14 09:34:41.111   516   516 W skia    : AGTM parsing failed flags.readFromStream(s) at 159
09-14 09:34:41.111   516   516 W skia    : AGTM parsing failed flags.readFromStream(s) at 159
09-14 09:34:41.111   516   516 W skia    : AGTM parsing failed flags.readFromStream(s) at 159
09-14 09:34:41.111   516   516 W skia    : AGTM parsing failed flags.readFromStream(s) at 159
09-14 09:34:41.111   516   516 W skia    : AGTM parsing failed flags.readFromStream(s) at 159
09-14 09:34:41.111   516   516 W skia    : AGTM parsing failed flags.readFromStream(s) at 159
09-14 09:34:41.128   516   516 W skia    : AGTM parsing failed flags.readFromStream(s) at 159
09-14 09:34:41.130   516   547 W skia    : AGTM parsing failed flags.readFromStream(s) at 159
09-14 09:34:41.130   516   547 W skia    : AGTM parsing failed flags.readFromStream(s) at 159
09-14 09:34:41.144   516   516 W skia    : AGTM parsing failed flags.readFromStream(s) at 159
09-14 09:34:41.161   516   516 W skia    : AGTM parsing failed flags.readFromStream(s) at 159
09-14 09:34:41.178   516   516 W skia    : AGTM parsing failed flags.readFromStream(s) at 159
09-14 09:34:41.194   516   516 W skia    : AGTM parsing failed flags.readFromStream(s) at 159
09-14 09:34:41.217   462  1842 D android.hardware.audio@7.1-impl.ranchu: threadLoop: entering standby, frames: 76218752
09-14 09:34:41.217   462  1842 D android.hardware.audio@7.1-impl.ranchu: ~TinyalsaSink: joining consumeThread
09-14 09:34:41.217   462 19131 D android.hardware.audio@7.1-impl.ranchu: consumeThread: exiting
09-14 09:34:41.230   516   547 W skia    : AGTM parsing failed flags.readFromStream(s) at 159
09-14 09:34:41.230   516   547 W skia    : AGTM parsing failed flags.readFromStream(s) at 159
09-14 09:34:41.277  7043  7043 W TooltipLifecycleManager: TooltipLifecycleManager.dismissTooltips():153 Tooltip with id spell_check_add_to_dictionary not found in tooltipManager.
09-14 09:34:41.594   516   516 W skia    : AGTM parsing failed flags.readFromStream(s) at 159
09-14 09:34:41.595   516   547 W skia    : AGTM parsing failed flags.readFromStream(s) at 159
09-14 09:34:41.595   516   547 W skia    : AGTM parsing failed flags.readFromStream(s) at 159
09-14 09:34:41.655 11228 11228 I HidDeviceService: unregisterAppUid(): uid=10105
09-14 09:34:41.655 11228 11228 W HidDeviceService: unregisterAppUid(): caller UID doesn't match user UID
09-14 09:34:42.031  7043  7043 I Delight5Decoder: Delight5DecoderWrapper.setKeyboardLayout():553 setKeyboardLayout()
09-14 09:34:42.033  7043  7386 I Delight5: JniUtil.loadLibrary():30 loadLibrary(): nativeLibraryLoaded=true
09-14 09:34:42.033  7043  7386 I AndroidSpellCheckerService: AndroidSpellCheckerService.createSession():138 com.google.android.keyboard.client.delight5.LanguageIdentifier@be06a5c is created
09-14 09:34:42.061   516   516 W skia    : AGTM parsing failed flags.readFromStream(s) at 159
09-14 09:34:42.062   516   547 W skia    : AGTM parsing failed flags.readFromStream(s) at 159
09-14 09:34:42.062   516   547 W skia    : AGTM parsing failed flags.readFromStream(s) at 159
09-14 09:34:42.361   516   516 W skia    : AGTM parsing failed flags.readFromStream(s) at 159
09-14 09:34:42.362   516   547 W skia    : AGTM parsing failed flags.readFromStream(s) at 159
09-14 09:34:42.362   516   547 W skia    : AGTM parsing failed flags.readFromStream(s) at 159
09-14 09:34:42.525  7388  7388 D BoundBrokerSvc: onUnbind: Intent { act=com.google.android.gms.common.telemetry.service.START dat=chimera-action:/... xflg=0x4 cmp=com.google.android.gms/.chimera.PersistentApiService }
09-14 09:34:42.828   516   516 W skia    : AGTM parsing failed flags.readFromStream(s) at 159
09-14 09:34:42.829   661   780 I ImeTracker: com.highfly.logbook:a8a97ae4: onRequestShow at ORIGIN_SERVER reason ATTACH_NEW_INPUT fromUser false userId 0 displayId 0
09-14 09:34:42.829   516   547 W skia    : AGTM parsing failed flags.readFromStream(s) at 159
09-14 09:34:42.829   516   547 W skia    : AGTM parsing failed flags.readFromStream(s) at 159
09-14 09:34:42.829  7043  7043 I GoogleInputMethodService: GoogleInputMethodService.onFinishInputView():1671 onFinishInputView(true)
09-14 09:34:42.829  7043  7043 W ExtensionWrapper: ExtensionWrapper.setAllowUpdateNavigationBarStyle():887 class lcr is not activate
09-14 09:34:42.829  7043  7043 I CrossProfileSharedPreferences: CrossProfileSharedPreferences.maybeRunSyncTaskAfterFullSyncComplete():218 Full sync is not complete when incremental sync is called, trigger full sync
09-14 09:34:42.829  7043  7043 I CrossProfileSharedPreferences: CrossProfileSharedPreferences.maybeRunSyncTaskAfterFullSyncComplete():218 Full sync is not complete when incremental sync is called, trigger full sync
09-14 09:34:42.829  7043  7043 I KeyboardViewController: KeyboardViewController.hide():988 Requesting to hide sub view with id 2131436959 #0x7f0b259f which doesn't exist in current keyboard view
09-14 09:34:42.829   661   780 W InputChannel-JNI: Channel already disposed.
09-14 09:34:42.830  7043  7043 W ExtensionWrapper: ExtensionWrapper.setAllowUpdateNavigationBarStyle():887 class lcr is not activate
09-14 09:34:42.830  7043  7043 W SupplementaryKeyboardsWrapper: SupplementaryKeyboardsWrapper.deactivateKeyboard():162 keyboard composing_text_consumer is not activated before!
09-14 09:34:42.830  7043  7043 I GlobeKeyExtension: GlobeKeyExtension.onDeactivate():154 
09-14 09:34:42.830  7043 19030 I CrossProfileSharedPreferences: CrossProfileSharedPreferences.syncAllAllowedPreferencesInternal():276 Cannot make cross profile calls to full sync preferences
09-14 09:34:42.830  7043  7043 W TooltipLifecycleManager: TooltipLifecycleManager.dismissTooltips():153 Tooltip with id spell_check_add_to_dictionary not found in tooltipManager.
09-14 09:34:42.830  7043  7043 I VoiceInputManagerWrapper: VoiceInputManagerWrapper.shutdown():135 shutdown() : SHUTDOWN_UNIVERSAL_EXTENSION_ON_DEACTIVATE [RD]
09-14 09:34:42.830  7043  7043 I UniversalDictationUiProvider: UniversalDictationUiProvider.onDeactivate():69 onDeactivate() [UD]
09-14 09:34:42.830  7043 19030 I CrossProfileSharedPreferences: CrossProfileSharedPreferences.syncAllAllowedPreferencesInternal():276 Cannot make cross profile calls to full sync preferences
09-14 09:34:42.830  7043  7043 I InputBundle: InputBundle.consumeEvent():1056 Skip consuming an event as keyboard status is INACTIVE
09-14 09:34:42.830  7043  7043 I AndroidIME: AbstractIme.onDeactivate():213 LatinIme.onDeactivate()
09-14 09:34:42.830  7043  7068 W ModuleManager: ModuleManager.loadModule():634 Module qip is not available
09-14 09:34:42.830  7043  7068 I NebulaeTrainingCacheMetricsProcessor: NebulaeTrainingCacheMetricsProcessor.processEndSession():608 End training cache session: com.highfly.logbook_2131230919/
09-14 09:34:42.830  7043  7043 I PrimesLoggerHolder: FrameMetricServiceImpl.stopAsFuture():213 Measurement not found: OnConfigurationChanged
09-14 09:34:42.831  7043  7043 I GoogleInputMethodService: GoogleInputMethodService.onFinishInput():2269 
09-14 09:34:42.831  7043  7043 I Module  : DeviceLockedStatusModuleProvider$Module.updateDeviceLockedStatusInternal():127 repeatCheckTimes = 0, locked = false
09-14 09:34:42.831 19082 19082 W RemoteInputConnectionImpl: requestCursorUpdates on inactive InputConnection
09-14 09:34:42.831  7043  7043 I GoogleInputMethodService: GoogleInputMethodService.onStartInput():1454 onStartInput(EditorInfo{EditorInfo{packageName=com.highfly.logbook, inputType=200001, inputTypeString=Normal[], enableLearning=true, autoCorrection=true, autoComplete=true, imeOptions=8000005, privateImeOptions=null, actionName=NEXT, actionLabel=null, initialSelStart=2, initialSelEnd=2, initialCapsMode=0, label=null, fieldId=2131230940, fieldName=null, extras=Bundle[mParcelledData.dataSize=404], hintText=non-empty, hintLocales=[]}}, false)
09-14 09:34:42.831  7043  7043 I AndroidIME: LatinIMEBase.updateInputViewCoverNavigation():321 Update input view padding, isNavbarOverInputWindow=true, bottom inset=63
09-14 09:34:42.831  7043  7043 I Module  : DeviceLockedStatusModuleProvider$Module.updateDeviceLockedStatusInternal():127 repeatCheckTimes = 1, locked = false
09-14 09:34:42.831  7043  7068 I OnDeviceWmrCalculator: OnDeviceWmrCalculator.calculateWmr():94 WMR: 0.0000 (0 / 1)
09-14 09:34:42.831  7043  7043 I GoogleInputMethodService: GoogleInputMethodService.onStartInputView():1540 onStartInputView(EditorInfo{EditorInfo{packageName=com.highfly.logbook, inputType=200001, inputTypeString=Normal[], enableLearning=true, autoCorrection=true, autoComplete=true, imeOptions=8000005, privateImeOptions=null, actionName=NEXT, actionLabel=null, initialSelStart=2, initialSelEnd=2, initialCapsMode=0, label=null, fieldId=2131230940, fieldName=null, extras=Bundle[{android.support.text.emoji.emojiCompat_metadataVersion=11, androidx.core.view.inputmethod.EditorInfoCompat.STYLUS_HANDWRITING_ENABLED=true, android.support.text.emoji.emojiCompat_replaceAll=false}], hintText=non-empty, hintLocales=[]}}, false)
09-14 09:34:42.831  7043  7043 I KeyboardHeightUtil: KeyboardHeightUtil.getOemKeyboardHeightRatio():81 systemKeyboardHeightRatio:1.000000.
09-14 09:34:42.831  7043  7068 I CrossProfileSharedPreferences: CrossProfileSharedPreferences.maybeRunSyncTaskAfterFullSyncComplete():218 Full sync is not complete when incremental sync is called, trigger full sync
09-14 09:34:42.831  7043  7043 I AndroidIME: InputBundleManager.startInput():357 startInput2 restarting=false
09-14 09:34:42.831  7043  7043 I AndroidIME: InputBundleManager.loadActiveInputBundleId():542 loadActiveInputBundleId: de, ime_german
09-14 09:34:42.831  7043  7043 I InputBundle: InputBundle.activateIme():598 activateIme: INACTIVE, keyboardType=accessory
09-14 09:34:42.831  7043  7043 I AndroidIME: AbstractIme.onActivate():95 LatinIme.onActivate() : EditorInfo = EditorInfo{packageName=com.highfly.logbook, inputType=200001, inputTypeString=Normal[], enableLearning=true, autoCorrection=true, autoComplete=true, imeOptions=8000005, privateImeOptions=null, actionName=NEXT, actionLabel=null, initialSelStart=2, initialSelEnd=2, initialCapsMode=0, label=null, fieldId=2131230940, fieldName=null, extras=Bundle[{android.support.text.emoji.emojiCompat_metadataVersion=11, androidx.core.view.inputmethod.EditorInfoCompat.STYLUS_HANDWRITING_ENABLED=true, android.support.text.emoji.emojiCompat_replaceAll=false}], hintText=non-empty, hintLocales=[]}, IncognitoMode = false, DeviceLocked = false
09-14 09:34:42.831  7043 19029 I CrossProfileSharedPreferences: CrossProfileSharedPreferences.syncAllAllowedPreferencesInternal():276 Cannot make cross profile calls to full sync preferences
09-14 09:34:42.831  7043  7043 I InputBundle: InputBundle.consumeEvent():1056 Skip consuming an event as keyboard status is INACTIVE
09-14 09:34:42.831  7043  7068 W ModuleManager: ModuleManager.loadModule():634 Module qip is not available
09-14 09:34:42.831  7043  7043 I Delight5Facilitator: Delight5Facilitator.initializeForIme():745 initializeForIme() : Locale = [de, en_US], layout = qwerty
09-14 09:34:42.831  7043  7068 I NebulaeTrainingCacheMetricsProcessor: NebulaeTrainingCacheMetricsProcessor.processBeginSession():253 Begin training cache session: com.highfly.logbook_2131230919/
09-14 09:34:42.832  7043  7043 I LatinIme: LatinIme.updateEnableInlineSuggestionsOnDecoderSideFlags():1279 inline flag updated to:false
09-14 09:34:42.832  7043  7043 I LatinIme: LatinIme.updateEnableInlineSuggestionsOnDecoderSideFlags():1279 inline flag updated to:false
09-14 09:34:42.832  7043  7043 I InputBundle: InputBundle.consumeEvent():1056 Skip consuming an event as keyboard status is INACTIVE
09-14 09:34:42.832  7043  7043 I LatinIme: LatinIme.resetInputContext():2287 resetInputContext(): reason=1, externalEditsInfo=ExternalEditsInfo{action=0, offset=-1, text=null, originalText=null, edits=null}
09-14 09:34:42.832  7043  7043 I InputBundle: InputBundle.consumeEvent():1056 Skip consuming an event as keyboard status is INACTIVE
09-14 09:34:42.832  7043  7043 I InputBundle: InputBundle.activateKeyboard():653 activateKeyboard: ACTIVE, type=KeyboardTypeAndPayload(keyboardType=accessory, payload=null)
09-14 09:34:42.832  7043  7043 I KeyboardWrapper: KeyboardWrapper.activateKeyboard():592 activateKeyboard(): type=accessory, status=INACTIVE, imeDef=ImeDef{stringId=ime_german, language=de, languageTag=de, processedConditions={enable_pk_simulator=false, enable_number_row=false, true=true, device=phone, writing_helper_enable_by_word_revert=false}, className=com.google.android.apps.inputmethod.libs.latin5.LatinIme, label=0, keyEventInterpreter=null, inlineComposing=true, autoCapital=true, announceAutoSelectedCandidate=true, statusIcon=0, indicatorIcon=0, indicatorLabel=null, displayAppCompletions=true, extraValues=okj{#0x7f0b02ef=TypedValue{t=0x3/d=0x0 "com.google.android.apps.inputmethod.libs.latin5.LatinIme"}}, processors=com.google.android.libraries.inputmethod.metadata.ProcessorsDef@87e60b6, unacceptableMetaKeys=4098, languageSpecificSettings=0, asciiCapable=true, alwaysShowSuggestions=false, useAsciiPasswordKeyboard=false, keyboardGroupDef=KeyboardGroupDef(variant=qwerty, variantLabel=0, pkLanguageTag=, pkLayoutType=, dynamicLayout=null, layoutSpecificSettings=[], layoutSpecificTheme=0, order=0, supportsSplitMode=true, supportsOneHandedMode=true, isVariantNameMandatory=false, keyboardDefInfos={prime=KeyboardDefInfo(kbType=prime, initialStates=0, keyboardDefs=[2132215273, 2132215953], extraValues=okj{}), digit=KeyboardDefInfo(kbType=digit, initialStates=0, keyboardDefs=[2132215914], extraValues=okj{}), symbol=KeyboardDefInfo(kbType=symbol, initialStates=0, keyboardDefs=[2132216099], extraValues=okj{})}, overrideKeyboardXmlConditions=com.google.android.libraries.inputmethod.metadata.OverrideKeyboardXmlConditionsDef@2aaee85), phenotypeFlagId=0, localizationLanguageTag=null, supportsInlineSuggestion=true}
09-14 09:34:42.832  7043  7043 I KeyboardManager: KeyboardManager.requestKeyboard():249 Creating keyboard accessory, imeId=ime_german, cacheKey=theme,!gsf,!pgsans,!pgsf,!use_system_font,BORDER,FLAVOR_DPI=XXHDPI,IS_LIGHT,KEYBOARD_WIDTH_CATEGORY=NORMAL,KEY_BORDER_SHAPE=1,LIGHT_THEME=true,PHYSICAL_DIAGONAL=5.9809904,POPUP,SCREEN_SHORTEST_WIDTH=411,SCREEN_SHORTEST_WIDTH_NO_SCALE=411,SW400DP,XXHDPI,bottom4dp,enable_popup_on_keypress=true,keyboard_redesign_google_sans=true,non_linear_scale,noshadow,overlay_builtin_dynamic_color_light_base.binarypb:gm3-light-fffaf8fe-ff4c5e8b-4fb1adea13304a190d4abf12326cf60c,silkpopup
09-14 09:34:42.832  7043  7043 I KeyboardWrapper: KeyboardWrapper.onKeyboardReady():226 onKeyboardReady(): type=accessory(accessory), kb=com.google.android.libraries.inputmethod.keyboard.impl.Keyboard@67ced51
09-14 09:34:42.832  7043  7043 I KeyboardWrapper: KeyboardWrapper.doActivateKeyboard():624 doActivateKeyboard(): accessory
09-14 09:34:42.832  7043  7043 W Keyboard: Keyboard.getKeyboardViewHelper():607 null helper is returned: keyboardDef=oll{processedConditions={}, globalConditions={}, className=com.google.android.libraries.inputmethod.keyboard.impl.Keyboard, resourceIds=[#0x7f17004e], initialStates=0, keyboardViewDefs=[], persistentStates=0, persistentStatesPrefKey=null, popupBubbleLayoutId=#0x0, recentKeyLayoutId=#0x0, recentKeyPopupLayoutId=#0x0, recentKeyType=null, rememberRecentKey=NONE, sessionStates=0}, type=HEADER, helpersCreated={}, context.getResources().getConfiguration(): {1.0 310mcc260mnc [de_DE] ldltr sw411dp w411dp h914dp 420dpi nrml long compactNeeded port finger qwerty/v/v dpad/v winConfig={ mBounds=Rect(0, 0 - 1080, 2400) mAppBounds=Rect(0, 0 - 1080, 2400) mMaxBounds=Rect(0, 0 - 1080, 2400) mDisplayRotation=ROTATION_0 mWindowingMode=fullscreen mActivityType=undefined mAlwaysOnTop=undefined mRotation=ROTATION_0} as.5 s.55 fontWeightAdjustment=0}
09-14 09:34:42.833  7043  7043 W Keyboard: Keyboard.getKeyboardViewHelper():607 null helper is returned: keyboardDef=oll{processedConditions={}, globalConditions={}, className=com.google.android.libraries.inputmethod.keyboard.impl.Keyboard, resourceIds=[#0x7f17004e], initialStates=0, keyboardViewDefs=[], persistentStates=0, persistentStatesPrefKey=null, popupBubbleLayoutId=#0x0, recentKeyLayoutId=#0x0, recentKeyPopupLayoutId=#0x0, recentKeyType=null, rememberRecentKey=NONE, sessionStates=0}, type=BODY, helpersCreated={}, context.getResources().getConfiguration(): {1.0 310mcc260mnc [de_DE] ldltr sw411dp w411dp h914dp 420dpi nrml long compactNeeded port finger qwerty/v/v dpad/v winConfig={ mBounds=Rect(0, 0 - 1080, 2400) mAppBounds=Rect(0, 0 - 1080, 2400) mMaxBounds=Rect(0, 0 - 1080, 2400) mDisplayRotation=ROTATION_0 mWindowingMode=fullscreen mActivityType=undefined mAlwaysOnTop=undefined mRotation=ROTATION_0} as.5 s.55 fontWeightAdjustment=0}
09-14 09:34:42.833  7043  7043 I GlobeKeyExtension: GlobeKeyExtension.getKeyboardInitialStates():186 
09-14 09:34:42.833  7043  7043 W Keyboard: Keyboard.getKeyboardViewHelper():607 null helper is returned: keyboardDef=oll{processedConditions={}, globalConditions={}, className=com.google.android.libraries.inputmethod.keyboard.impl.Keyboard, resourceIds=[#0x7f17004e], initialStates=0, keyboardViewDefs=[], persistentStates=0, persistentStatesPrefKey=null, popupBubbleLayoutId=#0x0, recentKeyLayoutId=#0x0, recentKeyPopupLayoutId=#0x0, recentKeyType=null, rememberRecentKey=NONE, sessionStates=0}, type=HEADER, helpersCreated={}, context.getResources().getConfiguration(): {1.0 310mcc260mnc [de_DE] ldltr sw411dp w411dp h914dp 420dpi nrml long compactNeeded port finger qwerty/v/v dpad/v winConfig={ mBounds=Rect(0, 0 - 1080, 2400) mAppBounds=Rect(0, 0 - 1080, 2400) mMaxBounds=Rect(0, 0 - 1080, 2400) mDisplayRotation=ROTATION_0 mWindowingMode=fullscreen mActivityType=undefined mAlwaysOnTop=undefined mRotation=ROTATION_0} as.5 s.55 fontWeightAdjustment=0}
09-14 09:34:42.833  7043  7043 W Keyboard: Keyboard.getKeyboardViewHelper():607 null helper is returned: keyboardDef=oll{processedConditions={}, globalConditions={}, className=com.google.android.libraries.inputmethod.keyboard.impl.Keyboard, resourceIds=[#0x7f17004e], initialStates=0, keyboardViewDefs=[], persistentStates=0, persistentStatesPrefKey=null, popupBubbleLayoutId=#0x0, recentKeyLayoutId=#0x0, recentKeyPopupLayoutId=#0x0, recentKeyType=null, rememberRecentKey=NONE, sessionStates=0}, type=BODY, helpersCreated={}, context.getResources().getConfiguration(): {1.0 310mcc260mnc [de_DE] ldltr sw411dp w411dp h914dp 420dpi nrml long compactNeeded port finger qwerty/v/v dpad/v winConfig={ mBounds=Rect(0, 0 - 1080, 2400) mAppBounds=Rect(0, 0 - 1080, 2400) mMaxBounds=Rect(0, 0 - 1080, 2400) mDisplayRotation=ROTATION_0 mWindowingMode=fullscreen mActivityType=undefined mAlwaysOnTop=undefined mRotation=ROTATION_0} as.5 s.55 fontWeightAdjustment=0}
09-14 09:34:42.833  7043  7043 W Keyboard: Keyboard.getKeyboardViewHelper():607 null helper is returned: keyboardDef=oll{processedConditions={}, globalConditions={}, className=com.google.android.libraries.inputmethod.keyboard.impl.Keyboard, resourceIds=[#0x7f17004e], initialStates=0, keyboardViewDefs=[], persistentStates=0, persistentStatesPrefKey=null, popupBubbleLayoutId=#0x0, recentKeyLayoutId=#0x0, recentKeyPopupLayoutId=#0x0, recentKeyType=null, rememberRecentKey=NONE, sessionStates=0}, type=FLOATING_CANDIDATES, helpersCreated={}, context.getResources().getConfiguration(): {1.0 310mcc260mnc [de_DE] ldltr sw411dp w411dp h914dp 420dpi nrml long compactNeeded port finger qwerty/v/v dpad/v winConfig={ mBounds=Rect(0, 0 - 1080, 2400) mAppBounds=Rect(0, 0 - 1080, 2400) mMaxBounds=Rect(0, 0 - 1080, 2400) mDisplayRotation=ROTATION_0 mWindowingMode=fullscreen mActivityType=undefined mAlwaysOnTop=undefined mRotation=ROTATION_0} as.5 s.55 fontWeightAdjustment=0}
09-14 09:34:42.833  7043  7043 W Keyboard: Keyboard.getKeyboardViewHelper():607 null helper is returned: keyboardDef=oll{processedConditions={}, globalConditions={}, className=com.google.android.libraries.inputmethod.keyboard.impl.Keyboard, resourceIds=[#0x7f17004e], initialStates=0, keyboardViewDefs=[], persistentStates=0, persistentStatesPrefKey=null, popupBubbleLayoutId=#0x0, recentKeyLayoutId=#0x0, recentKeyPopupLayoutId=#0x0, recentKeyType=null, rememberRecentKey=NONE, sessionStates=0}, type=WIDGET, helpersCreated={}, context.getResources().getConfiguration(): {1.0 310mcc260mnc [de_DE] ldltr sw411dp w411dp h914dp 420dpi nrml long compactNeeded port finger qwerty/v/v dpad/v winConfig={ mBounds=Rect(0, 0 - 1080, 2400) mAppBounds=Rect(0, 0 - 1080, 2400) mMaxBounds=Rect(0, 0 - 1080, 2400) mDisplayRotation=ROTATION_0 mWindowingMode=fullscreen mActivityType=undefined mAlwaysOnTop=undefined mRotation=ROTATION_0} as.5 s.55 fontWeightAdjustment=0}
09-14 09:34:42.833  7043  7043 I KeyboardManager: KeyboardManager.requestKeyboard():249 Creating keyboard accessory_candidates_consumer, imeId=ime_german, cacheKey=theme,!gsf,!pgsans,!pgsf,!use_system_font,BORDER,FLAVOR_DPI=XXHDPI,IS_LIGHT,KEYBOARD_WIDTH_CATEGORY=NORMAL,KEY_BORDER_SHAPE=1,LIGHT_THEME=true,PHYSICAL_DIAGONAL=5.9809904,POPUP,SCREEN_SHORTEST_WIDTH=411,SCREEN_SHORTEST_WIDTH_NO_SCALE=411,SW400DP,XXHDPI,bottom4dp,enable_popup_on_keypress=true,keyboard_redesign_google_sans=true,non_linear_scale,noshadow,overlay_builtin_dynamic_color_light_base.binarypb:gm3-light-fffaf8fe-ff4c5e8b-4fb1adea13304a190d4abf12326cf60c,silkpopup
09-14 09:34:42.833  7043  7043 I KeyboardDefManager: KeyboardDefManager.requestKeyboardDef():128 requestKeyboardDef(): type=accessory_candidates_consumer, info=olr{defIds=[#0x7f17004d], defIdsCacheKey=[2132213837]}
09-14 09:34:42.833  7043  7043 I KeyboardDefManager: KeyboardDefManager.requestKeyboardDef():195 requestKeyboardDef(): getOrCreate from cache, info=olr{defIds=[#0x7f17004d], defIdsCacheKey=[2132213837]}
09-14 09:34:42.833  7043  7043 I KeyboardDefManager: KeyboardDefManager$Companion$addFutureCallbackForKeyboardDefReceiver$1.onSuccess():425 requestKeyboardDef onSuccess(): info=olr{defIds=[#0x7f17004d], defIdsCacheKey=[2132213837]}
09-14 09:34:42.833  7043  7043 I GlobeKeyExtension: GlobeKeyExtension.getKeyboardInitialStates():186 
09-14 09:34:42.833  7043  7043 W Keyboard: Keyboard.getKeyboardViewHelper():607 null helper is returned: keyboardDef=oll{processedConditions={}, globalConditions={global_theme_key=theme,!gsf,!pgsans,!pgsf,!use_system_font,BORDER,FLAVOR_DPI=XXHDPI,IS_LIGHT,KEYBOARD_WIDTH_CATEGORY=NORMAL,KEY_BORDER_SHAPE=1,LIGHT_THEME=true,PHYSICAL_DIAGONAL=5.9809904,POPUP,SCREEN_SHORTEST_WIDTH=411,SCREEN_SHORTEST_WIDTH_NO_SCALE=411,SW400DP,XXHDPI,bottom4dp,enable_popup_on_keypress=true,keyboard_redesign_google_sans=true,non_linear_scale,noshadow,overlay_builtin_dynamic_color_light_base.binarypb:gm3-light-fffaf8fe-ff4c5e8b-4fb1adea13304a190d4abf12326cf60c,silkpopup, global_locale=de_DE, global_density_dpi=420, global_orientation=1}, className=.latin.keyboard.AccessoryKeyboard, resourceIds=[#0x7f17004d], initialStates=0, keyboardViewDefs=[omd{direction=null, id=#0x7f0b0232, isScalable=false, layoutId=#0x7f0e0030, type=FLOATING_CANDIDATES, touchable=true, defaultShow=false}], persistentStates=0, persistentStatesPrefKey=null, popupBubbleLayoutId=#0x7f0e0617, recentKeyLayoutId=#0x0, recentKeyPopupLayoutId=#0x0, recentKeyType=null, rememberRecentKey=NONE, sessionStates=0}, type=HEADER, helpersCreated={FLOATING_CANDIDATES=nwa@a883fda}, context.getResources().getConfiguration(): {1.0 310mcc260mnc [de_DE] ldltr sw411dp w411dp h914dp 420dpi nrml long compactNeeded port finger qwerty/v/v dpad/v winConfig={ mBounds=Rect(0, 0 - 1080, 2400) mAppBounds=Rect(0, 0 - 1080, 2400) mMaxBounds=Rect(0, 0 - 1080, 2400) mDisplayRotation=ROTATION_0 mWindowingMode=fullscreen mActivityType=undefined mAlwaysOnTop=undefined mRotation=ROTATION_0} as.5 s.55 fontWeightAdjustment=0}
09-14 09:34:42.833  7043  7043 W Keyboard: Keyboard.getKeyboardViewHelper():607 null helper is returned: keyboardDef=oll{processedConditions={}, globalConditions={global_theme_key=theme,!gsf,!pgsans,!pgsf,!use_system_font,BORDER,FLAVOR_DPI=XXHDPI,IS_LIGHT,KEYBOARD_WIDTH_CATEGORY=NORMAL,KEY_BORDER_SHAPE=1,LIGHT_THEME=true,PHYSICAL_DIAGONAL=5.9809904,POPUP,SCREEN_SHORTEST_WIDTH=411,SCREEN_SHORTEST_WIDTH_NO_SCALE=411,SW400DP,XXHDPI,bottom4dp,enable_popup_on_keypress=true,keyboard_redesign_google_sans=true,non_linear_scale,noshadow,overlay_builtin_dynamic_color_light_base.binarypb:gm3-light-fffaf8fe-ff4c5e8b-4fb1adea13304a190d4abf12326cf60c,silkpopup, global_locale=de_DE, global_density_dpi=420, global_orientation=1}, className=.latin.keyboard.AccessoryKeyboard, resourceIds=[#0x7f17004d], initialStates=0, keyboardViewDefs=[omd{direction=null, id=#0x7f0b0232, isScalable=false, layoutId=#0x7f0e0030, type=FLOATING_CANDIDATES, touchable=true, defaultShow=false}], persistentStates=0, persistentStatesPrefKey=null, popupBubbleLayoutId=#0x7f0e0617, recentKeyLayoutId=#0x0, recentKeyPopupLayoutId=#0x0, recentKeyType=null, rememberRecentKey=NONE, sessionStates=0}, type=BODY, helpersCreated={FLOATING_CANDIDATES=nwa@a883fda}, context.getResources().getConfiguration(): {1.0 310mcc260mnc [de_DE] ldltr sw411dp w411dp h914dp 420dpi nrml long compactNeeded port finger qwerty/v/v dpad/v winConfig={ mBounds=Rect(0, 0 - 1080, 2400) mAppBounds=Rect(0, 0 - 1080, 2400) mMaxBounds=Rect(0, 0 - 1080, 2400) mDisplayRotation=ROTATION_0 mWindowingMode=fullscreen mActivityType=undefined mAlwaysOnTop=undefined mRotation=ROTATION_0} as.5 s.55 fontWeightAdjustment=0}
09-14 09:34:42.834  7043  7043 I AndroidIME: InputBundleManager.startInput():372 startInput() with KeyboardTypeAndPayload(keyboardType=accessory, payload=null)
09-14 09:34:42.834  7043  7043 I PkModeUpdater: PkModeUpdater.onActivate():76 onActivate true true
09-14 09:34:42.834  7043  7043 I AccessoryInputModeManager: AccessoryInputModeManager.onModeStarted():353 Accessory input mode started: PK
09-14 09:34:42.834  7043  7043 W ExtensionWrapper: ExtensionWrapper.setAllowUpdateNavigationBarStyle():887 class lcr is not activate
09-14 09:34:42.834  7043  7043 I WidgetViewShowingController: WidgetViewShowingController.showWidgetKeyboardInternal():532 Show companion widget
09-14 09:34:42.834  7043  7043 W StatusViewController: StatusViewController.updateKeyboardView():46 Failed to inflate voice header view [UD]
09-14 09:34:42.835  7043  7043 W ExtensionWrapper: ExtensionWrapper.setAllowUpdateNavigationBarStyle():887 class lcr is not activate
09-14 09:34:42.835  7043  7043 I WidgetViewShowingPositionHandler: WidgetViewShowingPositionHandler.updateAvailableArea():199 update available area Rect(21, 153 - 1059, 2333)
09-14 09:34:42.835  7043  7043 W SupplementaryKeyboardsWrapper: SupplementaryKeyboardsWrapper.deactivateKeyboard():162 keyboard composing_text_consumer is not activated before!
09-14 09:34:42.835  7043  7043 I GlobeKeyExtension: GlobeKeyExtension.onActivate():130 
09-14 09:34:42.835  7043  7043 I BaseKeyboardSizeHelper: BaseKeyboardSizeHelper.calculateMaxKeyboardBodyHeight():73 leave 281 height for app when ime window height:2205, header height:116 and isFullscreenMode:false, so the max keyboard body height is:1808
09-14 09:34:42.835  7043  7043 I BaseKeyboardSizeHelper: BaseKeyboardSizeHelper.calculateMaxKeyboardBodyHeight():73 leave 281 height for app when ime window height:2205, header height:116 and isFullscreenMode:false, so the max keyboard body height is:1808
09-14 09:34:42.835  7043  7043 I BaseKeyboardSizeHelper: BaseKeyboardSizeHelper.calculateMaxKeyboardBodyHeight():73 leave 281 height for app when ime window height:2205, header height:116 and isFullscreenMode:false, so the max keyboard body height is:1808
09-14 09:34:42.835  7043  7043 W ExtensionWrapper: ExtensionWrapper.setExtensionViewVisibility():878 interface nzx is not activate
09-14 09:34:42.835  7043 19144 E native  : E0000 00:00:1789371282.835841   19144 bikey-model.cc:1326] Invalid frame index: 3; num frames: 3
09-14 09:34:42.835  7043  7043 I VoiceInputManagerWrapper: VoiceInputManagerWrapper.cancelShutdown():109 cancelShutdown() [RD]
09-14 09:34:42.835  7043  7043 I VoiceInputManagerWrapper: VoiceInputManagerWrapper.syncLanguagePacks():121 syncLanguagePacks() [RD]
09-14 09:34:42.835  7043 15447 I SpeechFactory: SpeechRecognitionFactory.maybeScheduleAutoPackDownloadForFallback():224 maybeScheduleAutoPackDownloadForFallback()
09-14 09:34:42.835  7043  7043 I VoiceInputManager: VoiceInputManager.onKeyboardActivated():1270 onKeyboardActivated() [UD]
09-14 09:34:42.835  7043  7043 I UniversalDictationUiProvider: UniversalDictationUiProvider.onActivate():63 onActivate() [UD]
09-14 09:34:42.835  7043 15447 I FallbackOnDeviceRecognitionProvider: FallbackOnDeviceRecognitionProvider.maybeScheduleAutoPackDownload():213 maybeScheduleAutoPackDownload() for language tag de-DE
09-14 09:34:42.835  7043 15447 I FallbackOnDeviceRecognitionProvider: FallbackOnDeviceRecognitionProvider.maybeScheduleAutoPackDownload():213 maybeScheduleAutoPackDownload() for language tag en-US
09-14 09:34:42.836  7043  7043 W AutoPasteSuggestionHelper: AutoPasteSuggestionHelper.setMaxWidthOfChipTextView():1112 Failed to get the width of the proactive suggestion view holder in HEADER.
09-14 09:34:42.836  7043  7043 W AutoPasteSuggestionHelper: AutoPasteSuggestionHelper.setMaxWidthOfChipTextView():1112 Failed to get the width of the proactive suggestion view holder in HEADER.
09-14 09:34:42.837  7043  7043 W AutoPasteSuggestionHelper: AutoPasteSuggestionHelper.setMaxWidthOfChipTextView():1112 Failed to get the width of the proactive suggestion view holder in WIDGET.
09-14 09:34:42.837  7043  7043 I ProactiveSuggestionsHolderManager: ProactiveSuggestionsHolderManager$displaySuggestionsListener$1.display():238 Requesting to show proactive suggestions: CLIPBOARD PREEMPTIVE_WITH_SUPPRESSION in HEADER
09-14 09:34:42.837  7043  7043 I ProactiveSuggestionsHolderManager: ProactiveSuggestionsHolderManager$displaySuggestionsListener$1.display():259 suggestions CLIPBOARD are pending to show on HEADER
09-14 09:34:42.837  7043  7043 I ProactiveSuggestionsHolderManager: ProactiveSuggestionsHolderManager$displaySuggestionsListener$1.display():238 Requesting to show proactive suggestions: CLIPBOARD PREEMPTIVE_WITH_SUPPRESSION in FLOATING_CANDIDATES
09-14 09:34:42.837  7043  7043 I ProactiveSuggestionsHolderManager: ProactiveSuggestionsHolderManager$displaySuggestionsListener$1.display():259 suggestions CLIPBOARD are pending to show on FLOATING_CANDIDATES
09-14 09:34:42.837  7043  7043 I ProactiveSuggestionsHolderManager: ProactiveSuggestionsHolderManager$displaySuggestionsListener$1.display():238 Requesting to show proactive suggestions: CLIPBOARD PREEMPTIVE_WITH_SUPPRESSION in WIDGET
09-14 09:34:42.837  7043  7043 I ProactiveSuggestionsHolderManager: ProactiveSuggestionsHolderManager$displaySuggestionsListener$1.display():259 suggestions CLIPBOARD are pending to show on WIDGET
09-14 09:34:42.837  7043  7043 I Module  : DeviceLockedStatusModuleProvider$Module.updateDeviceLockedStatusInternal():127 repeatCheckTimes = 1, locked = false
09-14 09:34:42.837  7043  7043 I ContactNoticeModule: ContactNoticeModule.shouldPostContactPermissionNotice():147 Not post contact permission notice: not exceed waiting period since installation.
09-14 09:34:42.837  7043  7043 I VoiceImeUtils: VoiceImeUtils.shouldStartVoiceInputAutomaticallyInCurrentInputBox():157 No private IME option set to start voice input. [RD]
09-14 09:34:42.837  7043 19029 I SystemHapticSettings: SystemHapticSettings.updateSystemVibrationState():63 update vibration state: true
09-14 09:34:42.837  7043  7043 I StylusModule: StylusModule.onUpdateToolType():774 Update tool type = 0
09-14 09:34:42.837  7043  7068 I CrossProfileSharedPreferences: CrossProfileSharedPreferences.maybeRunSyncTaskAfterFullSyncComplete():218 Full sync is not complete when incremental sync is called, trigger full sync
09-14 09:34:42.838   661  2245 D ImeInsetsSourceProvider: showImePostLayout cancelled, serverVisible: true, frozen: false, mWin is: non-null, isDrawn: true, mGivenInsetsPending: false, imeLayeringTarget: Window{baac40 u0 com.highfly.logbook/com.highfly.logbook.MainActivity}, controlTarget: Window{baac40 u0 com.highfly.logbook/com.highfly.logbook.MainActivity}
09-14 09:34:42.838   661  2245 D ImeInsetsSourceProvider: controlTarget == DisplayContent.imeControlTarget: true, hasPendingControls: false, leash is: non-null
09-14 09:34:42.838   661  2245 I ImeTracker: com.highfly.logbook:b11dda1e: onCancelled at PHASE_SERVER_ABORT_SHOW_IME_POST_LAYOUT
09-14 09:34:42.838  7043 19030 I CrossProfileSharedPreferences: CrossProfileSharedPreferences.syncAllAllowedPreferencesInternal():276 Cannot make cross profile calls to full sync preferences
09-14 09:34:42.841  7043  7100 I Delight5Decoder: Delight5DecoderWrapper.setKeyboardLayout():553 setKeyboardLayout()
09-14 09:34:42.844   516   516 W skia    : AGTM parsing failed flags.readFromStream(s) at 159
09-14 09:34:42.845  7043  7043 W TextView: onProvideContentCaptureStructure(): calling assumeLayout()
09-14 09:34:42.846  7043  7043 I GoogleInputMethodService: GoogleInputMethodService$1.onKeyboardViewShown():344 onKeyboardViewShown: keyboardType=accessory, keyboardViewType=HEADER keyboardView=null
09-14 09:34:42.846  7043  7043 W Keyboard: Keyboard.getKeyboardViewHelper():607 null helper is returned: keyboardDef=oll{processedConditions={}, globalConditions={}, className=com.google.android.libraries.inputmethod.keyboard.impl.Keyboard, resourceIds=[#0x7f17004e], initialStates=0, keyboardViewDefs=[], persistentStates=0, persistentStatesPrefKey=null, popupBubbleLayoutId=#0x0, recentKeyLayoutId=#0x0, recentKeyPopupLayoutId=#0x0, recentKeyType=null, rememberRecentKey=NONE, sessionStates=0}, type=BODY, helpersCreated={}, context.getResources().getConfiguration(): {1.0 310mcc260mnc [de_DE] ldltr sw411dp w411dp h914dp 420dpi nrml long compactNeeded port finger qwerty/v/v dpad/v winConfig={ mBounds=Rect(0, 0 - 1080, 2400) mAppBounds=Rect(0, 0 - 1080, 2400) mMaxBounds=Rect(0, 0 - 1080, 2400) mDisplayRotation=ROTATION_0 mWindowingMode=fullscreen mActivityType=undefined mAlwaysOnTop=undefined mRotation=ROTATION_0} as.5 s.55 fontWeightAdjustment=0}
09-14 09:34:42.846  7043  7043 I GoogleInputMethodService: GoogleInputMethodService$1.onKeyboardViewShown():344 onKeyboardViewShown: keyboardType=accessory, keyboardViewType=BODY keyboardView=null
09-14 09:34:42.846  7043  7043 W Keyboard: Keyboard.getKeyboardViewHelper():607 null helper is returned: keyboardDef=oll{processedConditions={}, globalConditions={}, className=com.google.android.libraries.inputmethod.keyboard.impl.Keyboard, resourceIds=[#0x7f17004e], initialStates=0, keyboardViewDefs=[], persistentStates=0, persistentStatesPrefKey=null, popupBubbleLayoutId=#0x0, recentKeyLayoutId=#0x0, recentKeyPopupLayoutId=#0x0, recentKeyType=null, rememberRecentKey=NONE, sessionStates=0}, type=BODY, helpersCreated={}, context.getResources().getConfiguration(): {1.0 310mcc260mnc [de_DE] ldltr sw411dp w411dp h914dp 420dpi nrml long compactNeeded port finger qwerty/v/v dpad/v winConfig={ mBounds=Rect(0, 0 - 1080, 2400) mAppBounds=Rect(0, 0 - 1080, 2400) mMaxBounds=Rect(0, 0 - 1080, 2400) mDisplayRotation=ROTATION_0 mWindowingMode=fullscreen mActivityType=undefined mAlwaysOnTop=undefined mRotation=ROTATION_0} as.5 s.55 fontWeightAdjustment=0}
09-14 09:34:42.861   516   516 W skia    : AGTM parsing failed flags.readFromStream(s) at 159
09-14 09:34:42.861   516   516 W skia    : AGTM parsing failed flags.readFromStream(s) at 159
09-14 09:34:42.861  7043  7043 I DynamicLanguageSetterModule: DynamicLanguageSetterModule.createTemporaryEnableTask():503 Enable temporary entries: [de], and current entry: null
09-14 09:34:42.861  7043  7043 I InputMethodEntryManager: InputMethodEntryManager.enableLanguagesAndChangeCurrentTemporarily():1922 enabledLanguages: [de-Latn-DE], specifiedCurrentLanguage null
09-14 09:34:42.862  7043  7043 I InputMethodEntryManager: InputMethodEntryManager.enableInputMethodEntriesTemporarily():2148 temporarilyEnabledEntryTuples [LanguageTagVariantTuple{languageTag=de-DE, variant=qwerty}]
09-14 09:34:42.862  7043  7043 I GlobeKeyExtension: GlobeKeyExtension.updateKeyboardState():141 
09-14 09:34:42.862  7043  7043 I GlobeKeyExtension: GlobeKeyExtension.getKeyboardInitialStates():186 
09-14 09:34:42.862  7043  7043 I GlobeKeyExtension: GlobeKeyExtension.updateKeyboardState():144 Changing states 0x10400000000->0x10400000000 (enabled:, disabled:, now:EMOJI_AVAILABLE,EMOTICON_AVAILABLE)
09-14 09:34:42.862  7043  7043 I InputMethodEntryManager: InputMethodEntryManager.enableLanguagesAndChangeCurrentTemporarily():1958 Update temporary current entry(de-DE, qwerty)
09-14 09:34:42.862  7043 19118 I PerLanguageDataDownloader: PerLanguageDataDownloader.downloadDataInternal():168 downloading Data for en
09-14 09:34:42.862  7043 19118 I ManifestedDataDownloader: ManifestedDataDownloader.download():67 downloading manifest https://www.gstatic.com/android/keyboard/modelpack/proactiveek/embedding_gemma/2025120304/en_manifest.json
09-14 09:34:42.862  7043  7071 I SP      : Registering emoticon_content_description.2022081613, url: https://www.gstatic.com/android/keyboard/emoticon_content_desc/202208161305/superpacks_manifest.json, constraints: W:*:*:*, flags: bg, requested: 2022081613, current: 2022081613
09-14 09:34:42.862  7043  7071 I SuperpacksManagerImpl: SuperpacksManagerImpl$3$1.onSuccess():552 emoticon_content_description.registerManifest() succeeded
09-14 09:34:42.862  7043  7071 I SP      : Syncing emoticon_content_description (2022081613) with slices: [7a635888cb828dfa2fc744b7b9b50f04, 1c661f5c7fb2b8a396a302d79ea74d30], metadata: false
09-14 09:34:42.863  7043  7098 I DownloadManager: DownloadManager.completeDownload():434 Download for __PEKB_manifest_pek_blocklist__en scheduled with params oim[allowMetered=true, requireCharging=false, foreground=false, immediately=true, priority=0]
09-14 09:34:42.863  7043  7098 I DownloadManager: DownloadManager.startDownload():518 start download of __PEKB_manifest_pek_blocklist__en
09-14 09:34:42.863  7043  7098 I DownloadManager: DownloadManager$4.onSuccess():587 download for __PEKB_manifest_pek_blocklist__en is finished with files # rtx@1080a069
09-14 09:34:42.863  7043 19118 I ManifestedDataDownloader: ManifestedDataDownloader.checkVersionAndDownload():98 filegroup __PEKB_pek_blocklist__en with version 2025120304 is already downloaded
09-14 09:34:42.863  7043 19118 I PerLanguageDataDownloader: PerLanguageDataDownloader$2.onSuccess():188 Data en downloaded with version 2025120304
09-14 09:34:42.873  7043  7071 I SP      : Sync for emoticon_content_description succeeded in 11 ms: no changes
09-14 09:34:42.873  7043  7071 I SP      : GC for 'emoticon_content_description' (10) with ttl of 0 ms took 0 ms (0/0/0)
09-14 09:34:42.873  7043  7071 I SuperpacksManagerImpl: SuperpacksManagerImpl$19.onSyncSuccess():947 emoticon_content_description.sync() succeeded
09-14 09:34:42.878   516   516 W skia    : AGTM parsing failed flags.readFromStream(s) at 159
09-14 09:34:42.878   516   516 W skia    : AGTM parsing failed flags.readFromStream(s) at 159
09-14 09:34:42.894   516   516 W skia    : AGTM parsing failed flags.readFromStream(s) at 159
09-14 09:34:42.894   516   516 W skia    : AGTM parsing failed flags.readFromStream(s) at 159
09-14 09:34:42.911   516   516 W skia    : AGTM parsing failed flags.readFromStream(s) at 159
09-14 09:34:42.911   516   516 W skia    : AGTM parsing failed flags.readFromStream(s) at 159
09-14 09:34:42.928   516   516 W skia    : AGTM parsing failed flags.readFromStream(s) at 159
09-14 09:34:42.928   516   516 W skia    : AGTM parsing failed flags.readFromStream(s) at 159
09-14 09:34:42.929   516   547 W skia    : AGTM parsing failed flags.readFromStream(s) at 159
09-14 09:34:42.929   516   547 W skia    : AGTM parsing failed flags.readFromStream(s) at 159
09-14 09:34:42.944   516   516 W skia    : AGTM parsing failed flags.readFromStream(s) at 159
09-14 09:34:42.961   516   516 W skia    : AGTM parsing failed flags.readFromStream(s) at 159
09-14 09:34:43.029   516   547 W skia    : AGTM parsing failed flags.readFromStream(s) at 159
09-14 09:34:43.029   516   547 W skia    : AGTM parsing failed flags.readFromStream(s) at 159
09-14 09:34:43.032  7043  7043 W TooltipLifecycleManager: TooltipLifecycleManager.dismissTooltips():153 Tooltip with id spell_check_add_to_dictionary not found in tooltipManager.
09-14 09:34:43.344   516   516 W skia    : AGTM parsing failed flags.readFromStream(s) at 159
09-14 09:34:43.345   516   547 W skia    : AGTM parsing failed flags.readFromStream(s) at 159
09-14 09:34:43.345   516   547 W skia    : AGTM parsing failed flags.readFromStream(s) at 159
09-14 09:34:43.518   661  1014 E WifiDataStall: Ignore this poll. newStats: null txLinkSpeedMbps: 2 rxLinkSpeedMbps: 2 rssi: -50 connectionCapabilities: com.android.server.wifi.WifiNative$ConnectionCapabilities@42dc428
09-14 09:34:43.844   516   516 W skia    : AGTM parsing failed flags.readFromStream(s) at 159
09-14 09:34:43.845   516   547 W skia    : AGTM parsing failed flags.readFromStream(s) at 159
09-14 09:34:43.845   516   547 W skia    : AGTM parsing failed flags.readFromStream(s) at 159
09-14 09:34:44.113   661  2238 W AS.PlaybackActivityMon: No piid assigned for invalid/internal port id 18
09-14 09:34:44.114   661  1511 W AS.PlaybackActivityMon: No piid assigned for invalid/internal port id 18
09-14 09:34:44.121   661  2245 W InputChannel-JNI: Channel already disposed.
09-14 09:34:44.128   516   516 W skia    : AGTM parsing failed flags.readFromStream(s) at 159
09-14 09:34:44.128   516   516 W skia    : AGTM parsing failed flags.readFromStream(s) at 159
09-14 09:34:44.128   516   516 W skia    : AGTM parsing failed flags.readFromStream(s) at 159
09-14 09:34:44.128   516   516 W skia    : AGTM parsing failed flags.readFromStream(s) at 159
09-14 09:34:44.128   516   516 W skia    : AGTM parsing failed flags.readFromStream(s) at 159
09-14 09:34:44.128   516   516 W skia    : AGTM parsing failed flags.readFromStream(s) at 159
09-14 09:34:44.128   516   516 W skia    : AGTM parsing failed flags.readFromStream(s) at 159
09-14 09:34:44.128   661  2245 D WindowManager: setClientSurface Surface(name=VRI-Toast#5215)/@0xa927579 for b4f5172 Toast
09-14 09:34:44.129  1110  1110 I Surface : Creating surface for consumer unnamed-1110-175 with slotExpansion=1 for 64 slots
09-14 09:34:44.129  1110  1110 I Surface : Creating surface for consumer VRI[Toast]#175(BLAST Consumer)175 with slotExpansion=1 for 64 slots
09-14 09:34:44.129   516   547 W skia    : AGTM parsing failed flags.readFromStream(s) at 159
09-14 09:34:44.129   516   547 W skia    : AGTM parsing failed flags.readFromStream(s) at 159
09-14 09:34:44.144   516   516 W skia    : AGTM parsing failed flags.readFromStream(s) at 159
09-14 09:34:44.145   516   516 W skia    : AGTM parsing failed flags.readFromStream(s) at 159
09-14 09:34:44.145   516   516 W skia    : AGTM parsing failed flags.readFromStream(s) at 159
09-14 09:34:44.145   516   516 W skia    : AGTM parsing failed flags.readFromStream(s) at 159
09-14 09:34:44.145   516   516 W skia    : AGTM parsing failed flags.readFromStream(s) at 159
09-14 09:34:44.145   516   516 W skia    : AGTM parsing failed flags.readFromStream(s) at 159
09-14 09:34:44.145   516   516 W skia    : AGTM parsing failed flags.readFromStream(s) at 159
09-14 09:34:44.155  7043  7386 I SpellCheckerSession: SpellCheckerSession.onClose():409 com.google.android.keyboard.client.delight5.LanguageIdentifier@30dea11 is closed
09-14 09:34:44.155  7043  7052 I SpellCheckerSession: SpellCheckerSession.onClose():409 com.google.android.keyboard.client.delight5.LanguageIdentifier@4a6646 is closed
09-14 09:34:44.155  7043  7052 I SpellCheckerSession: SpellCheckerSession.onClose():409 com.google.android.keyboard.client.delight5.LanguageIdentifier@ed9a6c8 is closed
09-14 09:34:44.155  7043  7052 I SpellCheckerSession: SpellCheckerSession.onClose():409 com.google.android.keyboard.client.delight5.LanguageIdentifier@be06a5c is closed
09-14 09:34:44.155 19082 19082 D AutofillManager: view not autofillable - has multiline input type
09-14 09:34:44.155 19082 19082 D AutofillManager: view not autofillable - has multiline input type
09-14 09:34:44.160   512   557 D AudioFlinger: mixer(0x7f38b824b790) throttle end: throttle time(33)
09-14 09:34:44.161   516   516 W skia    : AGTM parsing failed flags.readFromStream(s) at 159
09-14 09:34:44.161   516   516 W skia    : AGTM parsing failed flags.readFromStream(s) at 159
09-14 09:34:44.161   516   516 W skia    : AGTM parsing failed flags.readFromStream(s) at 159
09-14 09:34:44.161   516   516 W skia    : AGTM parsing failed flags.readFromStream(s) at 159
09-14 09:34:44.161   516   516 W skia    : AGTM parsing failed flags.readFromStream(s) at 159
09-14 09:34:44.161   516   516 W skia    : AGTM parsing failed flags.readFromStream(s) at 159
09-14 09:34:44.161   516   516 W skia    : AGTM parsing failed flags.readFromStream(s) at 159
09-14 09:34:44.161   516   516 W skia    : AGTM parsing failed flags.readFromStream(s) at 159
09-14 09:34:44.161   516   516 W skia    : AGTM parsing failed flags.readFromStream(s) at 159
09-14 09:34:44.174 19082 19082 D WindowOnBackDispatcher: setTopOnBackInvokedCallback (unwrapped): android.app.Activity$$ExternalSyntheticLambda0@a976b31
09-14 09:34:44.174 19082 19106 D WindowOnBackDispatcher: setOnBackInvokedCallbackInfo: android.app.Activity$$ExternalSyntheticLambda0@a976b31
09-14 09:34:44.174   661  2239 D CoreBackPreview: Window{baac40 u0 com.highfly.logbook/com.highfly.logbook.MainActivity}: Setting back callback OnBackInvokedCallbackInfo{mCallback=android.window.IOnBackInvokedCallback$Stub$Proxy@4bd12be, mPriority=-1, mIsAnimationCallback=false, mOverrideBehavior=0}
09-14 09:34:44.178   516   516 W skia    : AGTM parsing failed flags.readFromStream(s) at 159
09-14 09:34:44.178   516   516 W skia    : AGTM parsing failed flags.readFromStream(s) at 159
09-14 09:34:44.194   516   516 W skia    : AGTM parsing failed flags.readFromStream(s) at 159
09-14 09:34:44.194   516   516 W skia    : AGTM parsing failed flags.readFromStream(s) at 159
09-14 09:34:44.211   516   516 W skia    : AGTM parsing failed flags.readFromStream(s) at 159
09-14 09:34:44.211   516   516 W skia    : AGTM parsing failed flags.readFromStream(s) at 159
09-14 09:34:44.228   516   516 W skia    : AGTM parsing failed flags.readFromStream(s) at 159
09-14 09:34:44.228   516   516 W skia    : AGTM parsing failed flags.readFromStream(s) at 159
09-14 09:34:44.229   516   547 W skia    : AGTM parsing failed flags.readFromStream(s) at 159
09-14 09:34:44.229   516   547 W skia    : AGTM parsing failed flags.readFromStream(s) at 159
09-14 09:34:44.244   516   516 W skia    : AGTM parsing failed flags.readFromStream(s) at 159
09-14 09:34:44.244   516   516 W skia    : AGTM parsing failed flags.readFromStream(s) at 159
09-14 09:34:44.261   516   516 W skia    : AGTM parsing failed flags.readFromStream(s) at 159
09-14 09:34:44.261   516   516 W skia    : AGTM parsing failed flags.readFromStream(s) at 159
09-14 09:34:44.274   512   549 I APM_AudioPolicyManager: getNewOutputDevices io 13 recent device override {AUDIO_DEVICE_OUT_SPEAKER, @:}
09-14 09:34:44.278   516   516 W skia    : AGTM parsing failed flags.readFromStream(s) at 159
09-14 09:34:44.278   516   516 W skia    : AGTM parsing failed flags.readFromStream(s) at 159
09-14 09:34:44.294   516   516 W skia    : AGTM parsing failed flags.readFromStream(s) at 159
09-14 09:34:44.294   516   516 W skia    : AGTM parsing failed flags.readFromStream(s) at 159
09-14 09:34:44.307 19082 19082 D AndroidRuntime: Shutting down VM
--------- beginning of crash
09-14 09:34:44.308 19082 19082 E AndroidRuntime: FATAL EXCEPTION: main
09-14 09:34:44.308 19082 19082 E AndroidRuntime: Process: com.highfly.logbook, PID: 19082
09-14 09:34:44.308 19082 19082 E AndroidRuntime: java.lang.NullPointerException
09-14 09:34:44.308 19082 19082 E AndroidRuntime: 	at com.highfly.logbook.AddEntryFragment.getBinding(AddEntryFragment.kt:34)
09-14 09:34:44.308 19082 19082 E AndroidRuntime: 	at com.highfly.logbook.AddEntryFragment.updateKeyboardFit(AddEntryFragment.kt:627)
09-14 09:34:44.308 19082 19082 E AndroidRuntime: 	at com.highfly.logbook.AddEntryFragment.keyboardLayoutListener$lambda$0(AddEntryFragment.kt:46)
09-14 09:34:44.308 19082 19082 E AndroidRuntime: 	at com.highfly.logbook.AddEntryFragment$$ExternalSyntheticLambda7.onGlobalLayout(D8$$SyntheticClass:0)
09-14 09:34:44.308 19082 19082 E AndroidRuntime: 	at android.view.ViewTreeObserver.dispatchOnGlobalLayout(ViewTreeObserver.java:1166)
09-14 09:34:44.308 19082 19082 E AndroidRuntime: 	at android.view.ViewRootImpl.performTraversals(ViewRootImpl.java:4789)
09-14 09:34:44.308 19082 19082 E AndroidRuntime: 	at android.view.ViewRootImpl.doTraversal(ViewRootImpl.java:3386)
09-14 09:34:44.308 19082 19082 E AndroidRuntime: 	at android.view.ViewRootImpl$TraversalCallback.onVsync(ViewRootImpl.java:11522)
09-14 09:34:44.308 19082 19082 E AndroidRuntime: 	at android.view.Choreographer$CallbackRecord.run(Choreographer.java:1845)
09-14 09:34:44.308 19082 19082 E AndroidRuntime: 	at android.view.Choreographer.doCallbacks(Choreographer.java:1387)
09-14 09:34:44.308 19082 19082 E AndroidRuntime: 	at android.view.Choreographer.doFrame(Choreographer.java:1244)
09-14 09:34:44.308 19082 19082 E AndroidRuntime: 	at android.view.Choreographer$FrameDisplayEventReceiver.run(Choreographer.java:1821)
09-14 09:34:44.308 19082 19082 E AndroidRuntime: 	at android.os.Handler.handleCallback(Handler.java:1082)
09-14 09:34:44.308 19082 19082 E AndroidRuntime: 	at android.os.Handler.dispatchMessageImpl(Handler.java:135)
09-14 09:34:44.308 19082 19082 E AndroidRuntime: 	at android.os.Handler.dispatchMessage(Handler.java:126)
09-14 09:34:44.308 19082 19082 E AndroidRuntime: 	at android.os.Looper.loopOnce(Looper.java:295)
09-14 09:34:44.308 19082 19082 E AndroidRuntime: 	at android.os.Looper.loop(Looper.java:398)
09-14 09:34:44.308 19082 19082 E AndroidRuntime: 	at android.app.ActivityThread.main(ActivityThread.java:9569)
09-14 09:34:44.308 19082 19082 E AndroidRuntime: 	at java.lang.reflect.Method.invoke(Native Method)
09-14 09:34:44.308 19082 19082 E AndroidRuntime: 	at com.android.internal.os.RuntimeInit$MethodAndArgsCaller.run(RuntimeInit.java:575)
09-14 09:34:44.308 19082 19082 E AndroidRuntime: 	at com.android.internal.os.ZygoteInit.main(ZygoteInit.java:918)
09-14 09:34:44.309   661 19147 I DropBoxManagerService: add tag=data_app_crash isTagEnabled=true flags=0x2
09-14 09:34:44.309   661  2245 W ActivityTaskManager:   Force finishing activity com.highfly.logbook/.MainActivity
09-14 09:34:44.309   661  2245 W TransitionChain: Combining AR.finish-force-crash into #306(CLOSE|R|0x10) from finishTopCrash
09-14 09:34:44.309  1110  1200 V WindowManagerShell: Transition requested (#306): android.os.BinderProxy@5f4517a TransitionRequestInfo { type = CLOSE, triggerTask = TaskInfo{userId=0 taskId=149 effectiveUid=10229 seqId=0 displayId=0 isRunning=true baseIntent=Intent { act=android.intent.action.MAIN cat=[android.intent.category.LAUNCHER] flg=0x10200000 cmp=com.highfly.logbook/.MainActivity } baseActivity=ComponentInfo{com.highfly.logbook/com.highfly.logbook.MainActivity} topActivity=ComponentInfo{com.highfly.logbook/com.highfly.logbook.MainActivity} origActivity=null realActivity=ComponentInfo{com.highfly.logbook/com.highfly.logbook.MainActivity} realActivityIsAppLockEnabled=false numActivities=1 lastActiveTime=38417661 supportsMultiWindow=true supportsMultiWindowWithoutConstraints=true resizeMode=1 isResizeable=true minWidth=-1 minHeight=-1 defaultMinSize=220 token=WCT{android.os.BinderProxy@2e73791} topActivityType=1 pictureInPictureParams=null shouldDockBigOverlays=false launchIntoPipHostTaskId=-1 lastParentTaskIdBeforePip=-1 displayCutoutSafeInsets=Rect(0, 0 - 0, 0) topActivityInfo=ActivityInfo{8360d2b com.highfly.logbook.MainActivity} launchCookies=[android.os.BinderProxy@7e11af7] positionInParent=Point(0, 0) parentTaskId=-1 isFocused=true isInteractive=true isVisible=true isVisibleRequested=true isTopActivityNoDisplay=false isSleeping=false locusId=null displayAreaFeatureId=1 isTopActivityTransparent=false isActivityStackTransparent=false lastNonFullscreenBounds=null leafTaskBoundsFromOptions= false capturedLink=null capturedLinkTimestamp=0 requestedVisibleTypes=511 topActivityRequestOpenInBrowserEducationTimestamp=0 appCompatTaskInfo=AppCompatTaskInfo { topActivityInSizeCompat=false isLeafTask= true eligibleForLetterboxEducation= false isLetterboxEducationEnabled= true isLetterboxDoubleTapEnabled= false eligibleForUserAspectRatioButton= false topActivityBoundsLetterboxed= false isFromLetterboxDoubleTap= false topActivityLetterboxVerticalPosition= -1 topActivityLetterboxHorizontalPosition= -1 topActivityLetterboxWidth=-1 topActivityLetterboxHeight=-1 topActivityAppBounds=Rect(0, 0 - 1080, 2400) isUserFullscreenOverrideEnabled=false isSystemFullscreenOverrideEnabled=false hasMinAspectRatioOverride=false topActivityLetterboxBounds=null topNonResizableActivityAspectRatio=-1.0} topActivityMainWindowFrame=null isAppBubble=false}, pipChange = null, remoteTransitionInfo = null, displayChanges = null, requestedLocation = null, userChange = null, windowingLayerChange = null, fullscreenRequestChange = null, flags = 16, debugId = 306 }
09-14 09:34:44.309   516  1098 I libbinder.BpBinder: onLastStrongRef automatically unlinking death recipients for binder (0x732c2fe465e0) with descriptor: '(not cached)'
09-14 09:34:44.310  1110  1200 V ShellDesktopMode: DesktopTasksController: skipping handleRequest reason=triggerTask's display doesn't support desktop mode
09-14 09:34:44.310   661  2245 V WindowManager: Defer transition id=306 for TaskFragmentTransaction=android.os.Binder@f7b7e3b
09-14 09:34:44.310   661  1238 V WindowManager: Continue transition id=306 for TaskFragmentTransaction=android.os.Binder@f7b7e3b
09-14 09:34:44.310 19082 19082 I Process : Sending signal. PID: 19082 SIG: 9
09-14 09:34:44.311   516   516 W skia    : AGTM parsing failed flags.readFromStream(s) at 159
09-14 09:34:44.311   516   516 W skia    : AGTM parsing failed flags.readFromStream(s) at 159
09-14 09:34:44.311   516   516 W skia    : AGTM parsing failed flags.readFromStream(s) at 159
09-14 09:34:44.311   516   516 W skia    : AGTM parsing failed flags.readFromStream(s) at 159
09-14 09:34:44.311   516   516 W skia    : AGTM parsing failed flags.readFromStream(s) at 159
09-14 09:34:44.311   516   516 W skia    : AGTM parsing failed flags.readFromStream(s) at 159
09-14 09:34:44.311   516   516 W skia    : AGTM parsing failed flags.readFromStream(s) at 159
09-14 09:34:44.311   516   516 W skia    : AGTM parsing failed flags.readFromStream(s) at 159
09-14 09:34:44.311   516   516 W skia    : AGTM parsing failed flags.readFromStream(s) at 159
09-14 09:34:44.318   661   770 W InputDispatcher: channel 'baac40 com.highfly.logbook/com.highfly.logbook.MainActivity' ~ Consumer closed input channel or an error occurred.  events=0x9
09-14 09:34:44.318   661   770 E InputDispatcher: channel 'baac40 com.highfly.logbook/com.highfly.logbook.MainActivity' ~ Channel is unrecoverably broken and will be disposed!
09-14 09:34:44.318   661   770 I WindowManager: WINDOW DIED Window{baac40 u0 com.highfly.logbook/com.highfly.logbook.MainActivity}
09-14 09:34:44.318   516   516 W skia    : AGTM parsing failed flags.readFromStream(s) at 159
09-14 09:34:44.318   516   516 W skia    : AGTM parsing failed flags.readFromStream(s) at 159
09-14 09:34:44.318   516   516 W skia    : AGTM parsing failed flags.readFromStream(s) at 159
09-14 09:34:44.318   516   516 W skia    : AGTM parsing failed flags.readFromStream(s) at 159
09-14 09:34:44.318   516   516 W skia    : AGTM parsing failed flags.readFromStream(s) at 159
09-14 09:34:44.318   516   516 W skia    : AGTM parsing failed flags.readFromStream(s) at 159
09-14 09:34:44.318   516   516 W skia    : AGTM parsing failed flags.readFromStream(s) at 159
09-14 09:34:44.318   516   516 W skia    : AGTM parsing failed flags.readFromStream(s) at 159
09-14 09:34:44.318  1952  1952 I adbd    : Remote process closed the socket (on MSG_PEEK)
09-14 09:34:44.318   516   516 W skia    : AGTM parsing failed flags.readFromStream(s) at 159
09-14 09:34:44.318   516   516 W skia    : AGTM parsing failed flags.readFromStream(s) at 159
09-14 09:34:44.318   516   516 W skia    : AGTM parsing failed flags.readFromStream(s) at 159
09-14 09:34:44.318   516   516 W skia    : AGTM parsing failed flags.readFromStream(s) at 159
09-14 09:34:44.318   516   516 W skia    : AGTM parsing failed flags.readFromStream(s) at 159
09-14 09:34:44.318   516   516 W skia    : AGTM parsing failed flags.readFromStream(s) at 159
09-14 09:34:44.318   516   516 W skia    : AGTM parsing failed flags.readFromStream(s) at 159
09-14 09:34:44.318   516   516 W skia    : AGTM parsing failed flags.readFromStream(s) at 159
09-14 09:34:44.318   516   516 W skia    : AGTM parsing failed flags.readFromStream(s) at 159
09-14 09:34:44.318   516   516 W skia    : AGTM parsing failed flags.readFromStream(s) at 159
09-14 09:34:44.318   516   516 W skia    : AGTM parsing failed flags.readFromStream(s) at 159
09-14 09:34:44.318   516   516 W skia    : AGTM parsing failed flags.readFromStream(s) at 159
09-14 09:34:44.318   516   516 W skia    : AGTM parsing failed flags.readFromStream(s) at 159
09-14 09:34:44.318   516   516 W skia    : AGTM parsing failed flags.readFromStream(s) at 159
09-14 09:34:44.318   516   516 W skia    : AGTM parsing failed flags.readFromStream(s) at 159
09-14 09:34:44.318   516   516 W skia    : AGTM parsing failed flags.readFromStream(s) at 159
09-14 09:34:44.319   661  2239 I ActivityManager: Process com.highfly.logbook (pid 19082) has died: fg  TOP 
09-14 09:34:44.319   661  2166 I ImeTracker: com.highfly.logbook:03be0e7d: onRequestHide at ORIGIN_SERVER reason HIDE_REMOVE_CLIENT fromUser false userId 0 displayId 0
09-14 09:34:44.319  7043  7043 W InputChannel-JNI: Channel already disposed.
09-14 09:34:44.320   661   694 I libprocessgroup: Removed cgroup /sys/fs/cgroup/apps/uid_10229/pid_19082
09-14 09:34:44.320   456   456 I Zygote  : Process 19082 exited due to signal 9 (Killed)
09-14 09:34:44.320  7043  7043 I GoogleInputMethodService: GoogleInputMethodService.onFinishInputView():1671 onFinishInputView(false)
09-14 09:34:44.321  7043  7043 W ExtensionWrapper: ExtensionWrapper.setAllowUpdateNavigationBarStyle():887 class lcr is not activate
09-14 09:34:44.321  7043  7043 I CrossProfileSharedPreferences: CrossProfileSharedPreferences.maybeRunSyncTaskAfterFullSyncComplete():218 Full sync is not complete when incremental sync is called, trigger full sync
09-14 09:34:44.321  7043  7043 I CrossProfileSharedPreferences: CrossProfileSharedPreferences.maybeRunSyncTaskAfterFullSyncComplete():218 Full sync is not complete when incremental sync is called, trigger full sync
09-14 09:34:44.321  7043 19029 I CrossProfileSharedPreferences: CrossProfileSharedPreferences.syncAllAllowedPreferencesInternal():276 Cannot make cross profile calls to full sync preferences
09-14 09:34:44.321  7043 19029 I CrossProfileSharedPreferences: CrossProfileSharedPreferences.syncAllAllowedPreferencesInternal():276 Cannot make cross profile calls to full sync preferences
09-14 09:34:44.321  7043  7043 I KeyboardViewController: KeyboardViewController.hide():988 Requesting to hide sub view with id 2131436959 #0x7f0b259f which doesn't exist in current keyboard view
09-14 09:34:44.321  7043  7043 W ExtensionWrapper: ExtensionWrapper.setAllowUpdateNavigationBarStyle():887 class lcr is not activate
09-14 09:34:44.322  7043  7043 W SupplementaryKeyboardsWrapper: SupplementaryKeyboardsWrapper.deactivateKeyboard():162 keyboard composing_text_consumer is not activated before!
09-14 09:34:44.322  7043  7043 I GlobeKeyExtension: GlobeKeyExtension.onDeactivate():154 
09-14 09:34:44.322  7043  7043 W TooltipLifecycleManager: TooltipLifecycleManager.dismissTooltips():153 Tooltip with id spell_check_add_to_dictionary not found in tooltipManager.
09-14 09:34:44.322  7043  7043 I VoiceInputManagerWrapper: VoiceInputManagerWrapper.shutdown():135 shutdown() : SHUTDOWN_UNIVERSAL_EXTENSION_ON_DEACTIVATE [RD]
09-14 09:34:44.322  7043  7043 I UniversalDictationUiProvider: UniversalDictationUiProvider.onDeactivate():69 onDeactivate() [UD]
09-14 09:34:44.322  7043  7043 I InputBundle: InputBundle.consumeEvent():1056 Skip consuming an event as keyboard status is INACTIVE
09-14 09:34:44.322  7043  7068 W ModuleManager: ModuleManager.loadModule():634 Module qip is not available
09-14 09:34:44.322  7043  7043 I AndroidIME: AbstractIme.onDeactivate():213 LatinIme.onDeactivate()
09-14 09:34:44.322  7043  7068 I NebulaeTrainingCacheMetricsProcessor: NebulaeTrainingCacheMetricsProcessor.processEndSession():608 End training cache session: com.highfly.logbook_2131230919/
09-14 09:34:44.323  7043  7043 I PrimesLoggerHolder: FrameMetricServiceImpl.stopAsFuture():213 Measurement not found: OnConfigurationChanged
09-14 09:34:44.323  7043  7043 I ImeTracker: com.highfly.logbook:03be0e7d: onHidden
09-14 09:34:44.326   516   547 W skia    : AGTM parsing failed flags.readFromStream(s) at 159
09-14 09:34:44.328   516   516 W skia    : AGTM parsing failed flags.readFromStream(s) at 159
09-14 09:34:44.328   516   516 W skia    : AGTM parsing failed flags.readFromStream(s) at 159
09-14 09:34:44.328   516   516 W skia    : AGTM parsing failed flags.readFromStream(s) at 159
09-14 09:34:44.328   516   516 W skia    : AGTM parsing failed flags.readFromStream(s) at 159
09-14 09:34:44.328   516   516 W skia    : AGTM parsing failed flags.readFromStream(s) at 159
09-14 09:34:44.328   516   516 W skia    : AGTM parsing failed flags.readFromStream(s) at 159
09-14 09:34:44.328   516   516 W skia    : AGTM parsing failed flags.readFromStream(s) at 159
09-14 09:34:44.328   516   516 W skia    : AGTM parsing failed flags.readFromStream(s) at 159
09-14 09:34:44.330   661  1203 I WindowManager: WIN DEATH: Window{baac40 u0 com.highfly.logbook/com.highfly.logbook.MainActivity EXITING}
09-14 09:34:44.330   661  1304 D ImeInsetsSourceProvider: showImePostLayout aborted, serverVisible: true, frozen: false, mWin is: non-null, isDrawn: true, mGivenInsetsPending: false, imeLayeringTarget: null, controlTarget: Window{baac40 u0 com.highfly.logbook/com.highfly.logbook.MainActivity EXITING}
09-14 09:34:44.330   661  1304 I ImeTracker: com.highfly.logbook:a8a97ae4: onFailed at PHASE_SERVER_ABORT_SHOW_IME_POST_LAYOUT
09-14 09:34:44.330 11228 11228 I HidDeviceService: unregisterAppUid(): uid=10229
09-14 09:34:44.330 11228 11228 W HidDeviceService: unregisterAppUid(): caller UID doesn't match user UID
09-14 09:34:44.331   661  2239 W TransitionChain: Combining appDied into #306(CLOSE|R|0x10) from finishTopCrash
09-14 09:34:44.331  1401  1401 D ViewRootImpl: Skipping stats log for color mode
09-14 09:34:44.332  1401  1401 D BaseActivity: Launcher flags updated: [state_started] +[state_started]
09-14 09:34:44.332  1401  1401 D BaseActivity: Launcher flags updated: [state_started|state_resumed|state_user_active] +[state_resumed|state_user_active]
09-14 09:34:44.332  1110  1200 D WindowManagerShell: setLauncherKeepClearAreaHeight: visible=true, height=495
09-14 09:34:44.332  1401  1401 D BaseActivity: Launcher flags updated: [state_started|state_resumed|state_deferred_resumed|state_user_active] +[state_deferred_resumed]
09-14 09:34:44.332  1401  1401 D StatsLog: LAUNCHER_ONRESUME
09-14 09:34:44.332  1401  1401 D ConnectorProvider: Connector disabled by gantry flag.
09-14 09:34:44.332  1904  2137 I AiAiEcho: Predicting[0]:  [CONTEXT sampling_count=5 ]
09-14 09:34:44.332  1904  2137 I AiAiEcho: EchoTargets: 
09-14 09:34:44.332  1904  2137 I AiAiEcho: Filtered by AiAi flag check: 
09-14 09:34:44.332  1904  2137 I AiAiEcho: [CONTEXT ratelimit_period="10 SECONDS" ]
09-14 09:34:44.333  1904  2137 I AiAiEcho: #remoteViewsTwiddler: feature disabled.
09-14 09:34:44.333  1401  1466 D QuickstepModelDelegate: notifyAppTargetEvent action=1 launchLocation=
09-14 09:34:44.333  1904  2137 I AiAiEcho: #postPredictionTargets: Sending updates to UISurface home with targets# 0 (types=[])
09-14 09:34:44.333   661   686 V WindowManager: Unknown focus tokens, dropping reportFocusChanged
09-14 09:34:44.333   661   686 W ActivityManager: setHasOverlayUi called on unknown pid: 19082
09-14 09:34:44.333   661   753 W JobScheduler.JobStatus: Unsatisfied constraint not being tracked: 10
09-14 09:34:44.333  1110  1200 V RecentTasksController: Notify recent tasks changed: 1
09-14 09:34:44.335   661  2024 I ImeTracker: system_server:bbf8dd82: onRequestShow at ORIGIN_SERVER reason IME_REQUESTED_CHANGED_LISTENER fromUser false displayId 0
09-14 09:34:44.335  1110  1200 D WindowManagerShell: PipDesktopState: isPipInDesktopMode isAnyDeskActive=false isDisplayDesktopFirst=false
09-14 09:34:44.343  1333  1333 I wpa_supplicant: wlan0: CTRL-EVENT-BEACON-LOSS 
09-14 09:34:44.344   516   516 W skia    : AGTM parsing failed flags.readFromStream(s) at 159
09-14 09:34:44.344   516   516 W skia    : AGTM parsing failed flags.readFromStream(s) at 159
09-14 09:34:44.344   516   516 W skia    : AGTM parsing failed flags.readFromStream(s) at 159
09-14 09:34:44.344   516   516 W skia    : AGTM parsing failed flags.readFromStream(s) at 159
09-14 09:34:44.344   516   516 W skia    : AGTM parsing failed flags.readFromStream(s) at 159
09-14 09:34:44.344  1401  1401 D SmartspaceInteractor: notifySmartspaceEvent: SmartspaceTargetEvent{mSmartspaceTarget=null, mSmartspaceActionId='null', mEventType=6}
09-14 09:34:44.344   516   516 W skia    : AGTM parsing failed flags.readFromStream(s) at 159
09-14 09:34:44.344   516   516 W skia    : AGTM parsing failed flags.readFromStream(s) at 159
09-14 09:34:44.344   516   516 W skia    : AGTM parsing failed flags.readFromStream(s) at 159
09-14 09:34:44.345   661  2166 D WindowManager: setClientSurface Surface(name=VRI-com.google.android.apps.nexuslauncher/com.google.android.apps.nexuslauncher.NexusLauncherActivity#5218)/@0xb345221 for 53cdef0 com.google.android.apps.nexuslauncher/com.google.android.apps.nexuslauncher.NexusLauncherActivity
09-14 09:34:44.345  1401  1401 I Surface : Creating surface for consumer unnamed-1401-216 with slotExpansion=1 for 64 slots
09-14 09:34:44.345  1401  1401 I Surface : Creating surface for consumer VRI[NexusLauncherActivity]#148(BLAST Consumer)148 with slotExpansion=1 for 64 slots
09-14 09:34:44.346  1401  1401 D BaseDepthController: setSurface:
09-14 09:34:44.346  1401  1401 D BaseDepthController: 	mWaitingOnSurfaceValidity: false
09-14 09:34:44.346  1401  1401 D BaseDepthController: 	mBaseSurface: Surface(name=VRI-com.google.android.apps.nexuslauncher/com.google.android.apps.nexuslauncher.NexusLauncherActivity#5218)/@0xb79f91b
09-14 09:34:44.346  1401  1401 V BaseDepthController: Applying blur: 79 to Surface(name=VRI-com.google.android.apps.nexuslauncher/com.google.android.apps.nexuslauncher.NexusLauncherActivity#5218)/@0xb79f91b applyImmediately: false
09-14 09:34:44.346  1401  1401 D BaseDepthController: shouldBlurWorkspace: true targetState: AllApps currentStableState: AllApps mCurrentBlur: 79 mLauncher.getDepthBlurTargets(): [com.android.launcher3.Workspace{2b77ab8 V.ED..... ......ID 0,0-1080,2400 #7f0a0498 app:id/workspace}, com.android.launcher3.Hotseat{1d38091 V.ED..... .......D 0,1905-1080,2400 #7f0a01f8 app:id/hotseat}]
09-14 09:34:44.360  1401  1401 D RecentTasksList: invalidateLoadedTasks - previous requestLoadId: -1
09-14 09:34:44.360  1110  1424 D WallpaperService: onVisibilityChanged(true): com.android.systemui.wallpapers.ImageWallpaper$CanvasEngine@b49a053
09-14 09:34:44.361   661   687 V SharedSurfaceAnimation: Checking SharedSurface matching for: ComponentInfo{com.highfly.logbook/com.highfly.logbook.MainActivity}, user= 0
09-14 09:34:44.361   661   687 V SharedSurfaceAnimation:   No matching provider found.
09-14 09:34:44.361   516   516 W skia    : AGTM parsing failed flags.readFromStream(s) at 159
09-14 09:34:44.361   516   516 W skia    : AGTM parsing failed flags.readFromStream(s) at 159
09-14 09:34:44.361   516   516 W skia    : AGTM parsing failed flags.readFromStream(s) at 159
09-14 09:34:44.361   516   516 W skia    : AGTM parsing failed flags.readFromStream(s) at 159
09-14 09:34:44.361   516   516 W skia    : AGTM parsing failed flags.readFromStream(s) at 159
09-14 09:34:44.361   516   516 W skia    : AGTM parsing failed flags.readFromStream(s) at 159
09-14 09:34:44.361   516   516 W skia    : AGTM parsing failed flags.readFromStream(s) at 159
09-14 09:34:44.361   516   516 W skia    : AGTM parsing failed flags.readFromStream(s) at 159
09-14 09:34:44.361   516   516 W skia    : AGTM parsing failed flags.readFromStream(s) at 159
09-14 09:34:44.361   516   516 W skia    : AGTM parsing failed flags.readFromStream(s) at 159
09-14 09:34:44.361   516   516 W skia    : AGTM parsing failed flags.readFromStream(s) at 159
09-14 09:34:44.362  1110  1257 V WindowManagerShell: onTransitionReady(transaction=2838973422280)
09-14 09:34:44.362  1110  1200 V WindowManagerShell: onTransitionReady (#306) android.os.BinderProxy@5f4517a: {id=306 t=CLOSE f=0x10 trk=0 r=[0@Point(0, 0)] c=[
09-14 09:34:44.362  1110  1200 V WindowManagerShell:         {m=CLOSE f=FLAG_CHANGED_INTERACTIVE leash=Surface(name=Task=149#5182)/@0x148e588 sb=Rect(0, 0 - 1080, 2400) eb=Rect(0, 0 - 1080, 2400) epz=Point(1080, 2400) d=0 taskParent=-1 winMode=1 userId=0},
09-14 09:34:44.362  1110  1200 V WindowManagerShell:         {m=TO_FRONT f=SHOW_WALLPAPER|MOVE_TO_TOP|FLAG_CHANGED_INTERACTIVE leash=Surface(name=Task=1#35)/@0x1295b21 sb=Rect(0, 0 - 1080, 2400) eb=Rect(0, 0 - 1080, 2400) epz=Point(1080, 2400) d=0 taskParent=-1 winMode=1 userId=0},
09-14 09:34:44.362  1110  1200 V WindowManagerShell:         {m=TO_FRONT f=IS_WALLPAPER leash=Surface(name=WallpaperWindowToken{9bd9d3d}#41)/@0x4e60b46 sb=Rect(0, 0 - 1080, 2400) eb=Rect(0, 0 - 1080, 2400) epz=Point(1080, 2400) d=0}
09-14 09:34:44.362  1110  1200 V WindowManagerShell:     ]}
09-14 09:34:44.362  1110  1200 V WindowManagerShell: FocusTransitionObserver: Updating focus state for transition #306
09-14 09:34:44.362  1110  1200 D WindowManagerShell: FocusTransitionObserver: Focus updated on displayId=0 to taskId=1
09-14 09:34:44.362  1110  1200 V WindowManagerShell: FocusTransitionObserver: Notifying local listeners of task focus change: taskId=149, isFocusedOnDisplay=false, isFocusedGlobally=false
09-14 09:34:44.362  1110  1200 V WindowManagerShell: FocusTransitionObserver: Notifying local listeners of task focus change: taskId=1, isFocusedOnDisplay=true, isFocusedGlobally=true
09-14 09:34:44.362  1110  1200 V RecentTasksController: Notify recent tasks changed: 2
09-14 09:34:44.362   516   516 W skia    : AGTM parsing failed flags.readFromStream(s) at 159
09-14 09:34:44.362   516   516 W skia    : AGTM parsing failed flags.readFromStream(s) at 159
09-14 09:34:44.362   516   516 W skia    : AGTM parsing failed flags.readFromStream(s) at 159
09-14 09:34:44.362   516   516 W skia    : AGTM parsing failed flags.readFromStream(s) at 159
09-14 09:34:44.362   516   516 W skia    : AGTM parsing failed flags.readFromStream(s) at 159
09-14 09:34:44.362   516   516 W skia    : AGTM parsing failed flags.readFromStream(s) at 159
09-14 09:34:44.362   516   516 W skia    : AGTM parsing failed flags.readFromStream(s) at 159
09-14 09:34:44.362   516   516 W skia    : AGTM parsing failed flags.readFromStream(s) at 159
09-14 09:34:44.362   516   516 W skia    : AGTM parsing failed flags.readFromStream(s) at 159
09-14 09:34:44.362   516   516 W skia    : AGTM parsing failed flags.readFromStream(s) at 159
09-14 09:34:44.362   516   516 W skia    : AGTM parsing failed flags.readFromStream(s) at 159
09-14 09:34:44.362   516   516 W skia    : AGTM parsing failed flags.readFromStream(s) at 159
09-14 09:34:44.362  1110  1200 V WindowManagerShell: Playing animation for (#306) android.os.BinderProxy@5f4517a@0
09-14 09:34:44.362   516   516 W skia    : AGTM parsing failed flags.readFromStream(s) at 159
09-14 09:34:44.362   516   516 W skia    : AGTM parsing failed flags.readFromStream(s) at 159
09-14 09:34:44.362   516   516 W skia    : AGTM parsing failed flags.readFromStream(s) at 159
09-14 09:34:44.362   516   516 W skia    : AGTM parsing failed flags.readFromStream(s) at 159
09-14 09:34:44.362   516   516 W skia    : AGTM parsing failed flags.readFromStream(s) at 159
09-14 09:34:44.362   516   516 W skia    : AGTM parsing failed flags.readFromStream(s) at 159
09-14 09:34:44.362   516   516 W skia    : AGTM parsing failed flags.readFromStream(s) at 159
09-14 09:34:44.362   516   516 W skia    : AGTM parsing failed flags.readFromStream(s) at 159
09-14 09:34:44.362   516   516 W skia    : AGTM parsing failed flags.readFromStream(s) at 159
09-14 09:34:44.362   516   516 W skia    : AGTM parsing failed flags.readFromStream(s) at 159
09-14 09:34:44.362   516   516 W skia    : AGTM parsing failed flags.readFromStream(s) at 159
09-14 09:34:44.362   516   516 W skia    : AGTM parsing failed flags.readFromStream(s) at 159
09-14 09:34:44.362   516   516 W skia    : AGTM parsing failed flags.readFromStream(s) at 159
09-14 09:34:44.362   516   516 W skia    : AGTM parsing failed flags.readFromStream(s) at 159
09-14 09:34:44.362  1110  1200 D ShellSplitScreen: startAnimation: transition=306 isSplitActive=false
09-14 09:34:44.362   516   516 W skia    : AGTM parsing failed flags.readFromStream(s) at 159
09-14 09:34:44.362   516   516 W skia    : AGTM parsing failed flags.readFromStream(s) at 159
09-14 09:34:44.362  1110  1200 V ShellRecents: RecentsTransitionHandler.startAnimation: no controller found
09-14 09:34:44.362   516   516 W skia    : AGTM parsing failed flags.readFromStream(s) at 159
09-14 09:34:44.362  1110  1200 V ShellDesktopMode: DesktopMixedTransitionHandler: No pending desktop transition
09-14 09:34:44.362  1110  1200 V ShellDesktopMode: DesktopHomeScreenPeekTransitionHandler: startAnimation
09-14 09:34:44.363  1110  1200 V WindowManagerShell: Transition doesn't have explicit remote, search filters for match for {id=306 t=CLOSE f=0x10 trk=0 r=[0@Point(0, 0)] c=[{m=CLOSE f=FLAG_CHANGED_INTERACTIVE leash=Surface(name=Task=149#5182)/@0x148e588 sb=Rect(0, 0 - 1080, 2400) eb=Rect(0, 0 - 1080, 2400) epz=Point(1080, 2400) d=0 taskParent=-1 winMode=1 userId=0},{m=TO_FRONT f=SHOW_WALLPAPER|MOVE_TO_TOP|FLAG_CHANGED_INTERACTIVE leash=Surface(name=Task=1#35)/@0x1295b21 sb=Rect(0, 0 - 1080, 2400) eb=Rect(0, 0 - 1080, 2400) epz=Point(1080, 2400) d=0 taskParent=-1 winMode=1 userId=0},{m=TO_FRONT f=IS_WALLPAPER leash=Surface(name=WallpaperWindowToken{9bd9d3d}#41)/@0x4e60b46 sb=Rect(0, 0 - 1080, 2400) eb=Rect(0, 0 - 1080, 2400) epz=Point(1080, 2400) d=0}]}
09-14 09:34:44.364  1110  1200 V WindowManagerShell:  Checking filter Pair{{types=[] flags=0x0 notFlags=0x0 checks=[{atype=undefined independent=true modes=[CLOSE,TO_BACK] flags=IN_TASK_WITH_EMBEDDED_ACTIVITY mustBeTask=false order=ANY topActivity=null launchCookie=null taskFragmentToken=android.os.BinderProxy@f4d7f9 windowingMode=undefined isCrossDisplayMove=false}]} RemoteTransition { remoteTransition = android.window.IRemoteTransition$Stub$Proxy@5a4033e, appThread = android.app.IApplicationThread$Stub$Proxy@fc6759f, debugName = overlayBackTransition, filter = {types=[] flags=0x0 notFlags=0x0 checks=[{atype=undefined independent=true modes=[CLOSE,TO_BACK] flags=IN_TASK_WITH_EMBEDDED_ACTIVITY mustBeTask=false order=ANY topActivity=null launchCookie=null taskFragmentToken=android.os.BinderProxy@f4d7f9 windowingMode=undefined isCrossDisplayMove=false}]} }}
09-14 09:34:44.364  1110  1200 V WindowManagerShell:  Checking filter Pair{{types=[] flags=0x0 notFlags=0x0 checks=[{atype=dream independent=true modes=[OPEN,TO_FRONT] flags=NONE mustBeTask=false order=ANY topActivity=null launchCookie=null windowingMode=undefined isCrossDisplayMove=false},{atype=home independent=true modes=[CLOSE,TO_BACK] flags=NONE mustBeTask=false order=ANY topActivity=null launchCookie=null windowingMode=undefined isCrossDisplayMove=false}]} RemoteTransition { remoteTransition = android.window.IRemoteTransition$Stub$Proxy@750b6ec, appThread = android.app.IApplicationThread$Stub$Proxy@ba1fab5, debugName = LauncherToDream, filter = {types=[] flags=0x0 notFlags=0x0 checks=[{atype=dream independent=true modes=[OPEN,TO_FRONT] flags=NONE mustBeTask=false order=ANY topActivity=null launchCookie=null windowingMode=undefined isCrossDisplayMove=false},{atype=home independent=true modes=[CLOSE,TO_BACK] flags=NONE mustBeTask=false order=ANY topActivity=null launchCookie=null windowingMode=undefined isCrossDisplayMove=false}]} }}
09-14 09:34:44.364  1110  1200 V WindowManagerShell:  Checking filter Pair{{types=[] flags=0x0 notFlags=0x0 checks=[{atype=standard independent=false modes=[CHANGE] flags=NONE mustBeTask=true order=ANY topActivity=null launchCookie=null windowingMode=undefined isCrossDisplayMove=true}]} RemoteTransition { remoteTransition = android.window.IRemoteTransition$Stub$Proxy@b59154a, appThread = android.app.IApplicationThread$Stub$Proxy@aa6ccbb, debugName = QuickstepDisplayMove, filter = {types=[] flags=0x0 notFlags=0x0 checks=[{atype=standard independent=false modes=[CHANGE] flags=NONE mustBeTask=true order=ANY topActivity=null launchCookie=null windowingMode=undefined isCrossDisplayMove=true}]} }}
09-14 09:34:44.364  1110  1200 V WindowManagerShell:  Checking filter Pair{{types=[] flags=0x0 notFlags=0x100 checks=[{atype=home independent=true modes=[OPEN,TO_FRONT] flags=NONE mustBeTask=false order=ANY topActivity=ComponentInfo{com.google.android.apps.nexuslauncher/com.google.android.apps.nexuslauncher.NexusLauncherActivity} launchCookie=null windowingMode=undefined isCrossDisplayMove=false},{atype=standard independent=true modes=[CLOSE,TO_BACK] flags=NONE mustBeTask=false order=ANY topActivity=null launchCookie=null windowingMode=undefined isCrossDisplayMove=false},{NOT atype=undefined independent=true modes=[] flags=NONE mustBeTask=true order=ANY topActivity=null launchCookie=null customAnim=true windowingMode=undefined isCrossDisplayMove=false}]} RemoteTransition { remoteTransition = android.window.IRemoteTransition$Stub$Proxy@f0855d8, appThread = android.app.IApplicationThread$Stub$Proxy@dc48d31, debugName = QuickstepLaunchHome, filter = {types=[] flags=0x0 notFlags=0x100 checks=[{atype=home independent=true modes=[OPEN,TO_FRONT] flags=NONE mustBeTask=false order=ANY topActivity=ComponentInfo{com.google.android.apps.nexuslauncher/com.google.android.apps.nexuslauncher.NexusLauncherActivity} launchCookie=null windowingMode=undefined isCrossDisplayMove=false},{atype=standard independent=true modes=[CLOSE,TO_BACK] flags=NONE mustBeTask=false order=ANY topActivity=null launchCookie=null windowingMode=undefined isCrossDisplayMove=false},{NOT atype=undefined independent=true modes=[] flags=NONE mustBeTask=true order=ANY topActivity=null launchCookie=null customAnim=true windowingMode=undefined isCrossDisplayMove=false}]} }}
09-14 09:34:44.364  1110  1200 D RemoteTransitionHandler: Found filterPair{{types=[] flags=0x0 notFlags=0x100 checks=[{atype=home independent=true modes=[OPEN,TO_FRONT] flags=NONE mustBeTask=false order=ANY topActivity=ComponentInfo{com.google.android.apps.nexuslauncher/com.google.android.apps.nexuslauncher.NexusLauncherActivity} launchCookie=null windowingMode=undefined isCrossDisplayMove=false},{atype=standard independent=true modes=[CLOSE,TO_BACK] flags=NONE mustBeTask=false order=ANY topActivity=null launchCookie=null windowingMode=undefined isCrossDisplayMove=false},{NOT atype=undefined independent=true modes=[] flags=NONE mustBeTask=true order=ANY topActivity=null launchCookie=null customAnim=true windowingMode=undefined isCrossDisplayMove=false}]} RemoteTransition { remoteTransition = android.window.IRemoteTransition$Stub$Proxy@f0855d8, appThread = android.app.IApplicationThread$Stub$Proxy@dc48d31, debugName = QuickstepLaunchHome, filter = {types=[] flags=0x0 notFlags=0x100 checks=[{atype=home independent=true modes=[OPEN,TO_FRONT] flags=NONE mustBeTask=false order=ANY topActivity=ComponentInfo{com.google.android.apps.nexuslauncher/com.google.android.apps.nexuslauncher.NexusLauncherActivity} launchCookie=null windowingMode=undefined isCrossDisplayMove=false},{atype=standard independent=true modes=[CLOSE,TO_BACK] flags=NONE mustBeTask=false order=ANY topActivity=null launchCookie=null windowingMode=undefined isCrossDisplayMove=false},{NOT atype=undefined independent=true modes=[] flags=NONE mustBeTask=true order=ANY topActivity=null launchCookie=null customAnim=true windowingMode=undefined isCrossDisplayMove=false}]} }}
09-14 09:34:44.364  1110  1200 V WindowManagerShell:  Delegate animation for (#306) to RemoteTransition { remoteTransition = android.window.IRemoteTransition$Stub$Proxy@f0855d8, appThread = android.app.IApplicationThread$Stub$Proxy@dc48d31, debugName = QuickstepLaunchHome, filter = {types=[] flags=0x0 notFlags=0x100 checks=[{atype=home independent=true modes=[OPEN,TO_FRONT] flags=NONE mustBeTask=false order=ANY topActivity=ComponentInfo{com.google.android.apps.nexuslauncher/com.google.android.apps.nexuslauncher.NexusLauncherActivity} launchCookie=null windowingMode=undefined isCrossDisplayMove=false},{atype=standard independent=true modes=[CLOSE,TO_BACK] flags=NONE mustBeTask=false order=ANY topActivity=null launchCookie=null windowingMode=undefined isCrossDisplayMove=false},{NOT atype=undefined independent=true modes=[] flags=NONE mustBeTask=true order=ANY topActivity=null launchCookie=null customAnim=true windowingMode=undefined isCrossDisplayMove=false}]} }
09-14 09:34:44.365   516   547 W skia    : AGTM parsing failed flags.readFromStream(s) at 159
09-14 09:34:44.365   516   547 W skia    : AGTM parsing failed flags.readFromStream(s) at 159
09-14 09:34:44.365  1401  1401 D LauncherStateManager: StateManager.cancelAnimation: animation ongoing: false, partial trace:
09-14 09:34:44.365  1401  1401 D LauncherStateManager: 	at com.android.launcher3.statemanager.StateManager.setCurrentAnimation(go/retraceme 815e0705c72483a13850a92e13311adc3be202157d5e2ccabeb5d99cd4ed4ca4:59)
09-14 09:34:44.365  1401  1401 D LauncherStateManager: 	at com.android.launcher3.QuickstepTransitionManager.createWallpaperOpenAnimations(go/retraceme 815e0705c72483a13850a92e13311adc3be202157d5e2ccabeb5d99cd4ed4ca4:757)
09-14 09:34:44.365  1401  1401 D LauncherStateManager: 	at com.android.launcher3.QuickstepTransitionManager$WallpaperOpenLauncherAnimationRunner.onAnimationStart(go/retraceme 815e0705c72483a13850a92e13311adc3be202157d5e2ccabeb5d99cd4ed4ca4:135)
09-14 09:34:44.365  1401  1401 D b/311077782: LauncherAnimationRunner.setAnimation
09-14 09:34:44.366   661   683 V WindowManager: Sent Transition (#306) createdAt=09-14 09:34:44.309 via request=TransitionRequestInfo { type = CLOSE, triggerTask = TaskInfo{userId=0 taskId=149 effectiveUid=10229 seqId=0 displayId=0 isRunning=true baseIntent=Intent { act=android.intent.action.MAIN cat=[android.intent.category.LAUNCHER] flg=0x10200000 cmp=com.highfly.logbook/.MainActivity } baseActivity=ComponentInfo{com.highfly.logbook/com.highfly.logbook.MainActivity} topActivity=ComponentInfo{com.highfly.logbook/com.highfly.logbook.MainActivity} origActivity=null realActivity=ComponentInfo{com.highfly.logbook/com.highfly.logbook.MainActivity} realActivityIsAppLockEnabled=false numActivities=1 lastActiveTime=38417661 supportsMultiWindow=true supportsMultiWindowWithoutConstraints=true resizeMode=1 isResizeable=true minWidth=-1 minHeight=-1 defaultMinSize=220 token=WCT{RemoteToken{f625436 Task{f797d86 #149 type=standard A=10229:com.highfly.logbook}}} topActivityType=1 pictureInPictureParams=null shouldDockBigOverlays=false launchIntoPipHostTaskId=-1 lastParentTaskIdBeforePip=-1 displayCutoutSafeInsets=Rect(0, 0 - 0, 0) topActivityInfo=ActivityInfo{a4a7f37 com.highfly.logbook.MainActivity} launchCookies=[android.os.BinderProxy@51ca4] positionInParent=Point(0, 0) parentTaskId=-1 isFocused=true isInteractive=true isVisible=true isVisibleRequested=true isTopActivityNoDisplay=false isSleeping=false locusId=null displayAreaFeatureId=1 isTopActivityTransparent=false isActivityStackTransparent=false lastNonFullscreenBounds=null leafTaskBoundsFromOptions= false capturedLink=null capturedLinkTimestamp=0 requestedVisibleTypes=511 topActivityRequestOpenInBrowserEducationTimestamp=0 appCompatTaskInfo=AppCompatTaskInfo { topActivityInSizeCompat=false isLeafTask= true eligibleForLetterboxEducation= false isLetterboxEducationEnabled= true isLetterboxDoubleTapEnabled= false eligibleForUserAspectRatioButton= false topActivityBoundsLetterboxed= false isFromLetterboxDoubleTap= false topActivityLetterboxVerticalPosition= -1 topActivityLetterboxHorizontalPosition= -1 topActivityLetterboxWidth=-1 topActivityLetterboxHeight=-1 topActivityAppBounds=Rect(0, 0 - 1080, 2400) isUserFullscreenOverrideEnabled=false isSystemFullscreenOverrideEnabled=false hasMinAspectRatioOverride=false topActivityLetterboxBounds=null topNonResizableActivityAspectRatio=-1.0} topActivityMainWindowFrame=null isAppBubble=false}, pipChange = null, remoteTransitionInfo = null, displayChanges = null, requestedLocation = null, userChange = null, windowingLayerChange = null, fullscreenRequestChange = null, flags = 16, debugId = 306 }
09-14 09:34:44.366   661   683 V WindowManager:     startWCT=WindowContainerTransaction { changes= {} hops= [] flags= 0 errorCallbackToken=null taskFragmentOrganizer=null }
09-14 09:34:44.366   661   683 V WindowManager:     info={id=306 t=CLOSE f=0x10 trk=0 r=[0@Point(0, 0)] c=[
09-14 09:34:44.366   661   683 V WindowManager:         {WCT{RemoteToken{f625436 Task{f797d86 #149 type=standard A=10229:com.highfly.logbook}}} m=CLOSE f=FLAG_CHANGED_INTERACTIVE leash=Surface(name=Task=149#5182)/@0x5668f8 sb=Rect(0, 0 - 1080, 2400) eb=Rect(0, 0 - 1080, 2400) epz=Point(1080, 2400) d=0 taskParent=-1 winMode=1 userId=0},
09-14 09:34:44.366   661   683 V WindowManager:         {WCT{RemoteToken{352ed02 Task{769d023 #1 type=home}}} m=TO_FRONT f=SHOW_WALLPAPER|MOVE_TO_TOP|FLAG_CHANGED_INTERACTIVE leash=Surface(name=Task=1#35)/@0x646a9e4 sb=Rect(0, 0 - 1080, 2400) eb=Rect(0, 0 - 1080, 2400) epz=Point(1080, 2400) d=0 taskParent=-1 winMode=1 userId=0},
09-14 09:34:44.366   661   683 V WindowManager:         {m=TO_FRONT f=IS_WALLPAPER leash=Surface(name=WallpaperWindowToken{9bd9d3d}#41)/@0xc65f079 sb=Rect(0, 0 - 1080, 2400) eb=Rect(0, 0 - 1080, 2400) epz=Point(1080, 2400) d=0}
09-14 09:34:44.366   661   683 V WindowManager:     ]}
09-14 09:34:44.366   661  2166 W ActivityTaskManager: setRunningRemoteTransition: no process for null
09-14 09:34:44.366  1110  1200 V WindowManagerShell:  animated by com.android.wm.shell.transition.RemoteTransitionHandler@fa3cb6d
09-14 09:34:44.378   516   516 W skia    : AGTM parsing failed flags.readFromStream(s) at 159
09-14 09:34:44.378   516   516 W skia    : AGTM parsing failed flags.readFromStream(s) at 159
09-14 09:34:44.378   516   516 W skia    : AGTM parsing failed flags.readFromStream(s) at 159
09-14 09:34:44.378   516   516 W skia    : AGTM parsing failed flags.readFromStream(s) at 159
09-14 09:34:44.378   516   516 W skia    : AGTM parsing failed flags.readFromStream(s) at 159
09-14 09:34:44.378   516   516 W skia    : AGTM parsing failed flags.readFromStream(s) at 159
09-14 09:34:44.378   516   516 W skia    : AGTM parsing failed flags.readFromStream(s) at 159
09-14 09:34:44.378   516   516 W skia    : AGTM parsing failed flags.readFromStream(s) at 159
09-14 09:34:44.378   516   516 W skia    : AGTM parsing failed flags.readFromStream(s) at 159
09-14 09:34:44.378   516   516 W skia    : AGTM parsing failed flags.readFromStream(s) at 159
09-14 09:34:44.378  1401  1401 D SsBaseTemplateCard: Passed-in item info is null
09-14 09:34:44.378  1401  1401 D SsBaseTemplateCard: Passed-in item info is null
09-14 09:34:44.378  1401  1401 D SsBaseTemplateCard: Passed-in item info is null
09-14 09:34:44.378  1401  1401 D SsBaseTemplateCard: Passed-in item info is null
09-14 09:34:44.378  1401  1401 I SsBaseTemplateCard: Secondary card pane is null
09-14 09:34:44.379  1401  1401 D RecentTasksList: invalidateLoadedTasks - previous requestLoadId: -1
09-14 09:34:44.394   516   516 W skia    : AGTM parsing failed flags.readFromStream(s) at 159
09-14 09:34:44.394   516   516 W skia    : AGTM parsing failed flags.readFromStream(s) at 159
09-14 09:34:44.394   516   516 W skia    : AGTM parsing failed flags.readFromStream(s) at 159
09-14 09:34:44.394   516   516 W skia    : AGTM parsing failed flags.readFromStream(s) at 159
09-14 09:34:44.394   516   516 W skia    : AGTM parsing failed flags.readFromStream(s) at 159
09-14 09:34:44.394   516   516 W skia    : AGTM parsing failed flags.readFromStream(s) at 159
09-14 09:34:44.394   516   516 W skia    : AGTM parsing failed flags.readFromStream(s) at 159
09-14 09:34:44.395   516   516 W skia    : AGTM parsing failed flags.readFromStream(s) at 159
09-14 09:34:44.395   516   516 W skia    : AGTM parsing failed flags.readFromStream(s) at 159
09-14 09:34:44.395   516   516 W skia    : AGTM parsing failed flags.readFromStream(s) at 159
09-14 09:34:44.395   516   516 W skia    : AGTM parsing failed flags.readFromStream(s) at 159
09-14 09:34:44.395   476   524 I RanchuHwc: logCompositionFallbackIfChanged: layer 955 CompositionType fallback from 2 to 1
09-14 09:34:44.395   516   547 W skia    : AGTM parsing failed flags.readFromStream(s) at 159
09-14 09:34:44.395   516   547 W skia    : AGTM parsing failed flags.readFromStream(s) at 159
09-14 09:34:44.395   516   547 W skia    : AGTM parsing failed flags.readFromStream(s) at 159
09-14 09:34:44.395   516   547 W skia    : AGTM parsing failed flags.readFromStream(s) at 159
09-14 09:34:44.395   516   547 W skia    : AGTM parsing failed flags.readFromStream(s) at 159
09-14 09:34:44.395   516   547 W skia    : AGTM parsing failed flags.readFromStream(s) at 159
09-14 09:34:44.395   516   547 W skia    : AGTM parsing failed flags.readFromStream(s) at 159
09-14 09:34:44.395   516   547 W skia    : AGTM parsing failed flags.readFromStream(s) at 159
09-14 09:34:44.395   516   547 W skia    : AGTM parsing failed flags.readFromStream(s) at 159
09-14 09:34:44.396  1401  1401 D BaseActivity: Launcher flags updated: [state_started|state_resumed|state_deferred_resumed|state_window_focused|state_user_active] +[state_window_focused]
09-14 09:34:44.396  1401  1401 D ExtendedEditText: onWindowFocusChanged: hasWindowFocus=true
09-14 09:34:44.397   661   780 I ImeTracker: com.google.android.apps.nexuslauncher:072ee76d: onRequestHide at ORIGIN_SERVER reason HIDE_UNSPECIFIED_WINDOW fromUser false userId 0 displayId 0
09-14 09:34:44.397  1401  1401 D InsetsController: hide(ime())
09-14 09:34:44.397  1401  1401 I ImeTracker: com.google.android.apps.nexuslauncher:072ee76d: onCancelled at PHASE_CLIENT_ALREADY_HIDDEN
09-14 09:34:44.397  7043  7043 I GoogleInputMethodService: GoogleInputMethodService.onFinishInput():2269 
09-14 09:34:44.398   661   780 W InputChannel-JNI: Channel already disposed.
09-14 09:34:44.398  7043  7043 I Module  : DeviceLockedStatusModuleProvider$Module.updateDeviceLockedStatusInternal():127 repeatCheckTimes = 0, locked = false
09-14 09:34:44.398  7043  7043 I GoogleInputMethodService: GoogleInputMethodService.onStartInput():1454 onStartInput(EditorInfo{EditorInfo{packageName=com.google.android.apps.nexuslauncher, inputType=0, inputTypeString=NULL, enableLearning=false, autoCorrection=false, autoComplete=false, imeOptions=0, privateImeOptions=null, actionName=UNSPECIFIED, actionLabel=null, initialSelStart=-1, initialSelEnd=-1, initialCapsMode=0, label=null, fieldId=0, fieldName=null, extras=null, hintText=null, hintLocales=[]}}, false)
09-14 09:34:44.398  7043  7043 I AndroidIME: LatinIMEBase.updateInputViewCoverNavigation():321 Update input view padding, isNavbarOverInputWindow=true, bottom inset=63
09-14 09:34:44.398   661  2239 I ImeTracker: system_server:3669e261: onRequestHide at ORIGIN_SERVER reason IME_REQUESTED_CHANGED_LISTENER fromUser false displayId 0
09-14 09:34:44.398  7043  7043 I Module  : DeviceLockedStatusModuleProvider$Module.updateDeviceLockedStatusInternal():127 repeatCheckTimes = 1, locked = false
09-14 09:34:44.398   661   686 I ImeTracker: system_server:3669e261: onCancelled at PHASE_SERVER_SHOULD_HIDE
09-14 09:34:44.398   661  2239 W PackageConfigPersister: App-specific configuration not found for packageName: com.google.android.apps.nexuslauncher and userId: 0
09-14 09:34:44.398  7043  7043 I InputMethodEntryManager: InputMethodEntryManager.clearTemporarilyEnabledLanguages():2189 temporarilyEnabledEntryTuples [LanguageTagVariantTuple{languageTag=de-DE, variant=qwerty}]
09-14 09:34:44.398  7043  7043 I InputMethodEntryManager: InputMethodEntryManager.changeCurrentInputMethodEntry():3095 Set current input method entry: source=UNSPECIFIED, entryChanged=true, enablePersist=true, npg{languageTag=en-US, variant=qwerty, hasLocalizedResources=true, conditionCacheKey=_android_software_xr_api_spatial=false_app_first_start_timestamp=1789210355600_cache_ime_defs_for_condition_change=false_deprecate_long_press_space_for_ime_picker=false_device=phone_device_size=default_enable_more_candidates_view_for_multilingual=false_enable_number_row=false_enable_number_row_in_password=true_enable_pk_simulator=false_enable_pk_simulator_setting=false_enable_preemptive_decode=true_enable_scrub_move=true_enable_secondary_digits=true_enable_secondary_symbols=false_expressions=normal_four_or_more_letter_rows=false_free_cursor=false_free_cursor_spacebar_popup=false_keyboard_font_size_setting=_keyboard_mode=normal_language=en-US_layout_9key_split=false_orientation=portrait_physical_keyboard=qwerty_pk_simulator_vk_ready=false_pref_enable_flick_symbols=false_rtl_layout=false_show_comma_key=true_show_period_key=true_show_secondary_digits=true_show_suggestion_strip=true_show_suggestions=true_split_with_duplicate_keys=true_true=true_variant=qwerty_writing_helper_enable_by_word_revert=false, imeDef.stringId=ime_english_united_states, imeDef.className=com.google.android.apps.inputmethod.libs.latin5.LatinIme, imeDef.languageTag=en-US}
09-14 09:34:44.399  7043  7043 I InputMethodEntryManager: InputMethodEntryManager.loadAdditionalImeDefsForCurrentEntry():3128 loadAdditionalImeDefsForCurrentEntry(): npg{languageTag=en-US, variant=qwerty, hasLocalizedResources=true, conditionCacheKey=_android_software_xr_api_spatial=false_app_first_start_timestamp=1789210355600_cache_ime_defs_for_condition_change=false_deprecate_long_press_space_for_ime_picker=false_device=phone_device_size=default_enable_more_candidates_view_for_multilingual=false_enable_number_row=false_enable_number_row_in_password=true_enable_pk_simulator=false_enable_pk_simulator_setting=false_enable_preemptive_decode=true_enable_scrub_move=true_enable_secondary_digits=true_enable_secondary_symbols=false_expressions=normal_four_or_more_letter_rows=false_free_cursor=false_free_cursor_spacebar_popup=false_keyboard_font_size_setting=_keyboard_mode=normal_language=en-US_layout_9key_split=false_orientation=portrait_physical_keyboard=qwerty_pk_simulator_vk_ready=false_pref_enable_flick_symbols=false_rtl_layout=false_show_comma_key=true_show_period_key=true_show_secondary_digits=true_show_suggestion_strip=true_show_suggestions=true_split_with_duplicate_keys=true_true=true_variant=qwerty_writing_helper_enable_by_word_revert=false, imeDef.stringId=ime_english_united_states, imeDef.className=com.google.android.apps.inputmethod.libs.latin5.LatinIme, imeDef.languageTag=en-US}
09-14 09:34:44.399  7043  7043 I InputMethodEntryManager: InputMethodEntryManager$6.onSuccess():3154 Success load additional ImeDefs, entryChanged=true, additionalImeDefsChanged=true, [ImeDef{stringId=password, language=und-Latn-x-password, languageTag=und-Latn-x-password, processedConditions={language=en-US, variant=qwerty, enable_number_row=true, enable_pk_simulator=false, true=true, device=phone, writing_helper_enable_by_word_revert=false, enable_number_row_in_password=true}, className=com.google.android.libraries.inputmethod.ime.password.PasswordIme, label=2132019375, keyEventInterpreter=null, inlineComposing=true, autoCapital=true, announceAutoSelectedCandidate=true, statusIcon=0, indicatorIcon=0, indicatorLabel=null, displayAppCompletions=false, extraValues=okj{}, processors=com.google.android.libraries.inputmethod.metadata.ProcessorsDef@87e60b6, unacceptableMetaKeys=4098, languageSpecificSettings=0, asciiCapable=false, alwaysShowSuggestions=false, useAsciiPasswordKeyboard=false, keyboardGroupDef=KeyboardGroupDef(variant=qwerty, variantLabel=0, pkLanguageTag=, pkLayoutType=, dynamicLayout=null, layoutSpecificSettings=[], layoutSpecificTheme=2132083595, order=0, supportsSplitMode=true, supportsOneHandedMode=true, isVariantNameMandatory=false, keyboardDefInfos={prime=KeyboardDefInfo(kbType=prime, initialStates=0, keyboardDefs=[2132215290, 2132215953, 2132215482], extraValues=okj{}), digit=KeyboardDefInfo(kbType=digit, initialStates=0, keyboardDefs=[2132215914], extraValues=okj{}), symbol=KeyboardDefInfo(kbType=symbol, initialStates=0, keyboardDefs=[2132216099], extraValues=okj{})}, overrideKeyboardXmlConditions=com.google.android.libraries.inputmethod.metadata.OverrideKeyboardXmlConditionsDef@20ad1b7), phenotypeFlagId=0, localizationLanguageTag=null, supportsInlineSuggestion=false}, ImeDef{stringId=number, language=und-Latn-x-number, languageTag=und-Latn-x-number, processedConditions={}, className=com.google.android.libraries.inputmethod.ime.DummyIme, label=2132019312, keyEventInterpreter=null, inlineComposing=true, autoCapital=false, announceAutoSelectedCandidate=false, statusIcon=0, indicatorIcon=0, indicatorLabel=null, displayAppCompletions=false, extraValues=okj{}, processors=com.google.android.libraries.inputmethod.metadata.ProcessorsDef@87e60b6, unacceptableMetaKeys=4098, languageSpecificSettings=0, asciiCapable=false, alwaysShowSuggestions=false, useAsciiPasswordKeyboard=false, keyboardGroupDef=KeyboardGroupDef(variant=, variantLabel=0, pkLanguageTag=, pkLayoutType=, dynamicLayout=null, layoutSpecificSettings=[], layoutSpecificTheme=0, order=0, supportsSplitMode=false, supportsOneHandedMode=true, isVariantNameMandatory=false, keyboardDefInfos={prime=KeyboardDefInfo(kbType=prime, initialStates=0, keyboardDefs=[2132215919], extraValues=okj{})}, overrideKeyboardXmlConditions=com.google.android.libraries.inputmethod.metadata.OverrideKeyboardXmlConditionsDef@50b3d24), phenotypeFlagId=0, localizationLanguageTag=null, supportsInlineSuggestion=false}, ImeDef{stringId=number_password, language=und-Latn-x-number-password, languageTag=und-Latn-x-number-password, processedConditions={}, className=com.google.android.libraries.inputmethod.ime.DummyIme, label=2132019313, keyEventInterpreter=null, inlineComposing=true, autoCapital=false, announceAutoSelectedCandidate=false, statusIcon=0, indicatorIcon=0, indicatorLabel=null, displayAppCompletions=false, extraValues=okj{}, processors=com.google.android.libraries.inputmethod.metadata.ProcessorsDef@87e60b6, unacceptableMetaKeys=4098, languageSpecificSettings=0, asciiCapable=false, alwaysShowSuggestions=false, useAsciiPasswordKeyboard=false, keyboardGroupDef=KeyboardGroupDef(variant=, variantLabel=0, pkLanguageTag=, pkLayoutType=, dynamicLayout=null, layoutSpecificSettings=[], layoutSpecificTheme=0, order=0, supportsSplitMode=false, supportsOneHandedMode=true, isVariantNameMandatory=false, keyboardDefInfos={prime=KeyboardDefInfo(kbType=prime, initialStates=0, keyboardDefs=[2132215920], extraValues=okj{})}, overrideKeyboardXmlConditions=com.google.androi
09-14 09:34:44.399  7043  7043 I InputMethodEntryManager: d.libraries.inputmethod.metadata.OverrideKeyboardXmlConditionsDef@42308d), phenotypeFlagId=0, localizationLanguageTag=null, supportsInlineSuggestion=false}, ImeDef{stringId=phone_number, language=und-Latn-x-phone-number, languageTag=und-Latn-x-phone-number, processedConditions={}, className=com.google.android.libraries.inputmethod.ime.DummyIme, label=2132019409, keyEventInterpreter=null, inlineComposing=true, autoCapital=false, announceAutoSelectedCandidate=false, statusIcon=0, indicatorIcon=0, indicatorLabel=null, displayAppCompletions=false, extraValues=okj{}, processors=com.google.android.libraries.inputmethod.metadata.ProcessorsDef@87e60b6, unacceptableMetaKeys=4098, languageSpecificSettings=0, asciiCapable=false, alwaysShowSuggestions=false, useAsciiPasswordKeyboard=false, keyboardGroupDef=KeyboardGroupDef(variant=, variantLabel=0, pkLanguageTag=, pkLayoutType=, dynamicLayout=null, layoutSpecificSettings=[], layoutSpecificTheme=0, order=0, supportsSplitMode=false, supportsOneHandedMode=true, isVariantNameMandatory=false, keyboardDefInfos={prime=KeyboardDefInfo(kbType=prime, initialStates=0, keyboardDefs=[2132215945], extraValues=okj{})}, overrideKeyboardXmlConditions=com.google.android.libraries.inputmethod.metadata.OverrideKeyboardXmlConditionsDef@107d242), phenotypeFlagId=0, localizationLanguageTag=null, supportsInlineSuggestion=false}, ImeDef{stringId=date_time, language=und-Latn-x-date-time, languageTag=und-Latn-x-date-time, processedConditions={}, className=com.google.android.libraries.inputmethod.ime.DummyIme, label=2132017760, keyEventInterpreter=null, inlineComposing=true, autoCapital=false, announceAutoSelectedCandidate=false, statusIcon=0, indicatorIcon=0, indicatorLabel=null, displayAppCompletions=false, extraValues=okj{}, processors=com.google.android.libraries.inputmethod.metadata.ProcessorsDef@87e60b6, unacceptableMetaKeys=4098, languageSpecificSettings=0, asciiCapable=false, alwaysShowSuggestions=false, useAsciiPasswordKeyboard=false, keyboardGroupDef=KeyboardGroupDef(variant=, variantLabel=0, pkLanguageTag=, pkLayoutType=, dynamicLayout=null, layoutSpecificSettings=[], layoutSpecificTheme=0, order=0, supportsSplitMode=false, supportsOneHandedMode=true, isVariantNameMandatory=false, keyboardDefInfos={prime=KeyboardDefInfo(kbType=prime, initialStates=0, keyboardDefs=[2132215785], extraValues=okj{})}, overrideKeyboardXmlConditions=com.google.android.libraries.inputmethod.metadata.OverrideKeyboardXmlConditionsDef@370d253), phenotypeFlagId=0, localizationLanguageTag=null, supportsInlineSuggestion=false}]
09-14 09:34:44.399  7043  7043 I InputMethodEntryManager: InputMethodEntryManager.onSuccessLoadingAdditionalImeDefs():3230 Additional ImeDefs have been loaded, maybe notify entry change: true
09-14 09:34:44.399  7043  7043 I SystemSubtypesReportModule: SystemSubtypesReportModule$2.onCurrentInputMethodEntryChanged():150 entry: en-US, source: UNSPECIFIED
09-14 09:34:44.399  7043  7043 I SystemSubtypesReportModule: SystemSubtypesReportModule$2.onCurrentInputMethodEntryChanged():164 switchSubtype(en-US)
09-14 09:34:44.399   661   686 I ImeTracker: system_server:bbf8dd82: onCancelled at PHASE_SERVER_WAIT_IME
09-14 09:34:44.399  7043  7043 I ModuleManager: ModuleManager$ModuleInitListener.maybeUnloadModuleOnUnavailable():1457 module iom is unavailable
09-14 09:34:44.399   661   771 I InputReader: Reconfiguring input devices, changes=KEYBOARD_LAYOUTS
09-14 09:34:44.399  1904  2397 I AiAiEcho: Settings changed for uri: content://settings/secure/input_methods_subtype_history
09-14 09:34:44.399  1904  4761 I AiAiEcho: Settings changed for uri: content://settings/secure/selected_input_method_subtype
09-14 09:34:44.399  1904  2137 I AiAiEcho: Predicting[0]:  [CONTEXT sampling_count=5 ]
09-14 09:34:44.400  1904  2137 I AiAiEcho: EchoTargets: 
09-14 09:34:44.400  1904  2137 I AiAiEcho: Filtered by AiAi flag check: 
09-14 09:34:44.400  1904  2137 I AiAiEcho: [CONTEXT ratelimit_period="10 SECONDS" ]
09-14 09:34:44.400  1904  2137 I AiAiEcho: #remoteViewsTwiddler: feature disabled.
09-14 09:34:44.400  1904  2137 I AiAiEcho: Predicting[0]:  [CONTEXT sampling_count=5 ]
09-14 09:34:44.400  1904  2137 I AiAiEcho: EchoTargets: 
09-14 09:34:44.400  1904  2137 I AiAiEcho: Filtered by AiAi flag check: 
09-14 09:34:44.400  1904  2137 I AiAiEcho: [CONTEXT ratelimit_period="10 SECONDS" ]
09-14 09:34:44.400  1904  2137 I AiAiEcho: #remoteViewsTwiddler: feature disabled.
09-14 09:34:44.400  1904  2137 I AiAiEcho: Predicting[0]:  [CONTEXT sampling_count=5 ]
09-14 09:34:44.400  1904  2137 I AiAiEcho: EchoTargets: 
09-14 09:34:44.400  1904  2137 I AiAiEcho: Filtered by AiAi flag check: 
09-14 09:34:44.400  1904  2137 I AiAiEcho: [CONTEXT ratelimit_period="10 SECONDS" ]
09-14 09:34:44.400  1904  2137 I AiAiEcho: #remoteViewsTwiddler: feature disabled.
09-14 09:34:44.400  1904  2137 I AiAiEcho: Predicting[0]:  [CONTEXT sampling_count=5 ]
09-14 09:34:44.400  1904  2137 I AiAiEcho: EchoTargets: 
09-14 09:34:44.400  1904  2137 I AiAiEcho: Filtered by AiAi flag check: 
09-14 09:34:44.400  1904  2137 I AiAiEcho: [CONTEXT ratelimit_period="10 SECONDS" ]
09-14 09:34:44.400  1904  2137 I AiAiEcho: #remoteViewsTwiddler: feature disabled.
09-14 09:34:44.400  1904  2137 I AiAiEcho: Predicting[0]:  [CONTEXT sampling_count=5 ]
09-14 09:34:44.400  1904  2137 I AiAiEcho: EchoTargets: 
09-14 09:34:44.400  1904  2137 I AiAiEcho: Filtered by AiAi flag check: 
09-14 09:34:44.400  1904  2137 I AiAiEcho: [CONTEXT ratelimit_period="10 SECONDS" ]
09-14 09:34:44.400  1904  2137 I AiAiEcho: #remoteViewsTwiddler: feature disabled.
09-14 09:34:44.400  1904  2137 I AiAiEcho: Predicting[0]:  [CONTEXT sampling_count=5 ]
09-14 09:34:44.400  1904  2137 I AiAiEcho: EchoTargets: 
09-14 09:34:44.400  1904  2137 I AiAiEcho: Filtered by AiAi flag check: 
09-14 09:34:44.400  1904  2137 I AiAiEcho: [CONTEXT ratelimit_period="10 SECONDS" ]
09-14 09:34:44.400  1904  2137 I AiAiEcho: #remoteViewsTwiddler: feature disabled.
09-14 09:34:44.400  1904  2137 I AiAiEcho: #postPredictionTargets: Sending updates to UISurface ambientcue with targets# 0 (types=[])
09-14 09:34:44.400  1904  2137 I AiAiEcho: #postPredictionTargets: Sending updates to UISurface home with targets# 0 (types=[])
09-14 09:34:44.400  1904  2137 I AiAiEcho: #postPredictionTargets: Sending updates to UISurface lockscreen with targets# 0 (types=[])
09-14 09:34:44.400  1904  2137 I AiAiEcho: #postPredictionTargets: Sending updates to UISurface ambientcue with targets# 0 (types=[])
09-14 09:34:44.400  1110  1254 I AmbientCueRepository: Receiving SmartSpace targets # 0
09-14 09:34:44.400  1110  1254 I AmbientCueRepository: Receiving SmartSpace targets # 0
09-14 09:34:44.400  7043  7043 I GoogleInputMethodService: GoogleInputMethodService.onCurrentInputMethodEntryChanged():2531 onCurrentInputMethodEntryChanged(): imeDefsChanged=true, entryLanguageVariantChanged=true, keyboardContextChanged=true
09-14 09:34:44.400  7043  7043 I GoogleInputMethodService: GoogleInputMethodService.clearInputMethodServiceData():1133 clearInputMethodServiceData for entryChange
09-14 09:34:44.400  7043  7043 I CrossProfileSharedPreferences: CrossProfileSharedPreferences.maybeRunSyncTaskAfterFullSyncComplete():218 Full sync is not complete when incremental sync is called, trigger full sync
09-14 09:34:44.401  7043 19118 I CrossProfileSharedPreferences: CrossProfileSharedPreferences.syncAllAllowedPreferencesInternal():276 Cannot make cross profile calls to full sync preferences
09-14 09:34:44.401  7043  7043 I AbstractOpenableExtension: AbstractOpenableExtension.maybeDestroyExistingKeyboardGroupManager():536 Destroy existing keyboard group manager in icp
09-14 09:34:44.401  7043  7043 I AbstractOpenableExtension: AbstractOpenableExtension$3.onSuccess():556 KeyboardGroupManager destroyed in icp.
09-14 09:34:44.401  7043  7043 I AbstractOpenableExtension: AbstractOpenableExtension.createKeyboardGroupManagerListenableFuture():121 Create keyboard group manager listenable future in icp
09-14 09:34:44.401  7043  7043 I AbstractOpenableExtension: AbstractOpenableExtension.maybeDestroyExistingKeyboardGroupManager():536 Destroy existing keyboard group manager in ifm
09-14 09:34:44.401  7043  7043 I AbstractOpenableExtension: AbstractOpenableExtension$3.onSuccess():556 KeyboardGroupManager destroyed in ifm.
09-14 09:34:44.401  7043  7043 I AbstractOpenableExtension: AbstractOpenableExtension.createKeyboardGroupManagerListenableFuture():121 Create keyboard group manager listenable future in ifm
09-14 09:34:44.401  7043 19120 I KeyboardGroupDefParser: KeyboardGroupDefParser.parseKeyboardGroupDef():73 parseKeyboardGroupDef() 2132213994 -> 0_resource_name_obfuscated : WaitTime = 0 ms : RunTime = 0 ms
09-14 09:34:44.401  7043  7043 I GoogleInputMethodService: GoogleInputMethodService.initializeInputMethodServiceData():898 initializeInputMethodServiceData for npg{languageTag=en-US, variant=qwerty, hasLocalizedResources=true, conditionCacheKey=_android_software_xr_api_spatial=false_app_first_start_timestamp=1789210355600_cache_ime_defs_for_condition_change=false_deprecate_long_press_space_for_ime_picker=false_device=phone_device_size=default_enable_more_candidates_view_for_multilingual=false_enable_number_row=false_enable_number_row_in_password=true_enable_pk_simulator=false_enable_pk_simulator_setting=false_enable_preemptive_decode=true_enable_scrub_move=true_enable_secondary_digits=true_enable_secondary_symbols=false_expressions=normal_four_or_more_letter_rows=false_free_cursor=false_free_cursor_spacebar_popup=false_keyboard_font_size_setting=_keyboard_mode=normal_language=en-US_layout_9key_split=false_orientation=portrait_physical_keyboard=qwerty_pk_simulator_vk_ready=false_pref_enable_flick_symbols=false_rtl_layout=false_show_comma_key=true_show_period_key=true_show_secondary_digits=true_show_suggestion_strip=true_show_suggestions=true_split_with_duplicate_keys=true_true=true_variant=qwerty_writing_helper_enable_by_word_revert=false, imeDef.stringId=ime_english_united_states, imeDef.className=com.google.android.apps.inputmethod.libs.latin5.LatinIme, imeDef.languageTag=en-US}
09-14 09:34:44.401  7043 19120 I KeyboardGroupDefParser: KeyboardGroupDefParser.parseKeyboardGroupDef():73 parseKeyboardGroupDef() 2132213998 -> 0_resource_name_obfuscated : WaitTime = 0 ms : RunTime = 0 ms
09-14 09:34:44.401  1904  2137 I AiAiEcho: #postPredictionTargets: Sending updates to UISurface home with targets# 0 (types=[])
09-14 09:34:44.401  1904  2137 I AiAiEcho: #postPredictionTargets: Sending updates to UISurface lockscreen with targets# 0 (types=[])
09-14 09:34:44.401  7043  7043 I Gm3ColorTokenStyleSheetProvider: Gm3ColorTokenStyleSheetProvider.isHigherContrastMode():330 Detected higher contrast mode: 72.432045
09-14 09:34:44.401  7043  7043 I KeyboardThemeProvider: KeyboardThemeProvider.applyKeyboardTheme():27 Apply keyboard theme: theme,!gsf,!pgsans,!pgsf,!use_system_font,BORDER,FLAVOR_DPI=XXHDPI,IS_LIGHT,KEYBOARD_WIDTH_CATEGORY=NORMAL,KEY_BORDER_SHAPE=1,LIGHT_THEME=true,PHYSICAL_DIAGONAL=5.9809904,POPUP,SCREEN_SHORTEST_WIDTH=411,SCREEN_SHORTEST_WIDTH_NO_SCALE=411,SW400DP,XXHDPI,bottom4dp,enable_popup_on_keypress=true,keyboard_redesign_google_sans=true,non_linear_scale,noshadow,overlay_builtin_dynamic_color_light_base.binarypb:gm3-light-fffaf8fe-ff4c5e8b-4fb1adea13304a190d4abf12326cf60c,silkpopup
09-14 09:34:44.401  7043  7043 I InputMethodEntryManager: InputMethodEntryManager.getAdditionalImeDefs():2542 getAdditionalImeDefs() called, flag enabled: false, isUserUnlocked: true
09-14 09:34:44.401  7043  7043 I InputMethodEntryManager: InputMethodEntryManager.getAdditionalImeDefs():2550 OptimizeAdditionalImeDefLoadingFlag disabled, retrieving additional ImeDefs synchronously for entry: npg{languageTag=en-US, variant=qwerty, hasLocalizedResources=true, conditionCacheKey=_android_software_xr_api_spatial=false_app_first_start_timestamp=1789210355600_cache_ime_defs_for_condition_change=false_deprecate_long_press_space_for_ime_picker=false_device=phone_device_size=default_enable_more_candidates_view_for_multilingual=false_enable_number_row=false_enable_number_row_in_password=true_enable_pk_simulator=false_enable_pk_simulator_setting=false_enable_preemptive_decode=true_enable_scrub_move=true_enable_secondary_digits=true_enable_secondary_symbols=false_expressions=normal_four_or_more_letter_rows=false_free_cursor=false_free_cursor_spacebar_popup=false_keyboard_font_size_setting=_keyboard_mode=normal_language=en-US_layout_9key_split=false_orientation=portrait_physical_keyboard=qwerty_pk_simulator_vk_ready=false_pref_enable_flick_symbols=false_rtl_layout=false_show_comma_key=true_show_period_key=true_show_secondary_digits=true_show_suggestion_strip=true_show_suggestions=true_split_with_duplicate_keys=true_true=true_variant=qwerty_writing_helper_enable_by_word_revert=false, imeDef.stringId=ime_english_united_states, imeDef.className=com.google.android.apps.inputmethod.libs.latin5.LatinIme, imeDef.languageTag=en-US}
09-14 09:34:44.401  7043  7043 I InputBundle: InputBundle.prefetchKeyboard():670 prefetchKeyboard: prime
09-14 09:34:44.401  7043  7043 I KeyboardDefManager: KeyboardDefManager.requestKeyboardDef():128 requestKeyboardDef(): type=prime, info=olr{defIds=[#0x7f1705fa, #0x7f170891], defIdsCacheKey=[2132215290, 2132215953]}
09-14 09:34:44.402  7043  7043 I KeyboardDefManager: KeyboardDefManager.requestKeyboardDef():195 requestKeyboardDef(): getOrCreate from cache, info=olr{defIds=[#0x7f1705fa, #0x7f170891], defIdsCacheKey=[2132215290, 2132215953]}
09-14 09:34:44.402  7043  7043 I KeyboardDefManager: KeyboardDefManager$Companion$addFutureCallbackForKeyboardDefReceiver$1.onSuccess():425 requestKeyboardDef onSuccess(): info=olr{defIds=[#0x7f1705fa, #0x7f170891], defIdsCacheKey=[2132215290, 2132215953]}
09-14 09:34:44.402  7043  7043 I KeyboardInterfacePrivate: IKeyboard.createKeyboard():67 Keyboard created from HiltKeyboardFactory: com.google.android.apps.inputmethod.latin.keyboard.LatinPrimeKeyboard
09-14 09:34:44.402  7043  7043 I AndroidIME: InputBundleManager.loadActiveInputBundleId():542 loadActiveInputBundleId: en-US, ime_english_united_states
09-14 09:34:44.402  7043  7043 I InputMethodEntryManager: InputMethodEntryManager.disableTemporaryEnabledEntries():2227 
09-14 09:34:44.402  7043 19120 I LatinImeEntryActivation: LatinImeActivationContentObserver.activeLanguagesHaveChanged():70 Active entries changed: [de, en-US] -> {en-US}
09-14 09:34:44.402  7043 19120 I CrossProfileSharedPreferences: CrossProfileSharedPreferences.maybeRunSyncTaskAfterFullSyncComplete():218 Full sync is not complete when incremental sync is called, trigger full sync
09-14 09:34:44.402  7043 19120 I LmManager: LmManager.asyncUpdateEnabledLanguageModels():98 asyncUpdateEnabledLanguageModels()
09-14 09:34:44.402  7043 19120 I SuperDelight: SuperDelightManager.initializeOverridesSuperpacks():397 initializeOverridesSuperpacks()
09-14 09:34:44.402  7043  7043 I PKIndicatorController: PKIndicatorController$3.maybeShowLanguageSwitchIndicator():138 Entry changed. Showing language indicator.
09-14 09:34:44.402  7043 19120 I DelightKLPDownloader: DelightKLPDownloader.downloadKLPInternal():203 downloading KLP for en_840
09-14 09:34:44.402  7043 19120 I DataFileManager: DataFileManager.removeDataWithoutNotify():222 removing data de-DE mdd
09-14 09:34:44.402  7043  7043 I HandwritingOfflineSuperpacks: HandwritingOfflineSuperpacks.syncInternal():80 no bundled lm for handwriting.
09-14 09:34:44.402  7043 19120 I SuperDelight: SuperDelightManager.initializeBundledDelightSuperpacks():371 initializeBundledDelightSuperpacks()
09-14 09:34:44.402  7043  7043 I HandwritingSuperpacks: HandwritingSuperpacks.register():265 register(): version '94', url 'https://dl.google.com/handwriting/models/handwriting_release.superpack_manifest.20260206.json' [ONLINE]
09-14 09:34:44.402  7043  7043 I SystemSubtypesReportModule: SystemSubtypesReportModule$3.onSetCurrentInputMethodSubtype():193 en_US
09-14 09:34:44.402  7043  7043 I SystemSubtypesReportModule: SystemSubtypesReportModule$3.onSetCurrentInputMethodSubtype():205 Subtype en_US was caused by entry
09-14 09:34:44.402  7043 19030 I DelightKLPDownloader: DelightKLPDownloader.downloadKLPInternal():203 downloading KLP for en_840
09-14 09:34:44.403  7043  7071 I SP      : Registering emoticon_content_description.2022081613, url: https://www.gstatic.com/android/keyboard/emoticon_content_desc/202208161305/superpacks_manifest.json, constraints: W:*:*:*, flags: bg, requested: 2022081613, current: 2022081613
09-14 09:34:44.403  1904  2397 I AiAiEcho: Settings changed for uri: content://settings/secure/enabled_input_methods
09-14 09:34:44.403  1904  2137 I AiAiEcho: Predicting[0]:  [CONTEXT sampling_count=5 ]
09-14 09:34:44.403  1904  2137 I AiAiEcho: EchoTargets: 
09-14 09:34:44.403  1904  2137 I AiAiEcho: Filtered by AiAi flag check: 
09-14 09:34:44.403  1904  2137 I AiAiEcho: [CONTEXT ratelimit_period="10 SECONDS" ]
09-14 09:34:44.403  1904  2137 I AiAiEcho: #remoteViewsTwiddler: feature disabled.
09-14 09:34:44.403  1904  2137 I AiAiEcho: Predicting[0]:  [CONTEXT sampling_count=5 ]
09-14 09:34:44.403  1904  2137 I AiAiEcho: EchoTargets: 
09-14 09:34:44.403  1904  2137 I AiAiEcho: Filtered by AiAi flag check: 
09-14 09:34:44.403  1904  2137 I AiAiEcho: [CONTEXT ratelimit_period="10 SECONDS" ]
09-14 09:34:44.403  1904  2137 I AiAiEcho: #remoteViewsTwiddler: feature disabled.
09-14 09:34:44.403  1904  2137 I AiAiEcho: Predicting[0]:  [CONTEXT sampling_count=5 ]
09-14 09:34:44.403  1904  2137 I AiAiEcho: EchoTargets: 
09-14 09:34:44.403  1904  2137 I AiAiEcho: Filtered by AiAi flag check: 
09-14 09:34:44.403  1904  2137 I AiAiEcho: [CONTEXT ratelimit_period="10 SECONDS" ]
09-14 09:34:44.403  1904  2137 I AiAiEcho: #remoteViewsTwiddler: feature disabled.
09-14 09:34:44.403  1904  2137 I AiAiEcho: #postPredictionTargets: Sending updates to UISurface ambientcue with targets# 0 (types=[])
09-14 09:34:44.403  1904  2137 I AiAiEcho: #postPredictionTargets: Sending updates to UISurface home with targets# 0 (types=[])
09-14 09:34:44.403  1904  2137 I AiAiEcho: #postPredictionTargets: Sending updates to UISurface lockscreen with targets# 0 (types=[])
09-14 09:34:44.403  1110  1254 I AmbientCueRepository: Receiving SmartSpace targets # 0
09-14 09:34:44.403  7043 19120 I SuperDelight: SuperDelightManager.syncOverridesLanguageModels():646 SuperDelightManager#syncOverridesLanguageModels(): Superpack delight_overrides not found or negative version provided
09-14 09:34:44.403  7043 19030 I CrossProfileSharedPreferences: CrossProfileSharedPreferences.syncAllAllowedPreferencesInternal():276 Cannot make cross profile calls to full sync preferences
09-14 09:34:44.403  7043 19030 I DelightKLPDownloader: DelightKLPDownloader.getBundledLmVersion():312 bundled KLP for en_840 version = 0
09-14 09:34:44.403  7043 19030 I DelightKLPDownloader: DelightKLPDownloader$1.onSuccess():157 removing filegroup __KLP_manifest_delight__de-DE
09-14 09:34:44.403  7043 19030 I DelightKLPDownloader: DelightKLPDownloader$1.onSuccess():157 removing filegroup __KLP_delight__de-DE
09-14 09:34:44.403  7043 19029 I PerLanguageDataDownloader: PerLanguageDataDownloader.downloadDataInternal():168 downloading Data for en
09-14 09:34:44.403  7043 19030 I DelightKLPDownloader: DelightKLPDownloader.getBundledLmVersion():312 bundled KLP for en_840 version = 0
09-14 09:34:44.403  7043 19029 I ManifestedDataDownloader: ManifestedDataDownloader.download():67 downloading manifest https://www.gstatic.com/android/keyboard/modelpack/proactiveek/embedding_gemma/2025120304/en_manifest.json
09-14 09:34:44.403  7043 19029 I ManifestedDataDownloader: ManifestedDataDownloader.download():67 downloading manifest https://www.gstatic.com/android/keyboard/dictionarypack/2026060121/metadata.json-perlang/en-840.json?v=2026070801
09-14 09:34:44.403  7043 19030 I ManifestedDataDownloader: ManifestedDataDownloader.download():67 downloading manifest https://www.gstatic.com/android/keyboard/dictionarypack/2026060121/metadata.json-perlang/en-840.json?v=2026070801
09-14 09:34:44.404  7043  7068 W ModuleManager: ModuleManager.loadModule():634 Module qip is not available
09-14 09:34:44.404  7043 19029 I DelightKLPDownloader: DelightKLPDownloader$1.onSuccess():157 removing filegroup __KLP_manifest_delight__de-DE
09-14 09:34:44.404  7043 19029 I DelightKLPDownloader: DelightKLPDownloader$1.onSuccess():157 removing filegroup __KLP_delight__de-DE
09-14 09:34:44.404  7043  7071 I SP      : Registering bundled_delight.2026031600, url: null, constraints: *:*:*:*, flags: *, requested: 2026031600, current: 2026031600
09-14 09:34:44.404  7043  7071 I SP      : Registering handwriting_recognition.94, url: https://dl.google.com/handwriting/models/handwriting_release.superpack_manifest.20260206.json, constraints: m:*:*:*, flags: *, requested: 94, current: 94
09-14 09:34:44.404  7043 19119 I SuperDelight: SuperDelightManager$2.onSuccess():521 delight_overrides sync success, adding to data file manager
09-14 09:34:44.404  7043  7071 I SuperpacksManagerImpl: SuperpacksManagerImpl$3$1.onSuccess():552 emoticon_content_description.registerManifest() succeeded
09-14 09:34:44.404  7043  7071 I SuperpacksManagerImpl: SuperpacksManagerImpl$3$1.onSuccess():552 bundled_delight.registerManifest() succeeded
09-14 09:34:44.404  7043  7071 I SuperpacksManagerImpl: SuperpacksManagerImpl$3$1.onSuccess():552 handwriting_recognition.registerManifest() succeeded
09-14 09:34:44.404  7043 19120 I SuperDelight: SuperDelightManager.syncBundledLanguageModels():721 SuperDelightManager#syncBundledLanguageModels(): Syncing for version 2026031600
09-14 09:34:44.404  7043 19031 I HandwritingOnlineSuperpacks: HandwritingOnlineSuperpacks.syncInternal():168 syncPackMapping()
09-14 09:34:44.404  7043  7071 I SP      : Syncing emoticon_content_description (2022081613) with slices: [7a635888cb828dfa2fc744b7b9b50f04], metadata: false
09-14 09:34:44.406  7043  7098 I DownloadManager: DownloadManager$5.onSuccess():667 Data __KLP_manifest_delight__de-DE removed!
09-14 09:34:44.407  7043  7098 I DownloadManager: DownloadManager$5.onSuccess():667 Data __KLP_delight__de-DE removed!
09-14 09:34:44.407  7043  7098 I DownloadManager: DownloadManager$5.onSuccess():667 Data __KLP_manifest_delight__de-DE removed!
09-14 09:34:44.407  7043  7098 I DownloadManager: DownloadManager$5.onSuccess():667 Data __KLP_delight__de-DE removed!
09-14 09:34:44.407  7043  7098 I DownloadManager: DownloadManager.completeDownload():434 Download for __PEKB_manifest_pek_blocklist__en scheduled with params oim[allowMetered=true, requireCharging=false, foreground=false, immediately=true, priority=0]
09-14 09:34:44.407  7043  7098 I DownloadManager: DownloadManager.startDownload():518 start download of __PEKB_manifest_pek_blocklist__en
09-14 09:34:44.408  7043  7098 I DownloadManager: DownloadManager.completeDownload():434 Download for __KLP_manifest_delight__en-840 scheduled with params oim[allowMetered=true, requireCharging=false, foreground=false, immediately=true, priority=0]
09-14 09:34:44.408  7043  7098 I DownloadManager: DownloadManager.startDownload():518 start download of __KLP_manifest_delight__en-840
09-14 09:34:44.408  7043  7098 I DownloadManager: DownloadManager$4.onFailure():599 download for __KLP_manifest_delight__en-840 is cancelled
09-14 09:34:44.408  7043  7098 I DownloadManager: DownloadManager.completeDownload():432 Previous download for __KLP_manifest_delight__en-840 is cancelled
09-14 09:34:44.408  7043  7098 I DownloadManager: DownloadManager.completeDownload():434 Download for __KLP_manifest_delight__en-840 scheduled with params oim[allowMetered=true, requireCharging=false, foreground=false, immediately=true, priority=0]
09-14 09:34:44.408  7043  7098 I DownloadManager: DownloadManager.startDownload():518 start download of __KLP_manifest_delight__en-840
09-14 09:34:44.408  7043  7098 I DownloadManager: DownloadManager$4.onSuccess():587 download for __PEKB_manifest_pek_blocklist__en is finished with files # rtx@1080a069
09-14 09:34:44.408  7043  7098 I DownloadManager: DownloadManager$4.onSuccess():587 download for __KLP_manifest_delight__en-840 is finished with files # rtx@e4135e83
09-14 09:34:44.408  7043 19030 I ManifestedDataDownloader: ManifestedDataDownloader.checkVersionAndDownload():98 filegroup __PEKB_pek_blocklist__en with version 2025120304 is already downloaded
09-14 09:34:44.408  7043 19030 I PerLanguageDataDownloader: PerLanguageDataDownloader$2.onSuccess():188 Data en downloaded with version 2025120304
09-14 09:34:44.408  7043 19029 I ManifestedDataDownloader: ManifestedDataDownloader.checkVersionAndDownload():98 filegroup __KLP_delight__en-840 with version 2026051809 is already downloaded
09-14 09:34:44.408  7043 19029 I ManifestedDataDownloader: ManifestedDataDownloader.checkVersionAndDownload():98 filegroup __KLP_delight__en-840 with version 2026051809 is already downloaded
09-14 09:34:44.408  7043 19029 I DelightKLPDownloader: DelightKLPDownloader$2.onSuccess():233 klp en_840 downloaded with version 2026051809
09-14 09:34:44.408  7043 19029 I DelightKLPDownloader: DelightKLPDownloader$2.onSuccess():233 klp en_840 downloaded with version 2026051809
09-14 09:34:44.409  7043  7071 I SuperDelight: SuperDelightBundledSlicingStrategy.getSlices():41 BundledSlicing#getSlices() : Locale = [en_US]
09-14 09:34:44.409  7043  7071 I SuperDelight: SuperDelightBundledSlicingStrategy.getSlices():67 BundledSlicing#getSlices(): result {slices=[bundled_delight:main_en_us_2025121900_2], last batch=true, sync metadata=false}
09-14 09:34:44.409  7043  7071 I SP      : Syncing bundled_delight (2026031600) with slices: [main_en_us_2025121900_2], metadata: false
09-14 09:34:44.411   516   516 W skia    : AGTM parsing failed flags.readFromStream(s) at 159
09-14 09:34:44.411   516   516 W skia    : AGTM parsing failed flags.readFromStream(s) at 159
09-14 09:34:44.411   516   516 W skia    : AGTM parsing failed flags.readFromStream(s) at 159
09-14 09:34:44.411   516   516 W skia    : AGTM parsing failed flags.readFromStream(s) at 159
09-14 09:34:44.411   516   516 W skia    : AGTM parsing failed flags.readFromStream(s) at 159
09-14 09:34:44.411   516   516 W skia    : AGTM parsing failed flags.readFromStream(s) at 159
09-14 09:34:44.411   516   516 W skia    : AGTM parsing failed flags.readFromStream(s) at 159
09-14 09:34:44.411   516   516 W skia    : AGTM parsing failed flags.readFromStream(s) at 159
09-14 09:34:44.411   516   516 W skia    : AGTM parsing failed flags.readFromStream(s) at 159
09-14 09:34:44.411   516   516 W skia    : AGTM parsing failed flags.readFromStream(s) at 159
09-14 09:34:44.411   516   516 W skia    : AGTM parsing failed flags.readFromStream(s) at 159
09-14 09:34:44.411   516   547 W skia    : AGTM parsing failed flags.readFromStream(s) at 159
09-14 09:34:44.412   516   547 W skia    : AGTM parsing failed flags.readFromStream(s) at 159
09-14 09:34:44.412   516   547 W skia    : AGTM parsing failed flags.readFromStream(s) at 159
09-14 09:34:44.412   516   547 W skia    : AGTM parsing failed flags.readFromStream(s) at 159
09-14 09:34:44.412   516   547 W skia    : AGTM parsing failed flags.readFromStream(s) at 159
09-14 09:34:44.412   516   547 W skia    : AGTM parsing failed flags.readFromStream(s) at 159
09-14 09:34:44.412   516   547 W skia    : AGTM parsing failed flags.readFromStream(s) at 159
09-14 09:34:44.412   516   547 W skia    : AGTM parsing failed flags.readFromStream(s) at 159
09-14 09:34:44.412   516   547 W skia    : AGTM parsing failed flags.readFromStream(s) at 159
09-14 09:34:44.413  7043  7071 I HandwritingSlicingStrategy: HandwritingSlicingStrategy.getSlices():44 getSlices(): handwriting_recognition.94 useForeground=true
09-14 09:34:44.413  7043  7071 I HandwritingSlicingStrategy: HandwritingSlicingStrategy.getSlices():103 getSlices(): result {slices=[{handwriting_recognition:pack_mapping_v1_lstm_20260206, m:*:*:*}, {handwriting_recognition:en_us_20251103_compact_fst_zip, m:*:*:*}, {handwriting_recognition:transformer_latin_seg_tflite_20251103_zip, m:*:*:*}, {handwriting_recognition:qrnn_en-US_reco_20251103_fst_20251103_recospec_zip, m:*:*:*}, {handwriting_recognition:transformer_latin_tflite_20251103_zip, m:*:*:*}, {handwriting_recognition:transformer_latin_conf_tflite_20251103_zip, m:*:*:*}, {handwriting_recognition:scribe_latin_20250829tfreco_tflite_zip, m:*:*:*}, {handwriting_recognition:scribe_latin_20250829tfreco_recospec_zip, m:*:*:*}], last batch=true, sync metadata=false}
09-14 09:34:44.413  7043  7071 I SP      : Syncing handwriting_recognition (94) with slices: [{pack_mapping_v1_lstm_20260206, m:*:*:*}, {en_us_20251103_compact_fst_zip, m:*:*:*}, {transformer_latin_seg_tflite_20251103_zip, m:*:*:*}, {qrnn_en-US_reco_20251103_fst_20251103_recospec_zip, m:*:*:*}, {transformer_latin_tflite_20251103_zip, m:*:*:*}, {transformer_latin_conf_tflite_20251103_zip, m:*:*:*}, {scribe_latin_20250829tfreco_tflite_zip, m:*:*:*}, {scribe_latin_20250829tfreco_recospec_zip, m:*:*:*}], metadata: false
09-14 09:34:44.417   661   686 W libbinder.IPCThreadState: Sending oneway calls to frozen process.
09-14 09:34:44.418  1110  1200 V ShellDesktopMode: DesktopDisplayModeController: canDesktopFirstModeBeEnabledOnDefaultDisplay: isDefaultDisplayDesktopEligible=false
09-14 09:34:44.418  7043  7043 I PkDeviceHelper: PkDeviceHelper.refreshDevices():87 refreshing devices
09-14 09:34:44.418  7043  7043 I PkDeviceHelper: PkDeviceHelper.addDevice():125 device qwerty2 added
09-14 09:34:44.418  7043  7043 I PkDeviceHelper: PkDeviceHelper.addDevice():125 device AT Translated Set 2 keyboard added
09-14 09:34:44.418   661  2024 E TransitionChain: Can't collect into a chain with no transition
09-14 09:34:44.418  7043  7043 I ModuleManager: ModuleManager$ModuleInitListener.maybeUnloadModuleOnUnavailable():1457 module ijr is unavailable
09-14 09:34:44.418  1110  1200 V ShellDesktopMode: DesktopDisplayModeController: canDesktopFirstModeBeEnabledOnDefaultDisplay: isDefaultDisplayDesktopEligible=false
09-14 09:34:44.418   661  2239 E TransitionChain: Can't collect into a chain with no transition
09-14 09:34:44.418  7043  7043 I AbstractOpenableExtension: AbstractOpenableExtension.createKeyboardGroupManagerListenableFuture():121 Create keyboard group manager listenable future in fkt
09-14 09:34:44.418  1110  1200 V ShellDesktopMode: DesktopDisplayModeController: canDesktopFirstModeBeEnabledOnDefaultDisplay: isDefaultDisplayDesktopEligible=false
09-14 09:34:44.418  7043  7043 I InputBundle: InputBundle.consumeEvent():1052 Skip consuming an event as imeStatus is INACTIVE
09-14 09:34:44.418   661  2239 E TransitionChain: Can't collect into a chain with no transition
09-14 09:34:44.418  1110  1200 V ShellDesktopMode: DesktopDisplayModeController: canDesktopFirstModeBeEnabledOnDefaultDisplay: isDefaultDisplayDesktopEligible=false
09-14 09:34:44.418   661  2239 E TransitionChain: Can't collect into a chain with no transition
09-14 09:34:44.419  1110  1200 V ShellDesktopMode: DesktopDisplayModeController: canDesktopFirstModeBeEnabledOnDefaultDisplay: isDefaultDisplayDesktopEligible=false
09-14 09:34:44.419   661  2239 E TransitionChain: Can't collect into a chain with no transition
09-14 09:34:44.419  1110  1200 V ShellDesktopMode: DesktopDisplayModeController: canDesktopFirstModeBeEnabledOnDefaultDisplay: isDefaultDisplayDesktopEligible=false
09-14 09:34:44.419   661  2239 E TransitionChain: Can't collect into a chain with no transition
09-14 09:34:44.419  1110  1200 V ShellDesktopMode: DesktopDisplayModeController: canDesktopFirstModeBeEnabledOnDefaultDisplay: isDefaultDisplayDesktopEligible=false
09-14 09:34:44.419  7043  7043 I PkDeviceHelper: PkDeviceHelper.refreshDevices():87 refreshing devices
09-14 09:34:44.419  7043 19120 I KeyboardGroupDefParser: KeyboardGroupDefParser.parseKeyboardGroupDef():73 parseKeyboardGroupDef() 2132213997 -> 0_resource_name_obfuscated : WaitTime = 1 ms : RunTime = 0 ms
09-14 09:34:44.419  7043  7043 I PkDeviceHelper: PkDeviceHelper.addDevice():125 device qwerty2 added
09-14 09:34:44.419  7043  7043 I PkDeviceHelper: PkDeviceHelper.addDevice():125 device AT Translated Set 2 keyboard added
09-14 09:34:44.419   661  2239 E TransitionChain: Can't collect into a chain with no transition
09-14 09:34:44.419  1110  1200 V ShellDesktopMode: DesktopDisplayModeController: canDesktopFirstModeBeEnabledOnDefaultDisplay: isDefaultDisplayDesktopEligible=false
09-14 09:34:44.419   661  2239 E TransitionChain: Can't collect into a chain with no transition
09-14 09:34:44.419  1110  1200 V ShellDesktopMode: DesktopDisplayModeController: canDesktopFirstModeBeEnabledOnDefaultDisplay: isDefaultDisplayDesktopEligible=false
09-14 09:34:44.419   661  2239 E TransitionChain: Can't collect into a chain with no transition
09-14 09:34:44.419  1110  1200 V ShellDesktopMode: DesktopDisplayModeController: canDesktopFirstModeBeEnabledOnDefaultDisplay: isDefaultDisplayDesktopEligible=false
09-14 09:34:44.419   661  2024 E TransitionChain: Can't collect into a chain with no transition
09-14 09:34:44.419  1110  1200 V ShellDesktopMode: DesktopDisplayModeController: canDesktopFirstModeBeEnabledOnDefaultDisplay: isDefaultDisplayDesktopEligible=false
09-14 09:34:44.419  7043  7043 I PkDeviceHelper: PkDeviceHelper.refreshDevices():87 refreshing devices
09-14 09:34:44.419  7043  7043 I PkDeviceHelper: PkDeviceHelper.addDevice():125 device qwerty2 added
09-14 09:34:44.419   661  2166 E TransitionChain: Can't collect into a chain with no transition
09-14 09:34:44.419  7043  7043 I PkDeviceHelper: PkDeviceHelper.addDevice():125 device AT Translated Set 2 keyboard added
09-14 09:34:44.419  1110  1200 V ShellDesktopMode: DesktopDisplayModeController: canDesktopFirstModeBeEnabledOnDefaultDisplay: isDefaultDisplayDesktopEligible=false
09-14 09:34:44.419   661  2166 E TransitionChain: Can't collect into a chain with no transition
09-14 09:34:44.419  7043  7043 I PkDeviceHelper: PkDeviceHelper.refreshDevices():87 refreshing devices
09-14 09:34:44.419  7043  7043 I PkDeviceHelper: PkDeviceHelper.addDevice():125 device qwerty2 added
09-14 09:34:44.419  7043  7043 I PkDeviceHelper: PkDeviceHelper.addDevice():125 device AT Translated Set 2 keyboard added
09-14 09:34:44.419  1110  1200 V ShellDesktopMode: DesktopDisplayModeController: canDesktopFirstModeBeEnabledOnDefaultDisplay: isDefaultDisplayDesktopEligible=false
09-14 09:34:44.419   661  2024 E TransitionChain: Can't collect into a chain with no transition
09-14 09:34:44.419  1110  1200 V ShellDesktopMode: DesktopDisplayModeController: canDesktopFirstModeBeEnabledOnDefaultDisplay: isDefaultDisplayDesktopEligible=false
09-14 09:34:44.419  7043  7043 I PkDeviceHelper: PkDeviceHelper.refreshDevices():87 refreshing devices
09-14 09:34:44.419  7043  7043 I PkDeviceHelper: PkDeviceHelper.addDevice():125 device qwerty2 added
09-14 09:34:44.419  7043  7043 I PkDeviceHelper: PkDeviceHelper.addDevice():125 device AT Translated Set 2 keyboard added
09-14 09:34:44.419   661  2024 E TransitionChain: Can't collect into a chain with no transition
09-14 09:34:44.419  7043  7043 I PkDeviceHelper: PkDeviceHelper.refreshDevices():87 refreshing devices
09-14 09:34:44.419  7043  7043 I PkDeviceHelper: PkDeviceHelper.addDevice():125 device qwerty2 added
09-14 09:34:44.419  7043  7043 I PkDeviceHelper: PkDeviceHelper.addDevice():125 device AT Translated Set 2 keyboard added
09-14 09:34:44.419  7043  7043 I PkDeviceHelper: PkDeviceHelper.refreshDevices():87 refreshing devices
09-14 09:34:44.419  7043  7043 I PkDeviceHelper: PkDeviceHelper.addDevice():125 device qwerty2 added
09-14 09:34:44.419  7043  7043 I PkDeviceHelper: PkDeviceHelper.addDevice():125 device AT Translated Set 2 keyboard added
09-14 09:34:44.419  7043  7043 I PkDeviceHelper: PkDeviceHelper.refreshDevices():87 refreshing devices
09-14 09:34:44.419  7043  7043 I PkDeviceHelper: PkDeviceHelper.addDevice():125 device qwerty2 added
09-14 09:34:44.419  7043  7043 I PkDeviceHelper: PkDeviceHelper.addDevice():125 device AT Translated Set 2 keyboard added
09-14 09:34:44.420  7043  7043 I PkDeviceHelper: PkDeviceHelper.refreshDevices():87 refreshing devices
09-14 09:34:44.420  7043  7043 I PkDeviceHelper: PkDeviceHelper.addDevice():125 device qwerty2 added
09-14 09:34:44.420  7043  7043 I PkDeviceHelper: PkDeviceHelper.addDevice():125 device AT Translated Set 2 keyboard added
09-14 09:34:44.420  7043  7043 I PkDeviceHelper: PkDeviceHelper.refreshDevices():87 refreshing devices
09-14 09:34:44.420  7043  7043 I PkDeviceHelper: PkDeviceHelper.addDevice():125 device qwerty2 added
09-14 09:34:44.420  7043  7043 I PkDeviceHelper: PkDeviceHelper.addDevice():125 device AT Translated Set 2 keyboard added
09-14 09:34:44.420  7043  7043 I PkDeviceHelper: PkDeviceHelper.refreshDevices():87 refreshing devices
09-14 09:34:44.420  7043  7043 I PkDeviceHelper: PkDeviceHelper.addDevice():125 device qwerty2 added
09-14 09:34:44.420  7043  7043 I PkDeviceHelper: PkDeviceHelper.addDevice():125 device AT Translated Set 2 keyboard added
09-14 09:34:44.420  7043  7043 I PkDeviceHelper: PkDeviceHelper.refreshDevices():87 refreshing devices
09-14 09:34:44.420  7043  7043 I PkDeviceHelper: PkDeviceHelper.addDevice():125 device qwerty2 added
09-14 09:34:44.420  7043  7043 I PkDeviceHelper: PkDeviceHelper.addDevice():125 device AT Translated Set 2 keyboard added
09-14 09:34:44.420  7043  7043 I PkDeviceHelper: PkDeviceHelper.refreshDevices():87 refreshing devices
09-14 09:34:44.420  7043  7043 I PkDeviceHelper: PkDeviceHelper.addDevice():125 device qwerty2 added
09-14 09:34:44.420  7043  7043 I PkDeviceHelper: PkDeviceHelper.addDevice():125 device AT Translated Set 2 keyboard added
09-14 09:34:44.420  7043  7043 I PkDeviceHelper: PkDeviceHelper.refreshDevices():87 refreshing devices
09-14 09:34:44.420  7043  7043 I PkDeviceHelper: PkDeviceHelper.addDevice():125 device qwerty2 added
09-14 09:34:44.420  7043  7043 I PkDeviceHelper: PkDeviceHelper.addDevice():125 device AT Translated Set 2 keyboard added
09-14 09:34:44.428   516   516 W skia    : AGTM parsing failed flags.readFromStream(s) at 159
09-14 09:34:44.428   516   516 W skia    : AGTM parsing failed flags.readFromStream(s) at 159
09-14 09:34:44.428   516   516 W skia    : AGTM parsing failed flags.readFromStream(s) at 159
09-14 09:34:44.428   516   516 W skia    : AGTM parsing failed flags.readFromStream(s) at 159
09-14 09:34:44.428   516   516 W skia    : AGTM parsing failed flags.readFromStream(s) at 159
09-14 09:34:44.428   516   516 W skia    : AGTM parsing failed flags.readFromStream(s) at 159
09-14 09:34:44.428   516   516 W skia    : AGTM parsing failed flags.readFromStream(s) at 159
09-14 09:34:44.428   516   516 W skia    : AGTM parsing failed flags.readFromStream(s) at 159
09-14 09:34:44.428   516   516 W skia    : AGTM parsing failed flags.readFromStream(s) at 159
09-14 09:34:44.428   516   516 W skia    : AGTM parsing failed flags.readFromStream(s) at 159
09-14 09:34:44.428   516   516 W skia    : AGTM parsing failed flags.readFromStream(s) at 159
09-14 09:34:44.428   516   547 W skia    : AGTM parsing failed flags.readFromStream(s) at 159
09-14 09:34:44.428   516   547 W skia    : AGTM parsing failed flags.readFromStream(s) at 159
09-14 09:34:44.428   516   547 W skia    : AGTM parsing failed flags.readFromStream(s) at 159
09-14 09:34:44.428   516   547 W skia    : AGTM parsing failed flags.readFromStream(s) at 159
09-14 09:34:44.428   516   547 W skia    : AGTM parsing failed flags.readFromStream(s) at 159
09-14 09:34:44.428   516   547 W skia    : AGTM parsing failed flags.readFromStream(s) at 159
09-14 09:34:44.428   516   547 W skia    : AGTM parsing failed flags.readFromStream(s) at 159
09-14 09:34:44.428   516   547 W skia    : AGTM parsing failed flags.readFromStream(s) at 159
09-14 09:34:44.428   516   547 W skia    : AGTM parsing failed flags.readFromStream(s) at 159
09-14 09:34:44.430   516   547 W skia    : AGTM parsing failed flags.readFromStream(s) at 159
09-14 09:34:44.430   516   547 W skia    : AGTM parsing failed flags.readFromStream(s) at 159
09-14 09:34:44.439  7043  7071 I SP      : Sync for emoticon_content_description succeeded in 35 ms: {removed: [1c661f5c7fb2b8a396a302d79ea74d30], metadata: false
09-14 09:34:44.444   516   516 W skia    : AGTM parsing failed flags.readFromStream(s) at 159
09-14 09:34:44.444   516   516 W skia    : AGTM parsing failed flags.readFromStream(s) at 159
09-14 09:34:44.444   516   516 W skia    : AGTM parsing failed flags.readFromStream(s) at 159
09-14 09:34:44.444   516   516 W skia    : AGTM parsing failed flags.readFromStream(s) at 159
09-14 09:34:44.444   516   516 W skia    : AGTM parsing failed flags.readFromStream(s) at 159
09-14 09:34:44.444   516   516 W skia    : AGTM parsing failed flags.readFromStream(s) at 159
09-14 09:34:44.444   516   516 W skia    : AGTM parsing failed flags.readFromStream(s) at 159
09-14 09:34:44.444   516   516 W skia    : AGTM parsing failed flags.readFromStream(s) at 159
09-14 09:34:44.444   516   516 W skia    : AGTM parsing failed flags.readFromStream(s) at 159
09-14 09:34:44.444   516   516 W skia    : AGTM parsing failed flags.readFromStream(s) at 159
09-14 09:34:44.444   516   516 W skia    : AGTM parsing failed flags.readFromStream(s) at 159
09-14 09:34:44.445   516   547 W skia    : AGTM parsing failed flags.readFromStream(s) at 159
09-14 09:34:44.445   516   547 W skia    : AGTM parsing failed flags.readFromStream(s) at 159
09-14 09:34:44.445   516   547 W skia    : AGTM parsing failed flags.readFromStream(s) at 159
09-14 09:34:44.445   516   547 W skia    : AGTM parsing failed flags.readFromStream(s) at 159
09-14 09:34:44.445   516   547 W skia    : AGTM parsing failed flags.readFromStream(s) at 159
09-14 09:34:44.445   516   547 W skia    : AGTM parsing failed flags.readFromStream(s) at 159
09-14 09:34:44.445   516   547 W skia    : AGTM parsing failed flags.readFromStream(s) at 159
09-14 09:34:44.445   516   547 W skia    : AGTM parsing failed flags.readFromStream(s) at 159
09-14 09:34:44.445   516   547 W skia    : AGTM parsing failed flags.readFromStream(s) at 159
09-14 09:34:44.446  7043  7071 I SP      : GC for 'emoticon_content_description' (10) with ttl of 0 ms took 0 ms (0/0/0)
09-14 09:34:44.459  7043  7071 I SuperpacksManagerImpl: SuperpacksManagerImpl$19.onSyncSuccess():947 emoticon_content_description.sync() succeeded
09-14 09:34:44.459  7043  7071 I SP      : Sync for bundled_delight succeeded in 55 ms: no changes
09-14 09:34:44.459  7043  7071 I SP      : GC for 'bundled_delight' (10) with ttl of 0 ms took 0 ms (0/0/0)
09-14 09:34:44.459  7043  7071 I LmManager: LmManager$1.onSuccess():84 Bundled delight sync success
09-14 09:34:44.459  7043  7071 I SuperpacksManagerImpl: SuperpacksManagerImpl$19.onSyncSuccess():947 bundled_delight.sync() succeeded
09-14 09:34:44.459  7043  7071 I SP      : Sync for handwriting_recognition succeeded in 51 ms: {removed: [de_de_20251103_compact_fst_zip, qrnn_de-DE_reco_20251103_fst_20251103_recospec_zip], metadata: false
09-14 09:34:44.461   516   516 W skia    : AGTM parsing failed flags.readFromStream(s) at 159
09-14 09:34:44.461   516   516 W skia    : AGTM parsing failed flags.readFromStream(s) at 159
09-14 09:34:44.461   516   516 W skia    : AGTM parsing failed flags.readFromStream(s) at 159
09-14 09:34:44.461   516   516 W skia    : AGTM parsing failed flags.readFromStream(s) at 159
09-14 09:34:44.461   516   516 W skia    : AGTM parsing failed flags.readFromStream(s) at 159
09-14 09:34:44.461   516   516 W skia    : AGTM parsing failed flags.readFromStream(s) at 159
09-14 09:34:44.461   516   516 W skia    : AGTM parsing failed flags.readFromStream(s) at 159
09-14 09:34:44.461   516   516 W skia    : AGTM parsing failed flags.readFromStream(s) at 159
09-14 09:34:44.461   516   516 W skia    : AGTM parsing failed flags.readFromStream(s) at 159
09-14 09:34:44.461   516   516 W skia    : AGTM parsing failed flags.readFromStream(s) at 159
09-14 09:34:44.461   516   516 W skia    : AGTM parsing failed flags.readFromStream(s) at 159
09-14 09:34:44.461   516   547 W skia    : AGTM parsing failed flags.readFromStream(s) at 159
09-14 09:34:44.462   516   547 W skia    : AGTM parsing failed flags.readFromStream(s) at 159
09-14 09:34:44.462   516   547 W skia    : AGTM parsing failed flags.readFromStream(s) at 159
09-14 09:34:44.462   516   547 W skia    : AGTM parsing failed flags.readFromStream(s) at 159
09-14 09:34:44.462   516   547 W skia    : AGTM parsing failed flags.readFromStream(s) at 159
09-14 09:34:44.462   516   547 W skia    : AGTM parsing failed flags.readFromStream(s) at 159
09-14 09:34:44.462   516   547 W skia    : AGTM parsing failed flags.readFromStream(s) at 159
09-14 09:34:44.462   516   547 W skia    : AGTM parsing failed flags.readFromStream(s) at 159
09-14 09:34:44.462   516   547 W skia    : AGTM parsing failed flags.readFromStream(s) at 159
09-14 09:34:44.478   516   516 W skia    : AGTM parsing failed flags.readFromStream(s) at 159
09-14 09:34:44.478   516   516 W skia    : AGTM parsing failed flags.readFromStream(s) at 159
09-14 09:34:44.478   516   516 W skia    : AGTM parsing failed flags.readFromStream(s) at 159
09-14 09:34:44.478   516   516 W skia    : AGTM parsing failed flags.readFromStream(s) at 159
09-14 09:34:44.478   516   516 W skia    : AGTM parsing failed flags.readFromStream(s) at 159
09-14 09:34:44.478   516   516 W skia    : AGTM parsing failed flags.readFromStream(s) at 159
09-14 09:34:44.478   516   516 W skia    : AGTM parsing failed flags.readFromStream(s) at 159
09-14 09:34:44.478   516   516 W skia    : AGTM parsing failed flags.readFromStream(s) at 159
09-14 09:34:44.478   516   516 W skia    : AGTM parsing failed flags.readFromStream(s) at 159
09-14 09:34:44.478   516   516 W skia    : AGTM parsing failed flags.readFromStream(s) at 159
09-14 09:34:44.478   516   516 W skia    : AGTM parsing failed flags.readFromStream(s) at 159
09-14 09:34:44.478   516   516 W skia    : AGTM parsing failed flags.readFromStream(s) at 159
09-14 09:34:44.478   516   547 W skia    : AGTM parsing failed flags.readFromStream(s) at 159
09-14 09:34:44.478   516   547 W skia    : AGTM parsing failed flags.readFromStream(s) at 159
09-14 09:34:44.478   516   547 W skia    : AGTM parsing failed flags.readFromStream(s) at 159
09-14 09:34:44.478   516   547 W skia    : AGTM parsing failed flags.readFromStream(s) at 159
09-14 09:34:44.478   516   547 W skia    : AGTM parsing failed flags.readFromStream(s) at 159
09-14 09:34:44.478   516   547 W skia    : AGTM parsing failed flags.readFromStream(s) at 159
09-14 09:34:44.478   516   547 W skia    : AGTM parsing failed flags.readFromStream(s) at 159
09-14 09:34:44.478   516   547 W skia    : AGTM parsing failed flags.readFromStream(s) at 159
09-14 09:34:44.478   516   547 W skia    : AGTM parsing failed flags.readFromStream(s) at 159
09-14 09:34:44.482  7043  7050 W SP      : File ref is being finalized but wasn't closed, file: en_us_20251103_compact_fst_zip[2831]
09-14 09:34:44.482  7043  7050 W SP      : File ref is being finalized but wasn't closed, file: transformer_latin_tflite_20251103_zip[3102]
09-14 09:34:44.482  7043  7050 W SP      : File ref is being finalized but wasn't closed, file: transformer_latin_seg_tflite_20251103_zip[3102]
09-14 09:34:44.482  7043  7050 W SP      : File ref is being finalized but wasn't closed, file: transformer_latin_conf_tflite_20251103_zip[3102]
09-14 09:34:44.482  7043  7050 W SP      : File ref is being finalized but wasn't closed, file: qrnn_en-US_reco_20251103_fst_20251103_recospec_zip[2831]
09-14 09:34:44.482  7043  7050 W SP      : File ref is being finalized but wasn't closed, file: scribe_latin_20250829tfreco_tflite_zip[3102]
09-14 09:34:44.482  7043  7050 W SP      : File ref is being finalized but wasn't closed, file: scribe_latin_20250829tfreco_recospec_zip[3102]
09-14 09:34:44.482  7043  7050 W SP      : File ref is being finalized but wasn't closed, file: de_de_20251103_compact_fst_zip[1476]
09-14 09:34:44.482  7043  7050 W SP      : File ref is being finalized but wasn't closed, file: transformer_latin_conf_tflite_20251103_zip[3102]
09-14 09:34:44.482  7043  7050 W SP      : File ref is being finalized but wasn't closed, file: transformer_latin_tflite_20251103_zip[3102]
09-14 09:34:44.482  7043  7050 W SP      : File ref is being finalized but wasn't closed, file: scribe_latin_20250829tfreco_recospec_zip[3102]
09-14 09:34:44.482  7043  7050 W SP      : File ref is being finalized but wasn't closed, file: qrnn_en-US_reco_20251103_fst_20251103_recospec_zip[2831]
09-14 09:34:44.482  7043  7050 W SP      : File ref is being finalized but wasn't closed, file: transformer_latin_seg_tflite_20251103_zip[3102]
09-14 09:34:44.482  7043  7050 W SP      : File ref is being finalized but wasn't closed, file: pack_mapping_v1_lstm_20260206[2314]
09-14 09:34:44.482  7043  7050 W SP      : File ref is being finalized but wasn't closed, file: en_us_20251103_compact_fst_zip[2831]
09-14 09:34:44.482  7043  7050 W SP      : File ref is being finalized but wasn't closed, file: scribe_latin_20250829tfreco_tflite_zip[3102]
09-14 09:34:44.482  7043  7050 W SP      : File ref is being finalized but wasn't closed, file: qrnn_de-DE_reco_20251103_fst_20251103_recospec_zip[1476]
09-14 09:34:44.482  7043  7050 W SP      : File ref is being finalized but wasn't closed, file: de_de_20251103_compact_fst_zip[1476]
09-14 09:34:44.482  7043  7050 W SP      : File ref is being finalized but wasn't closed, file: transformer_latin_conf_tflite_20251103_zip[3102]
09-14 09:34:44.482  7043  7050 W SP      : File ref is being finalized but wasn't closed, file: transformer_latin_tflite_20251103_zip[3102]
09-14 09:34:44.482  7043  7050 W SP      : File ref is being finalized but wasn't closed, file: scribe_latin_20250829tfreco_recospec_zip[3102]
09-14 09:34:44.482  7043  7050 W SP      : File ref is being finalized but wasn't closed, file: qrnn_en-US_reco_20251103_fst_20251103_recospec_zip[2831]
09-14 09:34:44.482  7043  7050 W SP      : File ref is being finalized but wasn't closed, file: transformer_latin_seg_tflite_20251103_zip[3102]
09-14 09:34:44.482  7043  7050 W SP      : File ref is being finalized but wasn't closed, file: pack_mapping_v1_lstm_20260206[2314]
09-14 09:34:44.482  7043  7050 W SP      : File ref is being finalized but wasn't closed, file: en_us_20251103_compact_fst_zip[2831]
09-14 09:34:44.482  7043  7050 W SP      : File ref is being finalized but wasn't closed, file: scribe_latin_20250829tfreco_tflite_zip[3102]
09-14 09:34:44.482  7043  7050 W SP      : File ref is being finalized but wasn't closed, file: qrnn_de-DE_reco_20251103_fst_20251103_recospec_zip[1476]
09-14 09:34:44.484  7043 19119 I SuperDelight: SuperDelightManager$2.onSuccess():521 bundled_delight sync success, adding to data file manager
09-14 09:34:44.484  7043  7071 I SP      : GC for 'handwriting_recognition' (10) with ttl of 0 ms took 0 ms (0/0/0)
09-14 09:34:44.484  7043  7071 I SuperpacksManagerImpl: SuperpacksManagerImpl$19.onSyncSuccess():947 handwriting_recognition.sync() succeeded
09-14 09:34:44.484  7043 19119 I DataFileManager: DataFileManager.addDataWithoutNotify():184 data en-US already exists
09-14 09:34:44.484  7043 19029 I HandwritingOnlineSuperpacks: HandwritingOnlineSuperpacks.syncInternal():187 syncInternal(): syncing packs
09-14 09:34:44.484  7043 19029 I HandwritingOnlineSuperpacks: HandwritingOnlineSuperpacks$2.onSyncSuccess():225 syncInternal(): complete {old=[de_de_20251103_compact_fst_zip, en_us_20251103_compact_fst_zip, pack_mapping_v1_lstm_20260206, qrnn_de-DE_reco_20251103_fst_20251103_recospec_zip, qrnn_en-US_reco_20251103_fst_20251103_recospec_zip, scribe_latin_20250829tfreco_recospec_zip, scribe_latin_20250829tfreco_tflite_zip, transformer_latin_conf_tflite_20251103_zip, transformer_latin_seg_tflite_20251103_zip, transformer_latin_tflite_20251103_zip], new=[en_us_20251103_compact_fst_zip, pack_mapping_v1_lstm_20260206, qrnn_en-US_reco_20251103_fst_20251103_recospec_zip, scribe_latin_20250829tfreco_recospec_zip, scribe_latin_20250829tfreco_tflite_zip, transformer_latin_conf_tflite_20251103_zip, transformer_latin_seg_tflite_20251103_zip, transformer_latin_tflite_20251103_zip], metadata=false, last batch=true}
09-14 09:34:44.484  7043 19031 E HandwritingSuperpacksUtil: HandwritingSuperpacksUtil.getPackMappingPackName():42 No pack mapping pack found in []
09-14 09:34:44.484  7043 19031 I HandwritingSuperpacks: HandwritingSuperpacks.reloadCache():229 updatePackMappingsCache(): pack mapping pack unavailable [OFFLINE]
09-14 09:34:44.494   516   516 W skia    : AGTM parsing failed flags.readFromStream(s) at 159
09-14 09:34:44.494   516   516 W skia    : AGTM parsing failed flags.readFromStream(s) at 159
09-14 09:34:44.494   516   516 W skia    : AGTM parsing failed flags.readFromStream(s) at 159
09-14 09:34:44.494   516   516 W skia    : AGTM parsing failed flags.readFromStream(s) at 159
09-14 09:34:44.494   516   516 W skia    : AGTM parsing failed flags.readFromStream(s) at 159
09-14 09:34:44.494   516   516 W skia    : AGTM parsing failed flags.readFromStream(s) at 159
09-14 09:34:44.494   516   516 W skia    : AGTM parsing failed flags.readFromStream(s) at 159
09-14 09:34:44.494   516   516 W skia    : AGTM parsing failed flags.readFromStream(s) at 159
09-14 09:34:44.494   516   516 W skia    : AGTM parsing failed flags.readFromStream(s) at 159
09-14 09:34:44.494   516   516 W skia    : AGTM parsing failed flags.readFromStream(s) at 159
09-14 09:34:44.494   516   516 W skia    : AGTM parsing failed flags.readFromStream(s) at 159
09-14 09:34:44.495   516   547 W skia    : AGTM parsing failed flags.readFromStream(s) at 159
09-14 09:34:44.495   516   547 W skia    : AGTM parsing failed flags.readFromStream(s) at 159
09-14 09:34:44.495   516   547 W skia    : AGTM parsing failed flags.readFromStream(s) at 159
09-14 09:34:44.495   516   547 W skia    : AGTM parsing failed flags.readFromStream(s) at 159
09-14 09:34:44.495   516   547 W skia    : AGTM parsing failed flags.readFromStream(s) at 159
09-14 09:34:44.495   516   547 W skia    : AGTM parsing failed flags.readFromStream(s) at 159
09-14 09:34:44.495   516   547 W skia    : AGTM parsing failed flags.readFromStream(s) at 159
09-14 09:34:44.495   516   547 W skia    : AGTM parsing failed flags.readFromStream(s) at 159
09-14 09:34:44.495   516   547 W skia    : AGTM parsing failed flags.readFromStream(s) at 159
09-14 09:34:44.511   516   516 W skia    : AGTM parsing failed flags.readFromStream(s) at 159
09-14 09:34:44.511   516   516 W skia    : AGTM parsing failed flags.readFromStream(s) at 159
09-14 09:34:44.511   516   516 W skia    : AGTM parsing failed flags.readFromStream(s) at 159
09-14 09:34:44.511   516   516 W skia    : AGTM parsing failed flags.readFromStream(s) at 159
09-14 09:34:44.511   516   516 W skia    : AGTM parsing failed flags.readFromStream(s) at 159
09-14 09:34:44.511   516   516 W skia    : AGTM parsing failed flags.readFromStream(s) at 159
09-14 09:34:44.511   516   516 W skia    : AGTM parsing failed flags.readFromStream(s) at 159
09-14 09:34:44.511   516   516 W skia    : AGTM parsing failed flags.readFromStream(s) at 159
09-14 09:34:44.511   516   516 W skia    : AGTM parsing failed flags.readFromStream(s) at 159
09-14 09:34:44.511   516   516 W skia    : AGTM parsing failed flags.readFromStream(s) at 159
09-14 09:34:44.511   516   516 W skia    : AGTM parsing failed flags.readFromStream(s) at 159
09-14 09:34:44.511   516   547 W skia    : AGTM parsing failed flags.readFromStream(s) at 159
09-14 09:34:44.511   516   547 W skia    : AGTM parsing failed flags.readFromStream(s) at 159
09-14 09:34:44.511   516   547 W skia    : AGTM parsing failed flags.readFromStream(s) at 159
09-14 09:34:44.511   516   547 W skia    : AGTM parsing failed flags.readFromStream(s) at 159
09-14 09:34:44.511   516   547 W skia    : AGTM parsing failed flags.readFromStream(s) at 159
09-14 09:34:44.511   516   547 W skia    : AGTM parsing failed flags.readFromStream(s) at 159
09-14 09:34:44.511   516   547 W skia    : AGTM parsing failed flags.readFromStream(s) at 159
09-14 09:34:44.511   516   547 W skia    : AGTM parsing failed flags.readFromStream(s) at 159
09-14 09:34:44.511   516   547 W skia    : AGTM parsing failed flags.readFromStream(s) at 159
09-14 09:34:44.528   516   516 W skia    : AGTM parsing failed flags.readFromStream(s) at 159
09-14 09:34:44.528   516   516 W skia    : AGTM parsing failed flags.readFromStream(s) at 159
09-14 09:34:44.528   516   516 W skia    : AGTM parsing failed flags.readFromStream(s) at 159
09-14 09:34:44.528   516   516 W skia    : AGTM parsing failed flags.readFromStream(s) at 159
09-14 09:34:44.528   516   516 W skia    : AGTM parsing failed flags.readFromStream(s) at 159
09-14 09:34:44.528   516   516 W skia    : AGTM parsing failed flags.readFromStream(s) at 159
09-14 09:34:44.528   516   516 W skia    : AGTM parsing failed flags.readFromStream(s) at 159
09-14 09:34:44.528   516   516 W skia    : AGTM parsing failed flags.readFromStream(s) at 159
09-14 09:34:44.528   516   516 W skia    : AGTM parsing failed flags.readFromStream(s) at 159
09-14 09:34:44.528   516   516 W skia    : AGTM parsing failed flags.readFromStream(s) at 159
09-14 09:34:44.528   516   516 W skia    : AGTM parsing failed flags.readFromStream(s) at 159
09-14 09:34:44.528   516   547 W skia    : AGTM parsing failed flags.readFromStream(s) at 159
09-14 09:34:44.528   516   547 W skia    : AGTM parsing failed flags.readFromStream(s) at 159
09-14 09:34:44.528   516   547 W skia    : AGTM parsing failed flags.readFromStream(s) at 159
09-14 09:34:44.528   516   547 W skia    : AGTM parsing failed flags.readFromStream(s) at 159
09-14 09:34:44.528   516   547 W skia    : AGTM parsing failed flags.readFromStream(s) at 159
09-14 09:34:44.528   516   547 W skia    : AGTM parsing failed flags.readFromStream(s) at 159
09-14 09:34:44.528   516   547 W skia    : AGTM parsing failed flags.readFromStream(s) at 159
09-14 09:34:44.528   516   547 W skia    : AGTM parsing failed flags.readFromStream(s) at 159
09-14 09:34:44.528   516   547 W skia    : AGTM parsing failed flags.readFromStream(s) at 159
09-14 09:34:44.529   516   547 W skia    : AGTM parsing failed flags.readFromStream(s) at 159
09-14 09:34:44.529   516   547 W skia    : AGTM parsing failed flags.readFromStream(s) at 159
09-14 09:34:44.544   516   516 W skia    : AGTM parsing failed flags.readFromStream(s) at 159
09-14 09:34:44.544   516   516 W skia    : AGTM parsing failed flags.readFromStream(s) at 159
09-14 09:34:44.544   516   516 W skia    : AGTM parsing failed flags.readFromStream(s) at 159
09-14 09:34:44.544   516   516 W skia    : AGTM parsing failed flags.readFromStream(s) at 159
09-14 09:34:44.544   516   516 W skia    : AGTM parsing failed flags.readFromStream(s) at 159
09-14 09:34:44.544   516   516 W skia    : AGTM parsing failed flags.readFromStream(s) at 159
09-14 09:34:44.544   516   516 W skia    : AGTM parsing failed flags.readFromStream(s) at 159
09-14 09:34:44.544   516   516 W skia    : AGTM parsing failed flags.readFromStream(s) at 159
09-14 09:34:44.544   516   516 W skia    : AGTM parsing failed flags.readFromStream(s) at 159
09-14 09:34:44.544   516   516 W skia    : AGTM parsing failed flags.readFromStream(s) at 159
09-14 09:34:44.544   516   516 W skia    : AGTM parsing failed flags.readFromStream(s) at 159
09-14 09:34:44.545   516   547 W skia    : AGTM parsing failed flags.readFromStream(s) at 159
09-14 09:34:44.545   516   547 W skia    : AGTM parsing failed flags.readFromStream(s) at 159
09-14 09:34:44.545   516   547 W skia    : AGTM parsing failed flags.readFromStream(s) at 159
09-14 09:34:44.545   516   547 W skia    : AGTM parsing failed flags.readFromStream(s) at 159
09-14 09:34:44.545   516   547 W skia    : AGTM parsing failed flags.readFromStream(s) at 159
09-14 09:34:44.545   516   547 W skia    : AGTM parsing failed flags.readFromStream(s) at 159
09-14 09:34:44.545   516   547 W skia    : AGTM parsing failed flags.readFromStream(s) at 159
09-14 09:34:44.561   516   516 W skia    : AGTM parsing failed flags.readFromStream(s) at 159
09-14 09:34:44.561   516   516 W skia    : AGTM parsing failed flags.readFromStream(s) at 159
09-14 09:34:44.561   516   516 W skia    : AGTM parsing failed flags.readFromStream(s) at 159
09-14 09:34:44.561   516   516 W skia    : AGTM parsing failed flags.readFromStream(s) at 159
09-14 09:34:44.561   516   516 W skia    : AGTM parsing failed flags.readFromStream(s) at 159
09-14 09:34:44.561   516   516 W skia    : AGTM parsing failed flags.readFromStream(s) at 159
09-14 09:34:44.561   516   516 W skia    : AGTM parsing failed flags.readFromStream(s) at 159
09-14 09:34:44.561   516   516 W skia    : AGTM parsing failed flags.readFromStream(s) at 159
09-14 09:34:44.561   516   516 W skia    : AGTM parsing failed flags.readFromStream(s) at 159
09-14 09:34:44.561   516   516 W skia    : AGTM parsing failed flags.readFromStream(s) at 159
09-14 09:34:44.561   516   516 W skia    : AGTM parsing failed flags.readFromStream(s) at 159
09-14 09:34:44.561   516   547 W skia    : AGTM parsing failed flags.readFromStream(s) at 159
09-14 09:34:44.561   516   547 W skia    : AGTM parsing failed flags.readFromStream(s) at 159
09-14 09:34:44.561   516   547 W skia    : AGTM parsing failed flags.readFromStream(s) at 159
09-14 09:34:44.561   516   547 W skia    : AGTM parsing failed flags.readFromStream(s) at 159
09-14 09:34:44.561   516   547 W skia    : AGTM parsing failed flags.readFromStream(s) at 159
09-14 09:34:44.561   516   547 W skia    : AGTM parsing failed flags.readFromStream(s) at 159
09-14 09:34:44.561   516   547 W skia    : AGTM parsing failed flags.readFromStream(s) at 159
09-14 09:34:44.578   516   516 W skia    : AGTM parsing failed flags.readFromStream(s) at 159
09-14 09:34:44.578   516   516 W skia    : AGTM parsing failed flags.readFromStream(s) at 159
09-14 09:34:44.578   516   516 W skia    : AGTM parsing failed flags.readFromStream(s) at 159
09-14 09:34:44.578   516   516 W skia    : AGTM parsing failed flags.readFromStream(s) at 159
09-14 09:34:44.578   516   516 W skia    : AGTM parsing failed flags.readFromStream(s) at 159
09-14 09:34:44.578   516   516 W skia    : AGTM parsing failed flags.readFromStream(s) at 159
09-14 09:34:44.578   516   516 W skia    : AGTM parsing failed flags.readFromStream(s) at 159
09-14 09:34:44.578   516   516 W skia    : AGTM parsing failed flags.readFromStream(s) at 159
09-14 09:34:44.578   516   516 W skia    : AGTM parsing failed flags.readFromStream(s) at 159
09-14 09:34:44.578   516   516 W skia    : AGTM parsing failed flags.readFromStream(s) at 159
09-14 09:34:44.578   516   516 W skia    : AGTM parsing failed flags.readFromStream(s) at 159
09-14 09:34:44.578   516   547 W skia    : AGTM parsing failed flags.readFromStream(s) at 159
09-14 09:34:44.578   516   547 W skia    : AGTM parsing failed flags.readFromStream(s) at 159
09-14 09:34:44.578   516   547 W skia    : AGTM parsing failed flags.readFromStream(s) at 159
09-14 09:34:44.578   516   547 W skia    : AGTM parsing failed flags.readFromStream(s) at 159
09-14 09:34:44.578   516   547 W skia    : AGTM parsing failed flags.readFromStream(s) at 159
09-14 09:34:44.578   516   547 W skia    : AGTM parsing failed flags.readFromStream(s) at 159
09-14 09:34:44.578   516   547 W skia    : AGTM parsing failed flags.readFromStream(s) at 159
09-14 09:34:44.594   516   516 W skia    : AGTM parsing failed flags.readFromStream(s) at 159
09-14 09:34:44.594   516   516 W skia    : AGTM parsing failed flags.readFromStream(s) at 159
09-14 09:34:44.594   516   516 W skia    : AGTM parsing failed flags.readFromStream(s) at 159
09-14 09:34:44.594   516   516 W skia    : AGTM parsing failed flags.readFromStream(s) at 159
09-14 09:34:44.594   516   516 W skia    : AGTM parsing failed flags.readFromStream(s) at 159
09-14 09:34:44.594   516   516 W skia    : AGTM parsing failed flags.readFromStream(s) at 159
09-14 09:34:44.594   516   516 W skia    : AGTM parsing failed flags.readFromStream(s) at 159
09-14 09:34:44.594   516   516 W skia    : AGTM parsing failed flags.readFromStream(s) at 159
09-14 09:34:44.594   516   516 W skia    : AGTM parsing failed flags.readFromStream(s) at 159
09-14 09:34:44.594   516   516 W skia    : AGTM parsing failed flags.readFromStream(s) at 159
09-14 09:34:44.594   516   516 W skia    : AGTM parsing failed flags.readFromStream(s) at 159
09-14 09:34:44.595   516   547 W skia    : AGTM parsing failed flags.readFromStream(s) at 159
09-14 09:34:44.595   516   547 W skia    : AGTM parsing failed flags.readFromStream(s) at 159
09-14 09:34:44.595   516   547 W skia    : AGTM parsing failed flags.readFromStream(s) at 159
09-14 09:34:44.595   516   547 W skia    : AGTM parsing failed flags.readFromStream(s) at 159
09-14 09:34:44.595   516   547 W skia    : AGTM parsing failed flags.readFromStream(s) at 159
09-14 09:34:44.595   516   547 W skia    : AGTM parsing failed flags.readFromStream(s) at 159
09-14 09:34:44.595   516   547 W skia    : AGTM parsing failed flags.readFromStream(s) at 159
09-14 09:34:44.611   516   516 W skia    : AGTM parsing failed flags.readFromStream(s) at 159
09-14 09:34:44.611   516   516 W skia    : AGTM parsing failed flags.readFromStream(s) at 159
09-14 09:34:44.611   516   516 W skia    : AGTM parsing failed flags.readFromStream(s) at 159
09-14 09:34:44.611   516   516 W skia    : AGTM parsing failed flags.readFromStream(s) at 159
09-14 09:34:44.611   516   516 W skia    : AGTM parsing failed flags.readFromStream(s) at 159
09-14 09:34:44.611   516   516 W skia    : AGTM parsing failed flags.readFromStream(s) at 159
09-14 09:34:44.611   516   516 W skia    : AGTM parsing failed flags.readFromStream(s) at 159
09-14 09:34:44.611   516   516 W skia    : AGTM parsing failed flags.readFromStream(s) at 159
09-14 09:34:44.611   516   516 W skia    : AGTM parsing failed flags.readFromStream(s) at 159
09-14 09:34:44.611   516   516 W skia    : AGTM parsing failed flags.readFromStream(s) at 159
09-14 09:34:44.611   516   547 W skia    : AGTM parsing failed flags.readFromStream(s) at 159
09-14 09:34:44.611   516   547 W skia    : AGTM parsing failed flags.readFromStream(s) at 159
09-14 09:34:44.611   516   547 W skia    : AGTM parsing failed flags.readFromStream(s) at 159
09-14 09:34:44.611   516   547 W skia    : AGTM parsing failed flags.readFromStream(s) at 159
09-14 09:34:44.611   516   547 W skia    : AGTM parsing failed flags.readFromStream(s) at 159
09-14 09:34:44.611   516   547 W skia    : AGTM parsing failed flags.readFromStream(s) at 159
09-14 09:34:44.611   516   547 W skia    : AGTM parsing failed flags.readFromStream(s) at 159
09-14 09:34:44.628   516   516 W skia    : AGTM parsing failed flags.readFromStream(s) at 159
09-14 09:34:44.628   516   516 W skia    : AGTM parsing failed flags.readFromStream(s) at 159
09-14 09:34:44.628   516   516 W skia    : AGTM parsing failed flags.readFromStream(s) at 159
09-14 09:34:44.628   516   516 W skia    : AGTM parsing failed flags.readFromStream(s) at 159
09-14 09:34:44.628   516   516 W skia    : AGTM parsing failed flags.readFromStream(s) at 159
09-14 09:34:44.628   516   516 W skia    : AGTM parsing failed flags.readFromStream(s) at 159
09-14 09:34:44.628   516   516 W skia    : AGTM parsing failed flags.readFromStream(s) at 159
09-14 09:34:44.628   516   516 W skia    : AGTM parsing failed flags.readFromStream(s) at 159
09-14 09:34:44.628   516   516 W skia    : AGTM parsing failed flags.readFromStream(s) at 159
09-14 09:34:44.628   516   516 W skia    : AGTM parsing failed flags.readFromStream(s) at 159
09-14 09:34:44.628   516   547 W skia    : AGTM parsing failed flags.readFromStream(s) at 159
09-14 09:34:44.628   516   547 W skia    : AGTM parsing failed flags.readFromStream(s) at 159
09-14 09:34:44.628   516   547 W skia    : AGTM parsing failed flags.readFromStream(s) at 159
09-14 09:34:44.628   516   547 W skia    : AGTM parsing failed flags.readFromStream(s) at 159
09-14 09:34:44.628   516   547 W skia    : AGTM parsing failed flags.readFromStream(s) at 159
09-14 09:34:44.628   516   547 W skia    : AGTM parsing failed flags.readFromStream(s) at 159
09-14 09:34:44.628   516   547 W skia    : AGTM parsing failed flags.readFromStream(s) at 159
09-14 09:34:44.630   516   547 W skia    : AGTM parsing failed flags.readFromStream(s) at 159
09-14 09:34:44.630   516   547 W skia    : AGTM parsing failed flags.readFromStream(s) at 159
09-14 09:34:44.644   516   516 W skia    : AGTM parsing failed flags.readFromStream(s) at 159
09-14 09:34:44.644   516   516 W skia    : AGTM parsing failed flags.readFromStream(s) at 159
09-14 09:34:44.644   516   516 W skia    : AGTM parsing failed flags.readFromStream(s) at 159
09-14 09:34:44.644   516   516 W skia    : AGTM parsing failed flags.readFromStream(s) at 159
09-14 09:34:44.644   516   516 W skia    : AGTM parsing failed flags.readFromStream(s) at 159
09-14 09:34:44.644   516   516 W skia    : AGTM parsing failed flags.readFromStream(s) at 159
09-14 09:34:44.644   516   516 W skia    : AGTM parsing failed flags.readFromStream(s) at 159
09-14 09:34:44.644   516   516 W skia    : AGTM parsing failed flags.readFromStream(s) at 159
09-14 09:34:44.644   516   516 W skia    : AGTM parsing failed flags.readFromStream(s) at 159
09-14 09:34:44.644   516   516 W skia    : AGTM parsing failed flags.readFromStream(s) at 159
09-14 09:34:44.645   516   547 W skia    : AGTM parsing failed flags.readFromStream(s) at 159
09-14 09:34:44.645   516   547 W skia    : AGTM parsing failed flags.readFromStream(s) at 159
09-14 09:34:44.645   516   547 W skia    : AGTM parsing failed flags.readFromStream(s) at 159
09-14 09:34:44.645   516   547 W skia    : AGTM parsing failed flags.readFromStream(s) at 159
09-14 09:34:44.645   516   547 W skia    : AGTM parsing failed flags.readFromStream(s) at 159
09-14 09:34:44.645   516   547 W skia    : AGTM parsing failed flags.readFromStream(s) at 159
09-14 09:34:44.645   516   547 W skia    : AGTM parsing failed flags.readFromStream(s) at 159
09-14 09:34:44.661   516   516 W skia    : AGTM parsing failed flags.readFromStream(s) at 159
09-14 09:34:44.661   516   516 W skia    : AGTM parsing failed flags.readFromStream(s) at 159
09-14 09:34:44.661   516   516 W skia    : AGTM parsing failed flags.readFromStream(s) at 159
09-14 09:34:44.661   516   516 W skia    : AGTM parsing failed flags.readFromStream(s) at 159
09-14 09:34:44.661   516   516 W skia    : AGTM parsing failed flags.readFromStream(s) at 159
09-14 09:34:44.661   516   516 W skia    : AGTM parsing failed flags.readFromStream(s) at 159
09-14 09:34:44.661   516   516 W skia    : AGTM parsing failed flags.readFromStream(s) at 159
09-14 09:34:44.661   516   516 W skia    : AGTM parsing failed flags.readFromStream(s) at 159
09-14 09:34:44.661   516   516 W skia    : AGTM parsing failed flags.readFromStream(s) at 159
09-14 09:34:44.661   516   516 W skia    : AGTM parsing failed flags.readFromStream(s) at 159
09-14 09:34:44.661   516   547 W skia    : AGTM parsing failed flags.readFromStream(s) at 159
09-14 09:34:44.661   516   547 W skia    : AGTM parsing failed flags.readFromStream(s) at 159
09-14 09:34:44.661   516   547 W skia    : AGTM parsing failed flags.readFromStream(s) at 159
09-14 09:34:44.661   516   547 W skia    : AGTM parsing failed flags.readFromStream(s) at 159
09-14 09:34:44.661   516   547 W skia    : AGTM parsing failed flags.readFromStream(s) at 159
09-14 09:34:44.661   516   547 W skia    : AGTM parsing failed flags.readFromStream(s) at 159
09-14 09:34:44.661   516   547 W skia    : AGTM parsing failed flags.readFromStream(s) at 159
09-14 09:34:44.678   516   516 W skia    : AGTM parsing failed flags.readFromStream(s) at 159
09-14 09:34:44.678   516   516 W skia    : AGTM parsing failed flags.readFromStream(s) at 159
09-14 09:34:44.678   516   516 W skia    : AGTM parsing failed flags.readFromStream(s) at 159
09-14 09:34:44.678   516   516 W skia    : AGTM parsing failed flags.readFromStream(s) at 159
09-14 09:34:44.678   516   516 W skia    : AGTM parsing failed flags.readFromStream(s) at 159
09-14 09:34:44.678   516   516 W skia    : AGTM parsing failed flags.readFromStream(s) at 159
09-14 09:34:44.678   516   516 W skia    : AGTM parsing failed flags.readFromStream(s) at 159
09-14 09:34:44.678   516   516 W skia    : AGTM parsing failed flags.readFromStream(s) at 159
09-14 09:34:44.678   516   516 W skia    : AGTM parsing failed flags.readFromStream(s) at 159
09-14 09:34:44.678   516   516 W skia    : AGTM parsing failed flags.readFromStream(s) at 159
09-14 09:34:44.678   516   547 W skia    : AGTM parsing failed flags.readFromStream(s) at 159
09-14 09:34:44.678   516   547 W skia    : AGTM parsing failed flags.readFromStream(s) at 159
09-14 09:34:44.678   516   547 W skia    : AGTM parsing failed flags.readFromStream(s) at 159
09-14 09:34:44.678   516   547 W skia    : AGTM parsing failed flags.readFromStream(s) at 159
09-14 09:34:44.678   516   547 W skia    : AGTM parsing failed flags.readFromStream(s) at 159
09-14 09:34:44.678   516   547 W skia    : AGTM parsing failed flags.readFromStream(s) at 159
09-14 09:34:44.678   516   547 W skia    : AGTM parsing failed flags.readFromStream(s) at 159
09-14 09:34:44.694   516   516 W skia    : AGTM parsing failed flags.readFromStream(s) at 159
09-14 09:34:44.694   516   516 W skia    : AGTM parsing failed flags.readFromStream(s) at 159
09-14 09:34:44.694   516   516 W skia    : AGTM parsing failed flags.readFromStream(s) at 159
09-14 09:34:44.694   516   516 W skia    : AGTM parsing failed flags.readFromStream(s) at 159
09-14 09:34:44.694   516   516 W skia    : AGTM parsing failed flags.readFromStream(s) at 159
09-14 09:34:44.694   516   516 W skia    : AGTM parsing failed flags.readFromStream(s) at 159
09-14 09:34:44.694   516   516 W skia    : AGTM parsing failed flags.readFromStream(s) at 159
09-14 09:34:44.694   516   516 W skia    : AGTM parsing failed flags.readFromStream(s) at 159
09-14 09:34:44.695   516   516 W skia    : AGTM parsing failed flags.readFromStream(s) at 159
09-14 09:34:44.695   516   516 W skia    : AGTM parsing failed flags.readFromStream(s) at 159
09-14 09:34:44.695   516   547 W skia    : AGTM parsing failed flags.readFromStream(s) at 159
09-14 09:34:44.695   516   547 W skia    : AGTM parsing failed flags.readFromStream(s) at 159
09-14 09:34:44.695   516   547 W skia    : AGTM parsing failed flags.readFromStream(s) at 159
09-14 09:34:44.695   516   547 W skia    : AGTM parsing failed flags.readFromStream(s) at 159
09-14 09:34:44.695   516   547 W skia    : AGTM parsing failed flags.readFromStream(s) at 159
09-14 09:34:44.695   516   547 W skia    : AGTM parsing failed flags.readFromStream(s) at 159
09-14 09:34:44.695   516   547 W skia    : AGTM parsing failed flags.readFromStream(s) at 159
09-14 09:34:44.695  1110  1257 V WindowManagerShell: Received remote transition finished callback for (#306)
09-14 09:34:44.695  1110  1200 V WindowManagerShell: Transition animation finished (aborted=false), notifying core (#306) android.os.BinderProxy@5f4517a@0
09-14 09:34:44.696   661   683 V WindowManager: Finish Transition (#306): created at 09-14 09:34:44.309 collect-started=0.017ms request-sent=0.1ms started=1.259ms ready=22.69ms sent=52.449ms commit=17.187ms finished=387.035ms
09-14 09:34:44.697   661  2024 E libbinder.IPCThreadState: Binder transaction failure. id: 5673599, cmd: BR_DEAD_REPLY (29189), error: -22 (Invalid argument)
09-14 09:34:44.697   661  2024 W ActivityManager: pid 661 system sent binder code 7 with flags 1 and got error -32
09-14 09:34:44.698   661  2024 W WindowManager: Exception thrown during dispatchAppVisibility Window{baac40 u0 com.highfly.logbook/com.highfly.logbook.MainActivity EXITING}
09-14 09:34:44.698   661  2024 W WindowManager: android.os.DeadObjectException
09-14 09:34:44.698   661  2024 W WindowManager: 	at android.os.BinderProxy.transactNative(Native Method)
09-14 09:34:44.698   661  2024 W WindowManager: 	at android.os.BinderProxy.transact(BinderProxy.java:674)
09-14 09:34:44.698   661  2024 W WindowManager: 	at android.view.IWindow$Stub$Proxy.dispatchAppVisibility(IWindow.java:603)
09-14 09:34:44.698   661  2024 W WindowManager: 	at com.android.server.wm.WindowState.sendAppVisibilityToClients(WindowState.java:3485)
09-14 09:34:44.698   661  2024 W WindowManager: 	at com.android.server.wm.WindowContainer.sendAppVisibilityToClients(WindowContainer.java:1254)
09-14 09:34:44.698   661  2024 W WindowManager: 	at com.android.server.wm.WindowToken.setClientVisible(WindowToken.java:392)
09-14 09:34:44.698   661  2024 W WindowManager: 	at com.android.server.wm.ActivityRecord.commitVisibility(ActivityRecord.java:5821)
09-14 09:34:44.698   661  2024 W WindowManager: 	at com.android.server.wm.Transition.finishTransition(Transition.java:1659)
09-14 09:34:44.698   661  2024 W WindowManager: 	at com.android.server.wm.TransitionController.finishTransition(TransitionController.java:1238)
09-14 09:34:44.698   661  2024 W WindowManager: 	at com.android.server.wm.WindowOrganizerController.finishTransition(WindowOrganizerController.java:530)
09-14 09:34:44.698   661  2024 W WindowManager: 	at android.window.IWindowOrganizerController$Stub.onTransact(IWindowOrganizerController.java:265)
09-14 09:34:44.698   661  2024 W WindowManager: 	at com.android.server.wm.WindowOrganizerController.onTransact(WindowOrganizerController.java:236)
09-14 09:34:44.698   661  2024 W WindowManager: 	at android.os.Binder.execTransactInternal(Binder.java:1328)
09-14 09:34:44.698   661  2024 W WindowManager: 	at android.os.Binder.execTransact(Binder.java:1282)
09-14 09:34:44.698   661  2024 W Process : Unable to open /proc/19082/status
09-14 09:34:44.698  1110  1200 V WindowManagerShell: Track 0 became idle
09-14 09:34:44.698  1110  1200 V WindowManagerShell: All active transition animations finished
09-14 09:34:44.702   661  1093 I Surface : Creating surface for consumer unnamed-661-31 with slotExpansion=1 for 64 slots
09-14 09:34:44.702   661  1093 I Surface : Creating surface for consumer ImageReader-864x1920f1m1-661-29 with slotExpansion=1 for 64 slots
09-14 09:34:44.702   661  1093 W ImageReader_JNI: Unable to acquire a buffer item, very likely client tried to acquire more than maxImages buffers
09-14 09:34:44.709   661  1093 E ConsumerBase: [ImageReader-864x1920f1m1-661-29] abandonLocked: ConsumerBase is abandoned!
09-14 09:34:44.711   516   516 W skia    : AGTM parsing failed flags.readFromStream(s) at 159
09-14 09:34:44.711   516   516 W skia    : AGTM parsing failed flags.readFromStream(s) at 159
09-14 09:34:44.711   516   516 W skia    : AGTM parsing failed flags.readFromStream(s) at 159
09-14 09:34:44.711   516   516 W skia    : AGTM parsing failed flags.readFromStream(s) at 159
09-14 09:34:44.711   516   516 W skia    : AGTM parsing failed flags.readFromStream(s) at 159
09-14 09:34:44.711   516   516 W skia    : AGTM parsing failed flags.readFromStream(s) at 159
09-14 09:34:44.711   516   516 W skia    : AGTM parsing failed flags.readFromStream(s) at 159
09-14 09:34:44.711   516   516 W skia    : AGTM parsing failed flags.readFromStream(s) at 159
09-14 09:34:44.711  1401  1401 D SsBaseTemplateCard: Passed-in item info is null
09-14 09:34:44.712   516   547 W skia    : AGTM parsing failed flags.readFromStream(s) at 159
09-14 09:34:44.712  1401  1401 D SsBaseTemplateCard: Passed-in item info is null
09-14 09:34:44.712  1401  1401 D SsBaseTemplateCard: Passed-in item info is null
09-14 09:34:44.712  1401  1401 D SsBaseTemplateCard: Passed-in item info is null
09-14 09:34:44.712  1401  1401 I SsBaseTemplateCard: Secondary card pane is null
09-14 09:34:44.712   516   547 W skia    : AGTM parsing failed flags.readFromStream(s) at 159
09-14 09:34:44.712   516   547 W skia    : AGTM parsing failed flags.readFromStream(s) at 159
09-14 09:34:44.712   516   547 W skia    : AGTM parsing failed flags.readFromStream(s) at 159
09-14 09:34:44.712   516   547 W skia    : AGTM parsing failed flags.readFromStream(s) at 159
09-14 09:34:44.712   516   547 W skia    : AGTM parsing failed flags.readFromStream(s) at 159
09-14 09:34:44.712   516   547 W skia    : AGTM parsing failed flags.readFromStream(s) at 159
09-14 09:34:44.712  1110  1200 V ShellTaskOrganizer: Task vanished taskId=149
09-14 09:34:44.712  1110  1200 V ShellTaskOrganizer: Fullscreen Task Vanished: #149
09-14 09:34:44.712  1110  1200 V ShellDesktopMode: Task Vanished: #149 closed=true
09-14 09:34:44.712  1110  1200 V RecentTasksController: Notify recent tasks changed: 1
09-14 09:34:44.712  1110  1200 D ShellDesktopMode: AppToWebRepository: Task 149 is vanishing. Removing task data from repository
09-14 09:34:44.712  1110  1200 V AppCompat: SingleSurfaceLetterboxController: []
09-14 09:34:44.712  1110  1200 V AppCompat: MultiSurfaceLetterboxController: []
09-14 09:34:44.712  1110  1200 V AppCompat: LetterboxInputController: []
09-14 09:34:44.712  1110  1200 V AppCompat: RoundedCornersLetterboxController: {}
09-14 09:34:44.715  1401  1401 D RecentsView: onTaskRemoved: 149, not handling task stack changes
09-14 09:34:44.715  1401  1401 D RecentsView: onTaskRemoved: 149, not handling task stack changes
09-14 09:34:44.715  1401  1401 D RecentTasksList: invalidateLoadedTasks - previous requestLoadId: -1
09-14 09:34:44.728   516   516 W skia    : AGTM parsing failed flags.readFromStream(s) at 159
09-14 09:34:44.728   516   516 W skia    : AGTM parsing failed flags.readFromStream(s) at 159
09-14 09:34:44.728   516   516 W skia    : AGTM parsing failed flags.readFromStream(s) at 159
09-14 09:34:44.728   516   516 W skia    : AGTM parsing failed flags.readFromStream(s) at 159
09-14 09:34:44.728   516   516 W skia    : AGTM parsing failed flags.readFromStream(s) at 159
09-14 09:34:44.728   516   516 W skia    : AGTM parsing failed flags.readFromStream(s) at 159
09-14 09:34:44.728   516   516 W skia    : AGTM parsing failed flags.readFromStream(s) at 159
09-14 09:34:44.728   516   516 W skia    : AGTM parsing failed flags.readFromStream(s) at 159
09-14 09:34:44.728   516   547 W skia    : AGTM parsing failed flags.readFromStream(s) at 159
09-14 09:34:44.728   516   547 W skia    : AGTM parsing failed flags.readFromStream(s) at 159
09-14 09:34:44.728   516   547 W skia    : AGTM parsing failed flags.readFromStream(s) at 159
09-14 09:34:44.728   516   547 W skia    : AGTM parsing failed flags.readFromStream(s) at 159
09-14 09:34:44.728   516   547 W skia    : AGTM parsing failed flags.readFromStream(s) at 159
09-14 09:34:44.728   516   547 W skia    : AGTM parsing failed flags.readFromStream(s) at 159
09-14 09:34:44.728   516   547 W skia    : AGTM parsing failed flags.readFromStream(s) at 159
09-14 09:34:44.730   516   547 W skia    : AGTM parsing failed flags.readFromStream(s) at 159
09-14 09:34:44.730   516   547 W skia    : AGTM parsing failed flags.readFromStream(s) at 159
09-14 09:34:44.744   516   516 W skia    : AGTM parsing failed flags.readFromStream(s) at 159
09-14 09:34:44.744   516   516 W skia    : AGTM parsing failed flags.readFromStream(s) at 159
09-14 09:34:44.744   516   516 W skia    : AGTM parsing failed flags.readFromStream(s) at 159
09-14 09:34:44.744   516   516 W skia    : AGTM parsing failed flags.readFromStream(s) at 159
09-14 09:34:44.744   516   516 W skia    : AGTM parsing failed flags.readFromStream(s) at 159
09-14 09:34:44.744   516   516 W skia    : AGTM parsing failed flags.readFromStream(s) at 159
09-14 09:34:44.744   516   516 W skia    : AGTM parsing failed flags.readFromStream(s) at 159
09-14 09:34:44.744   516   516 W skia    : AGTM parsing failed flags.readFromStream(s) at 159
09-14 09:34:44.745   516   516 E BpTransactionCompletedListener: Failed to transact (-32)
09-14 09:34:44.745   516   547 W skia    : AGTM parsing failed flags.readFromStream(s) at 159
09-14 09:34:44.745   516   547 W skia    : AGTM parsing failed flags.readFromStream(s) at 159
09-14 09:34:44.745   516   547 W skia    : AGTM parsing failed flags.readFromStream(s) at 159
09-14 09:34:44.745   516   547 W skia    : AGTM parsing failed flags.readFromStream(s) at 159
09-14 09:34:44.745   516   547 W skia    : AGTM parsing failed flags.readFromStream(s) at 159
09-14 09:34:44.745   516   547 W skia    : AGTM parsing failed flags.readFromStream(s) at 159
09-14 09:34:44.745   516   547 W skia    : AGTM parsing failed flags.readFromStream(s) at 159
09-14 09:34:44.761   516   516 W skia    : AGTM parsing failed flags.readFromStream(s) at 159
09-14 09:34:44.761   516   516 W skia    : AGTM parsing failed flags.readFromStream(s) at 159
09-14 09:34:44.761   516   516 W skia    : AGTM parsing failed flags.readFromStream(s) at 159
09-14 09:34:44.761   516   516 W skia    : AGTM parsing failed flags.readFromStream(s) at 159
09-14 09:34:44.761   516   516 W skia    : AGTM parsing failed flags.readFromStream(s) at 159
09-14 09:34:44.761   516   516 W skia    : AGTM parsing failed flags.readFromStream(s) at 159
09-14 09:34:44.761   516   516 W skia    : AGTM parsing failed flags.readFromStream(s) at 159
09-14 09:34:44.761   516   516 W skia    : AGTM parsing failed flags.readFromStream(s) at 159
09-14 09:34:44.761   516   547 W skia    : AGTM parsing failed flags.readFromStream(s) at 159
09-14 09:34:44.761   516   547 W skia    : AGTM parsing failed flags.readFromStream(s) at 159
09-14 09:34:44.761   516   547 W skia    : AGTM parsing failed flags.readFromStream(s) at 159
09-14 09:34:44.761   516   547 W skia    : AGTM parsing failed flags.readFromStream(s) at 159
09-14 09:34:44.761   516   547 W skia    : AGTM parsing failed flags.readFromStream(s) at 159
09-14 09:34:44.761   516   547 W skia    : AGTM parsing failed flags.readFromStream(s) at 159
09-14 09:34:44.761   516   547 W skia    : AGTM parsing failed flags.readFromStream(s) at 159
09-14 09:34:44.778   516   516 W skia    : AGTM parsing failed flags.readFromStream(s) at 159
09-14 09:34:44.778   516   516 W skia    : AGTM parsing failed flags.readFromStream(s) at 159
09-14 09:34:44.778   516   516 W skia    : AGTM parsing failed flags.readFromStream(s) at 159
09-14 09:34:44.778   516   516 W skia    : AGTM parsing failed flags.readFromStream(s) at 159
09-14 09:34:44.778   516   516 W skia    : AGTM parsing failed flags.readFromStream(s) at 159
09-14 09:34:44.778   516   516 W skia    : AGTM parsing failed flags.readFromStream(s) at 159
09-14 09:34:44.778   516   516 W skia    : AGTM parsing failed flags.readFromStream(s) at 159
09-14 09:34:44.778   516   516 W skia    : AGTM parsing failed flags.readFromStream(s) at 159
09-14 09:34:44.778   516   547 W skia    : AGTM parsing failed flags.readFromStream(s) at 159
09-14 09:34:44.778   516   547 W skia    : AGTM parsing failed flags.readFromStream(s) at 159
09-14 09:34:44.778   516   547 W skia    : AGTM parsing failed flags.readFromStream(s) at 159
09-14 09:34:44.778   516   547 W skia    : AGTM parsing failed flags.readFromStream(s) at 159
09-14 09:34:44.778   516   547 W skia    : AGTM parsing failed flags.readFromStream(s) at 159
09-14 09:34:44.778   516   547 W skia    : AGTM parsing failed flags.readFromStream(s) at 159
09-14 09:34:44.778   516   547 W skia    : AGTM parsing failed flags.readFromStream(s) at 159
09-14 09:34:44.794   516   516 W skia    : AGTM parsing failed flags.readFromStream(s) at 159
09-14 09:34:44.794   516   516 W skia    : AGTM parsing failed flags.readFromStream(s) at 159
09-14 09:34:44.794   516   516 W skia    : AGTM parsing failed flags.readFromStream(s) at 159
09-14 09:34:44.794   516   516 W skia    : AGTM parsing failed flags.readFromStream(s) at 159
09-14 09:34:44.794   516   516 W skia    : AGTM parsing failed flags.readFromStream(s) at 159
09-14 09:34:44.794   516   516 W skia    : AGTM parsing failed flags.readFromStream(s) at 159
09-14 09:34:44.794   516   516 W skia    : AGTM parsing failed flags.readFromStream(s) at 159
09-14 09:34:44.794   516   516 W skia    : AGTM parsing failed flags.readFromStream(s) at 159
09-14 09:34:44.795   516   547 W skia    : AGTM parsing failed flags.readFromStream(s) at 159
09-14 09:34:44.795   516   547 W skia    : AGTM parsing failed flags.readFromStream(s) at 159
09-14 09:34:44.795   516   547 W skia    : AGTM parsing failed flags.readFromStream(s) at 159
09-14 09:34:44.795   516   547 W skia    : AGTM parsing failed flags.readFromStream(s) at 159
09-14 09:34:44.795   516   547 W skia    : AGTM parsing failed flags.readFromStream(s) at 159
09-14 09:34:44.795   516   547 W skia    : AGTM parsing failed flags.readFromStream(s) at 159
09-14 09:34:44.795   516   547 W skia    : AGTM parsing failed flags.readFromStream(s) at 159
09-14 09:34:44.809   661   686 W ActivityTaskManager: Activity top resumed state loss timeout for ActivityRecord{125185633 u0 com.highfly.logbook/.MainActivity t-1 f}
09-14 09:34:44.809  1401  1401 D BaseActivity: Launcher flags updated: [state_started|state_resumed|state_deferred_resumed|state_window_focused|state_user_active] +[]
09-14 09:34:44.811   516   516 W skia    : AGTM parsing failed flags.readFromStream(s) at 159
09-14 09:34:44.811   516   516 W skia    : AGTM parsing failed flags.readFromStream(s) at 159
09-14 09:34:44.811   516   516 W skia    : AGTM parsing failed flags.readFromStream(s) at 159
09-14 09:34:44.811   516   516 W skia    : AGTM parsing failed flags.readFromStream(s) at 159
09-14 09:34:44.811   516   516 W skia    : AGTM parsing failed flags.readFromStream(s) at 159
09-14 09:34:44.811   516   516 W skia    : AGTM parsing failed flags.readFromStream(s) at 159
09-14 09:34:44.811   516   516 W skia    : AGTM parsing failed flags.readFromStream(s) at 159
09-14 09:34:44.811   516   516 W skia    : AGTM parsing failed flags.readFromStream(s) at 159
09-14 09:34:44.811   516   547 W skia    : AGTM parsing failed flags.readFromStream(s) at 159
09-14 09:34:44.811   516   547 W skia    : AGTM parsing failed flags.readFromStream(s) at 159
09-14 09:34:44.811   516   547 W skia    : AGTM parsing failed flags.readFromStream(s) at 159
09-14 09:34:44.811   516   547 W skia    : AGTM parsing failed flags.readFromStream(s) at 159
09-14 09:34:44.811   516   547 W skia    : AGTM parsing failed flags.readFromStream(s) at 159
09-14 09:34:44.811   516   547 W skia    : AGTM parsing failed flags.readFromStream(s) at 159
09-14 09:34:44.811   516   547 W skia    : AGTM parsing failed flags.readFromStream(s) at 159
09-14 09:34:44.814  7388 19153 I DropBoxUtil: (REDACTED) Reading dropbox entry with tag %s and timestamp %d
09-14 09:34:44.828   516   516 W skia    : AGTM parsing failed flags.readFromStream(s) at 159
09-14 09:34:44.828   516   516 W skia    : AGTM parsing failed flags.readFromStream(s) at 159
09-14 09:34:44.828   516   516 W skia    : AGTM parsing failed flags.readFromStream(s) at 159
09-14 09:34:44.828   516   516 W skia    : AGTM parsing failed flags.readFromStream(s) at 159
09-14 09:34:44.828   516   516 W skia    : AGTM parsing failed flags.readFromStream(s) at 159
09-14 09:34:44.828   516   516 W skia    : AGTM parsing failed flags.readFromStream(s) at 159
09-14 09:34:44.828   516   516 W skia    : AGTM parsing failed flags.readFromStream(s) at 159
09-14 09:34:44.828   516   516 W skia    : AGTM parsing failed flags.readFromStream(s) at 159
09-14 09:34:44.828   516   547 W skia    : AGTM parsing failed flags.readFromStream(s) at 159
09-14 09:34:44.828   516   547 W skia    : AGTM parsing failed flags.readFromStream(s) at 159
09-14 09:34:44.828   516   547 W skia    : AGTM parsing failed flags.readFromStream(s) at 159
09-14 09:34:44.828   516   547 W skia    : AGTM parsing failed flags.readFromStream(s) at 159
09-14 09:34:44.828   516   547 W skia    : AGTM parsing failed flags.readFromStream(s) at 159
09-14 09:34:44.828   516   547 W skia    : AGTM parsing failed flags.readFromStream(s) at 159
09-14 09:34:44.828   516   547 W skia    : AGTM parsing failed flags.readFromStream(s) at 159
09-14 09:34:44.830   516   547 W skia    : AGTM parsing failed flags.readFromStream(s) at 159
09-14 09:34:44.830   516   547 W skia    : AGTM parsing failed flags.readFromStream(s) at 159
09-14 09:34:44.844   516   516 W skia    : AGTM parsing failed flags.readFromStream(s) at 159
09-14 09:34:44.844   516   516 W skia    : AGTM parsing failed flags.readFromStream(s) at 159
09-14 09:34:44.844   516   516 W skia    : AGTM parsing failed flags.readFromStream(s) at 159
09-14 09:34:44.844   516   516 W skia    : AGTM parsing failed flags.readFromStream(s) at 159
09-14 09:34:44.844   516   516 W skia    : AGTM parsing failed flags.readFromStream(s) at 159
09-14 09:34:44.844   516   516 W skia    : AGTM parsing failed flags.readFromStream(s) at 159
09-14 09:34:44.844   516   516 W skia    : AGTM parsing failed flags.readFromStream(s) at 159
09-14 09:34:44.844   516   516 W skia    : AGTM parsing failed flags.readFromStream(s) at 159
09-14 09:34:44.845   516   547 W skia    : AGTM parsing failed flags.readFromStream(s) at 159
09-14 09:34:44.845   516   547 W skia    : AGTM parsing failed flags.readFromStream(s) at 159
09-14 09:34:44.845   516   547 W skia    : AGTM parsing failed flags.readFromStream(s) at 159
09-14 09:34:44.845   516   547 W skia    : AGTM parsing failed flags.readFromStream(s) at 159
09-14 09:34:44.845   516   547 W skia    : AGTM parsing failed flags.readFromStream(s) at 159
09-14 09:34:44.845   516   547 W skia    : AGTM parsing failed flags.readFromStream(s) at 159
09-14 09:34:44.845   516   547 W skia    : AGTM parsing failed flags.readFromStream(s) at 159
09-14 09:34:44.861   516   516 W skia    : AGTM parsing failed flags.readFromStream(s) at 159
09-14 09:34:44.861   516   516 W skia    : AGTM parsing failed flags.readFromStream(s) at 159
09-14 09:34:44.861   516   516 W skia    : AGTM parsing failed flags.readFromStream(s) at 159
09-14 09:34:44.861   516   516 W skia    : AGTM parsing failed flags.readFromStream(s) at 159
09-14 09:34:44.861   516   516 W skia    : AGTM parsing failed flags.readFromStream(s) at 159
09-14 09:34:44.861   516   516 W skia    : AGTM parsing failed flags.readFromStream(s) at 159
09-14 09:34:44.861   516   516 W skia    : AGTM parsing failed flags.readFromStream(s) at 159
09-14 09:34:44.861   516   516 W skia    : AGTM parsing failed flags.readFromStream(s) at 159
09-14 09:34:44.861   516   547 W skia    : AGTM parsing failed flags.readFromStream(s) at 159
09-14 09:34:44.861   516   547 W skia    : AGTM parsing failed flags.readFromStream(s) at 159
09-14 09:34:44.861   516   547 W skia    : AGTM parsing failed flags.readFromStream(s) at 159
09-14 09:34:44.861   516   547 W skia    : AGTM parsing failed flags.readFromStream(s) at 159
09-14 09:34:44.861   516   547 W skia    : AGTM parsing failed flags.readFromStream(s) at 159
09-14 09:34:44.861   516   547 W skia    : AGTM parsing failed flags.readFromStream(s) at 159
09-14 09:34:44.861   516   547 W skia    : AGTM parsing failed flags.readFromStream(s) at 159
09-14 09:34:44.930   516   547 W skia    : AGTM parsing failed flags.readFromStream(s) at 159
09-14 09:34:44.930   516   547 W skia    : AGTM parsing failed flags.readFromStream(s) at 159
09-14 09:34:45.517  7388  7418 I libbinder.IPCThreadState: oneway function results for code 1 on binder at 0x77579d49fc00 will be dropped but finished with status UNKNOWN_TRANSACTION and reply parcel size 80
09-14 09:34:46.452   661   661 W ActivityManager: setIsToastActive called on an unknown pid: 19082
09-14 09:34:46.494   516   516 W skia    : AGTM parsing failed flags.readFromStream(s) at 159
09-14 09:34:46.495   516   547 W skia    : AGTM parsing failed flags.readFromStream(s) at 159
09-14 09:34:46.495   516   547 W skia    : AGTM parsing failed flags.readFromStream(s) at 159
09-14 09:34:46.495   516   547 W skia    : AGTM parsing failed flags.readFromStream(s) at 159
09-14 09:34:46.495   516   547 W skia    : AGTM parsing failed flags.readFromStream(s) at 159
09-14 09:34:46.495   516   547 W skia    : AGTM parsing failed flags.readFromStream(s) at 159
09-14 09:34:46.495   516   547 W skia    : AGTM parsing failed flags.readFromStream(s) at 159
09-14 09:34:46.495   516   547 W skia    : AGTM parsing failed flags.readFromStream(s) at 159
09-14 09:34:46.495   516   547 W skia    : AGTM parsing failed flags.readFromStream(s) at 159
09-14 09:34:46.496   516   547 W skia    : AGTM parsing failed flags.readFromStream(s) at 159
09-14 09:34:46.511   516   516 W skia    : AGTM parsing failed flags.readFromStream(s) at 159
09-14 09:34:46.511   516   547 W skia    : AGTM parsing failed flags.readFromStream(s) at 159
09-14 09:34:46.511   516   547 W skia    : AGTM parsing failed flags.readFromStream(s) at 159
09-14 09:34:46.511   516   547 W skia    : AGTM parsing failed flags.readFromStream(s) at 159
09-14 09:34:46.511   516   547 W skia    : AGTM parsing failed flags.readFromStream(s) at 159
09-14 09:34:46.511   516   547 W skia    : AGTM parsing failed flags.readFromStream(s) at 159
09-14 09:34:46.511   516   547 W skia    : AGTM parsing failed flags.readFromStream(s) at 159
09-14 09:34:46.511   516   547 W skia    : AGTM parsing failed flags.readFromStream(s) at 159
09-14 09:34:46.520   661  1014 E WifiDataStall: Ignore this poll. newStats: null txLinkSpeedMbps: 11 rxLinkSpeedMbps: 2 rssi: -50 connectionCapabilities: com.android.server.wifi.WifiNative$ConnectionCapabilities@42dc428
09-14 09:34:46.521   661  1043 I AdbWifiNetworkMonitor: Wi-Fi network available
09-14 09:34:46.521   661  1043 I AdbWifiNetworkMonitor: Received the same Wi-Fi SSID. Ignoring.
09-14 09:34:46.522  7388  7996 I NullBinder: NullBinder for android.net.action.RECOMMEND_NETWORKS triggering remote TransactionTooLargeException due to Service without Chimera impl, calling uid: 1000, calling pid: 0
09-14 09:34:46.522  7388  7996 W libbinder.Binder: Large reply transaction of 1056768 bytes, interface descriptor , function: UNKNOWN_FUNCTION_NAME, code: 1, flags: 17
09-14 09:34:46.522   661  1020 D ConnectivityService: NetReassign [no changes] [c 0] [a 0] [i 1]
09-14 09:34:46.523  7388  7814 I NearbyMediums: Wifi changed new SSID: "AndroidWifi"
09-14 09:34:46.523  7388  7814 I NearbyMediums: WifiLanConnectivityInfo is not changed, skip notify.
09-14 09:34:46.528   516   516 W skia    : AGTM parsing failed flags.readFromStream(s) at 159
09-14 09:34:46.528   516   547 W skia    : AGTM parsing failed flags.readFromStream(s) at 159
09-14 09:34:46.528   516   547 W skia    : AGTM parsing failed flags.readFromStream(s) at 159
09-14 09:34:46.528   516   547 W skia    : AGTM parsing failed flags.readFromStream(s) at 159
09-14 09:34:46.528   516   547 W skia    : AGTM parsing failed flags.readFromStream(s) at 159
09-14 09:34:46.528   516   547 W skia    : AGTM parsing failed flags.readFromStream(s) at 159
09-14 09:34:46.528   516   547 W skia    : AGTM parsing failed flags.readFromStream(s) at 159
09-14 09:34:46.528   516   547 W skia    : AGTM parsing failed flags.readFromStream(s) at 159
09-14 09:34:46.544   516   516 W skia    : AGTM parsing failed flags.readFromStream(s) at 159
09-14 09:34:46.544   516   547 W skia    : AGTM parsing failed flags.readFromStream(s) at 159
09-14 09:34:46.545   516   547 W skia    : AGTM parsing failed flags.readFromStream(s) at 159
09-14 09:34:46.545   516   547 W skia    : AGTM parsing failed flags.readFromStream(s) at 159
09-14 09:34:46.545   516   547 W skia    : AGTM parsing failed flags.readFromStream(s) at 159
09-14 09:34:46.545   516   547 W skia    : AGTM parsing failed flags.readFromStream(s) at 159
09-14 09:34:46.545   516   547 W skia    : AGTM parsing failed flags.readFromStream(s) at 159
09-14 09:34:46.545   516   547 W skia    : AGTM parsing failed flags.readFromStream(s) at 159
09-14 09:34:46.561   516   516 W skia    : AGTM parsing failed flags.readFromStream(s) at 159
09-14 09:34:46.561   516   547 W skia    : AGTM parsing failed flags.readFromStream(s) at 159
09-14 09:34:46.561   516   547 W skia    : AGTM parsing failed flags.readFromStream(s) at 159
09-14 09:34:46.561   516   547 W skia    : AGTM parsing failed flags.readFromStream(s) at 159
09-14 09:34:46.561   516   547 W skia    : AGTM parsing failed flags.readFromStream(s) at 159
09-14 09:34:46.561   516   547 W skia    : AGTM parsing failed flags.readFromStream(s) at 159
09-14 09:34:46.561   516   547 W skia    : AGTM parsing failed flags.readFromStream(s) at 159
09-14 09:34:46.561   516   547 W skia    : AGTM parsing failed flags.readFromStream(s) at 159
09-14 09:34:46.578   516   516 W skia    : AGTM parsing failed flags.readFromStream(s) at 159
09-14 09:34:46.578   516   547 W skia    : AGTM parsing failed flags.readFromStream(s) at 159
09-14 09:34:46.578   516   547 W skia    : AGTM parsing failed flags.readFromStream(s) at 159
09-14 09:34:46.578   516   547 W skia    : AGTM parsing failed flags.readFromStream(s) at 159
09-14 09:34:46.578   516   547 W skia    : AGTM parsing failed flags.readFromStream(s) at 159
09-14 09:34:46.578   516   547 W skia    : AGTM parsing failed flags.readFromStream(s) at 159
09-14 09:34:46.578   516   547 W skia    : AGTM parsing failed flags.readFromStream(s) at 159
09-14 09:34:46.578   516   547 W skia    : AGTM parsing failed flags.readFromStream(s) at 159
09-14 09:34:46.594   516   516 W skia    : AGTM parsing failed flags.readFromStream(s) at 159
09-14 09:34:46.594   516   547 W skia    : AGTM parsing failed flags.readFromStream(s) at 159
09-14 09:34:46.595   516   547 W skia    : AGTM parsing failed flags.readFromStream(s) at 159
09-14 09:34:46.595   516   547 W skia    : AGTM parsing failed flags.readFromStream(s) at 159
09-14 09:34:46.595   516   547 W skia    : AGTM parsing failed flags.readFromStream(s) at 159
09-14 09:34:46.595   516   547 W skia    : AGTM parsing failed flags.readFromStream(s) at 159
09-14 09:34:46.595   516   547 W skia    : AGTM parsing failed flags.readFromStream(s) at 159
09-14 09:34:46.595   516   547 W skia    : AGTM parsing failed flags.readFromStream(s) at 159
09-14 09:34:46.596   516   547 W skia    : AGTM parsing failed flags.readFromStream(s) at 159
09-14 09:34:46.596   516   547 W skia    : AGTM parsing failed flags.readFromStream(s) at 159
09-14 09:34:46.611   516   516 W skia    : AGTM parsing failed flags.readFromStream(s) at 159
09-14 09:34:46.611   516   547 W skia    : AGTM parsing failed flags.readFromStream(s) at 159
09-14 09:34:46.611   516   547 W skia    : AGTM parsing failed flags.readFromStream(s) at 159
09-14 09:34:46.611   516   547 W skia    : AGTM parsing failed flags.readFromStream(s) at 159
09-14 09:34:46.611   516   547 W skia    : AGTM parsing failed flags.readFromStream(s) at 159
09-14 09:34:46.611   516   547 W skia    : AGTM parsing failed flags.readFromStream(s) at 159
09-14 09:34:46.611   516   547 W skia    : AGTM parsing failed flags.readFromStream(s) at 159
09-14 09:34:46.611   516   547 W skia    : AGTM parsing failed flags.readFromStream(s) at 159
09-14 09:34:46.628   516   516 W skia    : AGTM parsing failed flags.readFromStream(s) at 159
09-14 09:34:46.628   516   547 W skia    : AGTM parsing failed flags.readFromStream(s) at 159
09-14 09:34:46.628   516   547 W skia    : AGTM parsing failed flags.readFromStream(s) at 159
09-14 09:34:46.628   516   547 W skia    : AGTM parsing failed flags.readFromStream(s) at 159
09-14 09:34:46.628   516   547 W skia    : AGTM parsing failed flags.readFromStream(s) at 159
09-14 09:34:46.628   516   547 W skia    : AGTM parsing failed flags.readFromStream(s) at 159
09-14 09:34:46.628   516   547 W skia    : AGTM parsing failed flags.readFromStream(s) at 159
09-14 09:34:46.628   516   547 W skia    : AGTM parsing failed flags.readFromStream(s) at 159
09-14 09:34:46.644   516   516 W skia    : AGTM parsing failed flags.readFromStream(s) at 159
09-14 09:34:46.645   516   547 W skia    : AGTM parsing failed flags.readFromStream(s) at 159
09-14 09:34:46.645   516   547 W skia    : AGTM parsing failed flags.readFromStream(s) at 159
09-14 09:34:46.645   516   547 W skia    : AGTM parsing failed flags.readFromStream(s) at 159
09-14 09:34:46.645   516   547 W skia    : AGTM parsing failed flags.readFromStream(s) at 159
09-14 09:34:46.645   516   547 W skia    : AGTM parsing failed flags.readFromStream(s) at 159
09-14 09:34:46.645   516   547 W skia    : AGTM parsing failed flags.readFromStream(s) at 159
09-14 09:34:46.645   516   547 W skia    : AGTM parsing failed flags.readFromStream(s) at 159
09-14 09:34:46.661   516   516 W skia    : AGTM parsing failed flags.readFromStream(s) at 159
09-14 09:34:46.661   516   547 W skia    : AGTM parsing failed flags.readFromStream(s) at 159
09-14 09:34:46.661   516   547 W skia    : AGTM parsing failed flags.readFromStream(s) at 159
09-14 09:34:46.661   516   547 W skia    : AGTM parsing failed flags.readFromStream(s) at 159
09-14 09:34:46.661   516   547 W skia    : AGTM parsing failed flags.readFromStream(s) at 159
09-14 09:34:46.661   516   547 W skia    : AGTM parsing failed flags.readFromStream(s) at 159
09-14 09:34:46.661   516   547 W skia    : AGTM parsing failed flags.readFromStream(s) at 159
09-14 09:34:46.661   516   547 W skia    : AGTM parsing failed flags.readFromStream(s) at 159
09-14 09:34:46.678   516   516 W skia    : AGTM parsing failed flags.readFromStream(s) at 159
09-14 09:34:46.678   516   547 W skia    : AGTM parsing failed flags.readFromStream(s) at 159
09-14 09:34:46.678   516   547 W skia    : AGTM parsing failed flags.readFromStream(s) at 159
09-14 09:34:46.678   516   547 W skia    : AGTM parsing failed flags.readFromStream(s) at 159
09-14 09:34:46.678   516   547 W skia    : AGTM parsing failed flags.readFromStream(s) at 159
09-14 09:34:46.678   516   547 W skia    : AGTM parsing failed flags.readFromStream(s) at 159
09-14 09:34:46.678   516   547 W skia    : AGTM parsing failed flags.readFromStream(s) at 159
09-14 09:34:46.678   516   547 W skia    : AGTM parsing failed flags.readFromStream(s) at 159
09-14 09:34:46.694   516   516 W skia    : AGTM parsing failed flags.readFromStream(s) at 159
09-14 09:34:46.695   516   547 W skia    : AGTM parsing failed flags.readFromStream(s) at 159
09-14 09:34:46.695   516   547 W skia    : AGTM parsing failed flags.readFromStream(s) at 159
09-14 09:34:46.695   516   547 W skia    : AGTM parsing failed flags.readFromStream(s) at 159
09-14 09:34:46.695   516   547 W skia    : AGTM parsing failed flags.readFromStream(s) at 159
09-14 09:34:46.695   516   547 W skia    : AGTM parsing failed flags.readFromStream(s) at 159
09-14 09:34:46.695   516   547 W skia    : AGTM parsing failed flags.readFromStream(s) at 159
09-14 09:34:46.695   516   547 W skia    : AGTM parsing failed flags.readFromStream(s) at 159
09-14 09:34:46.696   516   547 W skia    : AGTM parsing failed flags.readFromStream(s) at 159
09-14 09:34:46.696   516   547 W skia    : AGTM parsing failed flags.readFromStream(s) at 159
09-14 09:34:46.711   516   516 W skia    : AGTM parsing failed flags.readFromStream(s) at 159
09-14 09:34:46.711   516   547 W skia    : AGTM parsing failed flags.readFromStream(s) at 159
09-14 09:34:46.711   516   547 W skia    : AGTM parsing failed flags.readFromStream(s) at 159
09-14 09:34:46.711   516   547 W skia    : AGTM parsing failed flags.readFromStream(s) at 159
09-14 09:34:46.711   516   547 W skia    : AGTM parsing failed flags.readFromStream(s) at 159
09-14 09:34:46.711   516   547 W skia    : AGTM parsing failed flags.readFromStream(s) at 159
09-14 09:34:46.711   516   547 W skia    : AGTM parsing failed flags.readFromStream(s) at 159
09-14 09:34:46.711   516   547 W skia    : AGTM parsing failed flags.readFromStream(s) at 159
09-14 09:34:46.728   516   516 W skia    : AGTM parsing failed flags.readFromStream(s) at 159
09-14 09:34:46.728   516   547 W skia    : AGTM parsing failed flags.readFromStream(s) at 159
09-14 09:34:46.728   516   547 W skia    : AGTM parsing failed flags.readFromStream(s) at 159
09-14 09:34:46.728   516   547 W skia    : AGTM parsing failed flags.readFromStream(s) at 159
09-14 09:34:46.728   516   547 W skia    : AGTM parsing failed flags.readFromStream(s) at 159
09-14 09:34:46.728   516   547 W skia    : AGTM parsing failed flags.readFromStream(s) at 159
09-14 09:34:46.728   516   547 W skia    : AGTM parsing failed flags.readFromStream(s) at 159
09-14 09:34:46.728   516   547 W skia    : AGTM parsing failed flags.readFromStream(s) at 159
09-14 09:34:46.729   661  1203 W NotificationService: Toast already killed. pkg=com.highfly.logbook token=android.os.BinderProxy@5148ac1
09-14 09:34:46.731  1110  1110 E libbinder.IPCThreadState: Binder transaction failure. id: 5674139, cmd: BR_DEAD_REPLY (29189), error: -22 (Invalid argument)
09-14 09:34:46.731   661  1203 W ActivityManager: pid 1110 com.android.systemui sent binder code 2 with flags 1 and got error -32
09-14 09:34:46.731   661  1203 D ActivityManager: Too many transaction errors, throttling transaction error callback.
09-14 09:34:46.731  1110  1110 W ToastPresenter: Error calling back com.highfly.logbook to notify onToastHide()
09-14 09:34:46.731  1110  1110 W ToastPresenter: android.os.DeadObjectException
09-14 09:34:46.731  1110  1110 W ToastPresenter: 	at android.os.BinderProxy.transactNative(Native Method)
09-14 09:34:46.731  1110  1110 W ToastPresenter: 	at android.os.BinderProxy.transact(BinderProxy.java:674)
09-14 09:34:46.731  1110  1110 W ToastPresenter: 	at android.app.ITransientNotificationCallback$Stub$Proxy.onToastHidden(ITransientNotificationCallback.java:139)
09-14 09:34:46.731  1110  1110 W ToastPresenter: 	at android.widget.ToastPresenter.hide(ToastPresenter.java:287)
09-14 09:34:46.731  1110  1110 W ToastPresenter: 	at com.android.systemui.toast.ToastUI$ToastOutAnimatorListener.onAnimationEnd(go/retraceme db232334c51d338b8944b77a2c560a03d753d8e2c8a60aa3ecbf5eef82743d9c:4)
09-14 09:34:46.731  1110  1110 W ToastPresenter: 	at android.animation.Animator$AnimatorListener.onAnimationEnd(Animator.java:773)
09-14 09:34:46.731  1110  1110 W ToastPresenter: 	at android.animation.Animator$AnimatorCaller$$ExternalSyntheticLambda1.call(D8$$SyntheticClass:0)
09-14 09:34:46.731  1110  1110 W ToastPresenter: 	at android.animation.Animator.callOnList(Animator.java:731)
09-14 09:34:46.731  1110  1110 W ToastPresenter: 	at android.animation.Animator.notifyListeners(Animator.java:629)
09-14 09:34:46.731  1110  1110 W ToastPresenter: 	at android.animation.Animator.notifyEndListeners(Animator.java:654)
09-14 09:34:46.731  1110  1110 W ToastPresenter: 	at android.animation.Animator.completeEndAnimation(Animator.java:697)
09-14 09:34:46.731  1110  1110 W ToastPresenter: 	at android.animation.AnimatorSet.completeEndAnimation(AnimatorSet.java:1474)
09-14 09:34:46.731  1110  1110 W ToastPresenter: 	at android.animation.Animator.lambda$notifyEndListenersFromEndAnimation$0(Animator.java:681)
09-14 09:34:46.731  1110  1110 W ToastPresenter: 	at android.animation.Animator.$r8$lambda$vqRTc3pKTROGRt8AIq6jHFDWrEs(Animator.java:0)
09-14 09:34:46.731  1110  1110 W ToastPresenter: 	at android.animation.Animator$$ExternalSyntheticLambda0.run(D8$$SyntheticClass:0)
09-14 09:34:46.731  1110  1110 W ToastPresenter: 	at android.animation.AnimationHandler.lambda$postEndAnimationCallback$1(AnimationHandler.java:363)
09-14 09:34:46.731  1110  1110 W ToastPresenter: 	at android.animation.AnimationHandler.$r8$lambda$cI3rukYIb_VjDv2y_olauD4FmZA(AnimationHandler.java:0)
09-14 09:34:46.731  1110  1110 W ToastPresenter: 	at android.animation.AnimationHandler$$ExternalSyntheticLambda1.doFrame(D8$$SyntheticClass:0)
09-14 09:34:46.731  1110  1110 W ToastPresenter: 	at android.view.Choreographer$CallbackRecord.run(Choreographer.java:1836)
09-14 09:34:46.731  1110  1110 W ToastPresenter: 	at android.view.Choreographer$CallbackRecord.run(Choreographer.java:1847)
09-14 09:34:46.731  1110  1110 W ToastPresenter: 	at android.view.Choreographer.doCallbacks(Choreographer.java:1387)
09-14 09:34:46.731  1110  1110 W ToastPresenter: 	at android.view.Choreographer.doFrame(Choreographer.java:1240)
09-14 09:34:46.731  1110  1110 W ToastPresenter: 	at android.view.Choreographer$FrameDisplayEventReceiver.run(Choreographer.java:1821)
09-14 09:34:46.731  1110  1110 W ToastPresenter: 	at android.os.Handler.handleCallback(Handler.java:1082)
09-14 09:34:46.731  1110  1110 W ToastPresenter: 	at android.os.Handler.dispatchMessageImpl(Handler.java:135)
09-14 09:34:46.731  1110  1110 W ToastPresenter: 	at android.os.Handler.dispatchMessage(Handler.java:126)
09-14 09:34:46.731  1110  1110 W ToastPresenter: 	at android.os.Looper.loopOnce(Looper.java:295)
09-14 09:34:46.731  1110  1110 W ToastPresenter: 	at android.os.Looper.loop(Looper.java:398)
09-14 09:34:46.731  1110  1110 W ToastPresenter: 	at android.app.ActivityThread.main(ActivityThread.java:9569)
09-14 09:34:46.731  1110  1110 W ToastPresenter: 	at java.lang.reflect.Method.invoke(Native Method)
09-14 09:34:46.731  1110  1110 W ToastPresenter: 	at com.android.internal.os.RuntimeInit$MethodAndArgsCaller.run(RuntimeInit.java:575)
09-14 09:34:46.731  1110  1110 W ToastPresenter: 	at com.android.internal.os.ZygoteInit.main(ZygoteInit.java:918)
09-14 09:34:46.761   516   516 W skia    : AGTM parsing failed flags.readFromStream(s) at 159
09-14 09:34:46.761   516   516 W skia    : AGTM parsing failed flags.readFromStream(s) at 159
09-14 09:34:46.761   516   516 W skia    : AGTM parsing failed flags.readFromStream(s) at 159
09-14 09:34:46.761   516   516 W skia    : AGTM parsing failed flags.readFromStream(s) at 159
09-14 09:34:46.761   516   516 W skia    : AGTM parsing failed flags.readFromStream(s) at 159
09-14 09:34:46.761   516   516 W skia    : AGTM parsing failed flags.readFromStream(s) at 159
09-14 09:34:46.762   516   547 W skia    : AGTM parsing failed flags.readFromStream(s) at 159
09-14 09:34:46.762   516   547 W skia    : AGTM parsing failed flags.readFromStream(s) at 159
09-14 09:34:46.762   516   547 W skia    : AGTM parsing failed flags.readFromStream(s) at 159
09-14 09:34:46.762   516   547 W skia    : AGTM parsing failed flags.readFromStream(s) at 159
09-14 09:34:46.762   516   547 W skia    : AGTM parsing failed flags.readFromStream(s) at 159
09-14 09:34:46.762   516   547 W skia    : AGTM parsing failed flags.readFromStream(s) at 159
09-14 09:34:46.778   516   516 W skia    : AGTM parsing failed flags.readFromStream(s) at 159
09-14 09:34:46.778   516   516 W skia    : AGTM parsing failed flags.readFromStream(s) at 159
09-14 09:34:46.778   516   516 W skia    : AGTM parsing failed flags.readFromStream(s) at 159
09-14 09:34:46.778   516   516 W skia    : AGTM parsing failed flags.readFromStream(s) at 159
09-14 09:34:46.778   516   516 W skia    : AGTM parsing failed flags.readFromStream(s) at 159
09-14 09:34:46.778   516   516 W skia    : AGTM parsing failed flags.readFromStream(s) at 159
09-14 09:34:46.778   516   547 W skia    : AGTM parsing failed flags.readFromStream(s) at 159
09-14 09:34:46.778   516   547 W skia    : AGTM parsing failed flags.readFromStream(s) at 159
09-14 09:34:46.778   516   547 W skia    : AGTM parsing failed flags.readFromStream(s) at 159
09-14 09:34:46.778   516   547 W skia    : AGTM parsing failed flags.readFromStream(s) at 159
09-14 09:34:46.778   516   547 W skia    : AGTM parsing failed flags.readFromStream(s) at 159
09-14 09:34:46.778   516   547 W skia    : AGTM parsing failed flags.readFromStream(s) at 159
09-14 09:34:46.796   516   547 W skia    : AGTM parsing failed flags.readFromStream(s) at 159
09-14 09:34:46.796   516   547 W skia    : AGTM parsing failed flags.readFromStream(s) at 159
09-14 09:34:47.022  7388  7814 I NearbySharing: Network state changed: NetworkState(isRestricted=false, isOnline=true, isCongested=false, isMetered=false, isWifiConnected=true)
09-14 09:34:47.152   462  1842 D android.hardware.audio@7.1-impl.ranchu: threadLoop: entering standby, frames: 76367808
09-14 09:34:47.152   462  1842 D android.hardware.audio@7.1-impl.ranchu: ~TinyalsaSink: joining consumeThread
09-14 09:34:47.152   462 19145 D android.hardware.audio@7.1-impl.ranchu: consumeThread: exiting
09-14 09:34:47.701   661  3649 E TaskPersister: File error accessing recents directory (directory doesn't exist?).
09-14 09:34:49.342  1952  1952 I adbd    : adbd service requested 'shell,v2,TERM=dumb,raw:dumpsys package com.google.android.gms'
09-14 09:34:49.365   800   809 I artd    : GetBestInfo: odex next to the dex file (/data/app/~~J0ZOBjQhMBo57462xA45VA==/com.google.android.gms-ZFU-Crkx8OOL2-kKPFaoBA==/oat/x86_64/base.odex) is kOatUpToDate with filter 'verify' executable 'false'
09-14 09:34:49.365   800   809 I artd    : GetBestInfo: odex next to the dex file (/data/app/~~J0ZOBjQhMBo57462xA45VA==/com.google.android.gms-ZFU-Crkx8OOL2-kKPFaoBA==/oat/x86_64/base.odex) is kOatUpToDate with filter 'verify' executable 'false'
09-14 09:34:49.366   800   809 I artd    : GetBestInfo: dm (/data/app/~~J0ZOBjQhMBo57462xA45VA==/com.google.android.gms-ZFU-Crkx8OOL2-kKPFaoBA==/split_AdsDynamite_installtime.dm) is kOatUpToDate with filter 'verify' executable 'false'
09-14 09:34:49.366   800   809 I artd    : GetBestInfo: odex next to the dex file (/data/app/~~J0ZOBjQhMBo57462xA45VA==/com.google.android.gms-ZFU-Crkx8OOL2-kKPFaoBA==/oat/x86_64/split_CronetDynamite_installtime.odex) is kOatUpToDate with filter 'speed-profile' executable 'false'
09-14 09:34:49.366   800   809 I artd    : GetBestInfo: odex next to the dex file (/data/app/~~J0ZOBjQhMBo57462xA45VA==/com.google.android.gms-ZFU-Crkx8OOL2-kKPFaoBA==/oat/x86_64/split_CronetDynamite_installtime.odex) is kOatUpToDate with filter 'speed-profile' executable 'false'
09-14 09:34:49.367   800   809 I artd    : GetBestInfo: dm (/data/app/~~J0ZOBjQhMBo57462xA45VA==/com.google.android.gms-ZFU-Crkx8OOL2-kKPFaoBA==/split_DynamiteLoader_installtime.dm) is kOatUpToDate with filter 'verify' executable 'false'
09-14 09:34:49.367   800   809 I artd    : GetBestInfo: dm (/data/app/~~J0ZOBjQhMBo57462xA45VA==/com.google.android.gms-ZFU-Crkx8OOL2-kKPFaoBA==/split_DynamiteModulesA_installtime.dm) is kOatUpToDate with filter 'verify' executable 'false'
09-14 09:34:49.368   800   809 I artd    : GetBestInfo: dm (/data/app/~~J0ZOBjQhMBo57462xA45VA==/com.google.android.gms-ZFU-Crkx8OOL2-kKPFaoBA==/split_DynamiteModulesC_installtime.dm) is kOatUpToDate with filter 'verify' executable 'false'
09-14 09:34:49.368   800   809 I artd    : GetBestInfo: dm (/data/app/~~J0ZOBjQhMBo57462xA45VA==/com.google.android.gms-ZFU-Crkx8OOL2-kKPFaoBA==/split_GoogleCertificates_installtime.dm) is kOatUpToDate with filter 'verify' executable 'false'
09-14 09:34:49.369   800   809 I artd    : GetBestInfo: dm (/data/app/~~J0ZOBjQhMBo57462xA45VA==/com.google.android.gms-ZFU-Crkx8OOL2-kKPFaoBA==/split_MapsDynamite_installtime.dm) is kOatUpToDate with filter 'verify' executable 'false'
09-14 09:34:49.369   800   809 I artd    : GetBestInfo: dm (/data/app/~~J0ZOBjQhMBo57462xA45VA==/com.google.android.gms-ZFU-Crkx8OOL2-kKPFaoBA==/split_MeasurementDynamite_installtime.dm) is kOatUpToDate with filter 'verify' executable 'false'
09-14 09:34:49.370   800   809 I artd    : GetBestInfo: dm (/data/app/~~J0ZOBjQhMBo57462xA45VA==/com.google.android.gms-ZFU-Crkx8OOL2-kKPFaoBA==/split_all_locale_splits.dm) is kOatUpToDate with filter 'verify' executable 'false'
09-14 09:34:49.370   800   809 I artd    : GetBestInfo: /data/user_de/0/com.google.android.gms/app_chimera/m/00000012/dl-PlayCloudSearch.optional_263332100000.apk has no usable artifacts
09-14 09:34:49.370   800   809 I artd    : GetBestInfo: /data/user_de/0/com.google.android.gms/app_chimera/m/00000001/CronetDynamite.apk has no usable artifacts
09-14 09:34:49.370   800   809 I artd    : GetBestInfo: /data/user_de/0/com.google.android.gms/app_chimera/m/00000002/DynamiteLoader.apk has no usable artifacts
09-14 09:34:49.371   800   809 I artd    : GetBestInfo: /data/user_de/0/com.google.android.gms/app_chimera/m/00000011/dl-MlkitOcrCommon.optional_263332100800.apk has no usable artifacts
09-14 09:34:49.371   800   809 I artd    : GetBestInfo: /data/user_de/0/com.google.android.gms/app_chimera/m/00000005/GoogleCertificates.apk has no usable artifacts
09-14 09:34:49.371   800   809 I artd    : GetBestInfo: /data/user_de/0/com.google.android.gms/app_chimera/m/00000014/dl-Appsearch.optional_263332100800.apk has no usable artifacts
09-14 09:34:49.372   800   809 I artd    : GetBestInfo: /data/user_de/0/com.google.android.gms/app_chimera/m/00000009/dl-VisionOcr.optional_262236100000.apk has no usable artifacts
09-14 09:34:49.372   800   809 I artd    : GetBestInfo: /data/user_de/0/com.google.android.gms/app_chimera/m/00000008/dl-MlkitOcrCommon.optional_262236100800.apk has no usable artifacts
09-14 09:34:49.373   800   809 I artd    : GetBestInfo: /data/user_de/0/com.google.android.gms/app_chimera/m/00000010/dl-MlkitBarcodeUi.optional_263332100800.apk has no usable artifacts
09-14 09:34:49.373   800   809 I artd    : GetBestInfo: /data/user_de/0/com.google.android.gms/app_chimera/m/0000000c/dl-VisionOcr.optional_263332100000.apk has no usable artifacts
09-14 09:34:49.374   800   809 I artd    : GetBestInfo: vdex next to the dex file (/data/user/0/com.google.android.gms/app_dg_cache/EC7C859F3FC767BB82D82EE06B046D25E8EB9283/oat/x86_64/the.vdex) is kOatUpToDate with filter 'verify' executable 'false'
09-14 09:34:49.374   800   809 I artd    : GetBestInfo: /data/user_de/0/com.google.android.gms/app_chimera/m/00000007/MeasurementDynamite.apk has no usable artifacts
09-14 09:34:49.375   800   809 I artd    : GetBestInfo: /data/user_de/0/com.google.android.gms/app_chimera/m/0000000b/dl-PlayCloudSearch.optional_262236100000.apk has no usable artifacts
09-14 09:34:49.376   800   809 I artd    : GetBestInfo: /data/user_de/0/com.google.android.gms/app_chimera/m/0000000d/dl-IdentityCredentialsPlatform.optional_263332100800.apk has no usable artifacts
09-14 09:34:49.524   661  1014 E WifiDataStall: Ignore this poll. newStats: null txLinkSpeedMbps: 11 rxLinkSpeedMbps: 2 rssi: -50 connectionCapabilities: com.android.server.wifi.WifiNative$ConnectionCapabilities@42dc428
09-14 09:34:50.701  1264  1385 E SatelliteController: isSatelliteEnabled: mIsSatelliteEnabled=null
09-14 09:34:50.701  1264  1385 D SatelliteController: isInCarrierRoamingNbIotNtn: satellite is disabled
09-14 09:34:50.701  1264  1385 D SatelliteController: getCarrierRoamingNtnConnectType: Checking connect type from PLMN config for subId: 1
09-14 09:34:50.701  1264  1385 D TelephonyConfigUpdateInstallReceiver: getConfigParser: domain=satellite
09-14 09:34:50.701  1264  1385 V SatelliteController: satelliteConfigParser is not ready
09-14 09:34:50.701  1264  1385 D SatelliteController: isSatelliteAttachSupportedViaConfigupdater: return null (satelliteConfig is null)
09-14 09:34:50.702  1264  1385 D SatelliteController: getConfigForSubId: subId= 1, config= PersistableBundle[{satellite_esos_supported_bool=false, satellite_connection_hysteresis_sec_int=180, satellite_supported_disaster_plmn_string_array=[], regional_satellite_earfcn_bundle=PersistableBundle[{}], satellite_entitlement_supported_bool=false, satellite_supported_emergency_plmn_string_array=[], satellite_configs_per_plmn_bundle=PersistableBundle[{}], satellite_sos_max_datagram_size_bytes_int=255, satellite_supported_msg_apps_string_array=[com.google.android.apps.messaging], satellite_connected_notification_throttle_millis_int=604800000, satellite_display_name_string=, satellite_roaming_p2p_sms_inactivity_timeout_sec_int=180, satellite_roaming_turn_off_session_for_emergency_call_bool=true, emergency_messaging_supported_bool=false, carrier_roaming_satellite_emergency_messaging_provider_per_country_bundle=PersistableBundle[{}], satellite_data_support_mode_int=0, carrier_roaming_ntn_connect_type_int=0, satellite_attach_supported_bool=false, carrier_roaming_satellite_emergency_messaging_redirection_destination_string=, satellite_nidd_apn_name_string=, carrier_supported_satellite_services_per_provider_bundle=PersistableBundle[{310830=[2, 3, 6]}], satellite_roaming_esos_inactivity_timeout_sec_int=300, carrier_supported_satellite_notification_hysteresis_sec_int=180, carrier_config_applied_bool=true, carrier_roaming_ntn_emergency_call_to_satellite_handover_type_int=2, carrier_roaming_satellite_default_services_int_array=[2, 3, 6], imsserviceentitlement.entitlement_server_url_string=, emergency_call_to_satellite_t911_handover_timeout_millis_int=30000, satellite_roaming_p2p_sms_supported_bool=false, carrier_config_version_string=, satellite_roaming_screen_off_inactivity_timeout_sec_int=30}]
09-14 09:34:50.702  1264  1385 D SatelliteController: isSatelliteSupportedViaCarrier: using CarrierConfig for subId=1, isAttachSupported=false
09-14 09:34:50.702  1264  1385 D SatelliteController: getSatellitePerPlmnConfiguration: invalid subId or not supported via carrier.
09-14 09:34:50.702  1264  1385 D SatelliteController: getCarrierRoamingNtnConnectType: config: null
09-14 09:34:50.702  1264  1385 D TelephonyConfigUpdateInstallReceiver: getConfigParser: domain=satellite
09-14 09:34:50.702  1264  1385 V SatelliteController: satelliteConfigParser is not ready
09-14 09:34:50.702  1264  1385 D SatelliteController: getCarrierRoamingNtnConnectTypeViaConfigUpdater: return null (satelliteConfig is null)
09-14 09:34:50.702  1264  1385 D SatelliteController: getConfigForSubId: subId= 1, config= PersistableBundle[{satellite_esos_supported_bool=false, satellite_connection_hysteresis_sec_int=180, satellite_supported_disaster_plmn_string_array=[], regional_satellite_earfcn_bundle=PersistableBundle[{}], satellite_entitlement_supported_bool=false, satellite_supported_emergency_plmn_string_array=[], satellite_configs_per_plmn_bundle=PersistableBundle[{}], satellite_sos_max_datagram_size_bytes_int=255, satellite_supported_msg_apps_string_array=[com.google.android.apps.messaging], satellite_connected_notification_throttle_millis_int=604800000, satellite_display_name_string=, satellite_roaming_p2p_sms_inactivity_timeout_sec_int=180, satellite_roaming_turn_off_session_for_emergency_call_bool=true, emergency_messaging_supported_bool=false, carrier_roaming_satellite_emergency_messaging_provider_per_country_bundle=PersistableBundle[{}], satellite_data_support_mode_int=0, carrier_roaming_ntn_connect_type_int=0, satellite_attach_supported_bool=false, carrier_roaming_satellite_emergency_messaging_redirection_destination_string=, satellite_nidd_apn_name_string=, carrier_supported_satellite_services_per_provider_bundle=PersistableBundle[{310830=[2, 3, 6]}], satellite_roaming_esos_inactivity_timeout_sec_int=300, carrier_supported_satellite_notification_hysteresis_sec_int=180, carrier_config_applied_bool=true, carrier_roaming_ntn_emergency_call_to_satellite_handover_type_int=2, carrier_roaming_satellite_default_services_int_array=[2, 3, 6], imsserviceentitlement.entitlement_server_url_string=, emergency_call_to_satellite_t911_handover_timeout_millis_int=30000, satellite_roaming_p2p_sms_supported_bool=false, carrier_config_version_string=, satellite_roaming_screen_off_inactivity_timeout_sec_int=30}]
09-14 09:34:50.702  1264  1385 D SatelliteController: getCarrierRoamingNtnConnectType: Falling back to global carrier config connect type: 0
09-14 09:34:50.702  1264  1385 D TelephonyConfigUpdateInstallReceiver: getConfigParser: domain=satellite
09-14 09:34:50.702  1264  1385 V SatelliteController: satelliteConfigParser is not ready
09-14 09:34:50.702  1264  1385 D SatelliteController: isSatelliteAttachSupportedViaConfigupdater: return null (satelliteConfig is null)
09-14 09:34:50.702  1264  1385 D SatelliteController: getConfigForSubId: subId= 1, config= PersistableBundle[{satellite_esos_supported_bool=false, satellite_connection_hysteresis_sec_int=180, satellite_supported_disaster_plmn_string_array=[], regional_satellite_earfcn_bundle=PersistableBundle[{}], satellite_entitlement_supported_bool=false, satellite_supported_emergency_plmn_string_array=[], satellite_configs_per_plmn_bundle=PersistableBundle[{}], satellite_sos_max_datagram_size_bytes_int=255, satellite_supported_msg_apps_string_array=[com.google.android.apps.messaging], satellite_connected_notification_throttle_millis_int=604800000, satellite_display_name_string=, satellite_roaming_p2p_sms_inactivity_timeout_sec_int=180, satellite_roaming_turn_off_session_for_emergency_call_bool=true, emergency_messaging_supported_bool=false, carrier_roaming_satellite_emergency_messaging_provider_per_country_bundle=PersistableBundle[{}], satellite_data_support_mode_int=0, carrier_roaming_ntn_connect_type_int=0, satellite_attach_supported_bool=false, carrier_roaming_satellite_emergency_messaging_redirection_destination_string=, satellite_nidd_apn_name_string=, carrier_supported_satellite_services_per_provider_bundle=PersistableBundle[{310830=[2, 3, 6]}], satellite_roaming_esos_inactivity_timeout_sec_int=300, carrier_supported_satellite_notification_hysteresis_sec_int=180, carrier_config_applied_bool=true, carrier_roaming_ntn_emergency_call_to_satellite_handover_type_int=2, carrier_roaming_satellite_default_services_int_array=[2, 3, 6], imsserviceentitlement.entitlement_server_url_string=, emergency_call_to_satellite_t911_handover_timeout_millis_int=30000, satellite_roaming_p2p_sms_supported_bool=false, carrier_config_version_string=, satellite_roaming_screen_off_inactivity_timeout_sec_int=30}]
09-14 09:34:50.702  1264  1385 D SatelliteController: isSatelliteSupportedViaCarrier: using CarrierConfig for subId=1, isAttachSupported=false
09-14 09:34:50.702  1264  1385 D SatelliteController: isInSatelliteModeForCarrierRoaming: subId=1, connectType=0, result=false
09-14 09:34:50.702  1264  1385 D SatelliteController: getCarrierRoamingNtnConnectType: Checking connect type from PLMN config for subId: 1
09-14 09:34:50.702  1264  1385 D TelephonyConfigUpdateInstallReceiver: getConfigParser: domain=satellite
09-14 09:34:50.702  1264  1385 V SatelliteController: satelliteConfigParser is not ready
09-14 09:34:50.702  1264  1385 D SatelliteController: isSatelliteAttachSupportedViaConfigupdater: return null (satelliteConfig is null)
09-14 09:34:50.702  1264  1385 D SatelliteController: getConfigForSubId: subId= 1, config= PersistableBundle[{satellite_esos_supported_bool=false, satellite_connection_hysteresis_sec_int=180, satellite_supported_disaster_plmn_string_array=[], regional_satellite_earfcn_bundle=PersistableBundle[{}], satellite_entitlement_supported_bool=false, satellite_supported_emergency_plmn_string_array=[], satellite_configs_per_plmn_bundle=PersistableBundle[{}], satellite_sos_max_datagram_size_bytes_int=255, satellite_supported_msg_apps_string_array=[com.google.android.apps.messaging], satellite_connected_notification_throttle_millis_int=604800000, satellite_display_name_string=, satellite_roaming_p2p_sms_inactivity_timeout_sec_int=180, satellite_roaming_turn_off_session_for_emergency_call_bool=true, emergency_messaging_supported_bool=false, carrier_roaming_satellite_emergency_messaging_provider_per_country_bundle=PersistableBundle[{}], satellite_data_support_mode_int=0, carrier_roaming_ntn_connect_type_int=0, satellite_attach_supported_bool=false, carrier_roaming_satellite_emergency_messaging_redirection_destination_string=, satellite_nidd_apn_name_string=, carrier_supported_satellite_services_per_provider_bundle=PersistableBundle[{310830=[2, 3, 6]}], satellite_roaming_esos_inactivity_timeout_sec_int=300, carrier_supported_satellite_notification_hysteresis_sec_int=180, carrier_config_applied_bool=true, carrier_roaming_ntn_emergency_call_to_satellite_handover_type_int=2, carrier_roaming_satellite_default_services_int_array=[2, 3, 6], imsserviceentitlement.entitlement_server_url_string=, emergency_call_to_satellite_t911_handover_timeout_millis_int=30000, satellite_roaming_p2p_sms_supported_bool=false, carrier_config_version_string=, satellite_roaming_screen_off_inactivity_timeout_sec_int=30}]
09-14 09:34:50.702  1264  1385 D SatelliteController: isSatelliteSupportedViaCarrier: using CarrierConfig for subId=1, isAttachSupported=false
09-14 09:34:50.702  1264  1385 D SatelliteController: getSatellitePerPlmnConfiguration: invalid subId or not supported via carrier.
09-14 09:34:50.702  1264  1385 D SatelliteController: getCarrierRoamingNtnConnectType: config: null
09-14 09:34:50.702  1264  1385 D TelephonyConfigUpdateInstallReceiver: getConfigParser: domain=satellite
09-14 09:34:50.702  1264  1385 V SatelliteController: satelliteConfigParser is not ready
09-14 09:34:50.702  1264  1385 D SatelliteController: getCarrierRoamingNtnConnectTypeViaConfigUpdater: return null (satelliteConfig is null)
09-14 09:34:50.702  1264  1385 D SatelliteController: getConfigForSubId: subId= 1, config= PersistableBundle[{satellite_esos_supported_bool=false, satellite_connection_hysteresis_sec_int=180, satellite_supported_disaster_plmn_string_array=[], regional_satellite_earfcn_bundle=PersistableBundle[{}], satellite_entitlement_supported_bool=false, satellite_supported_emergency_plmn_string_array=[], satellite_configs_per_plmn_bundle=PersistableBundle[{}], satellite_sos_max_datagram_size_bytes_int=255, satellite_supported_msg_apps_string_array=[com.google.android.apps.messaging], satellite_connected_notification_throttle_millis_int=604800000, satellite_display_name_string=, satellite_roaming_p2p_sms_inactivity_timeout_sec_int=180, satellite_roaming_turn_off_session_for_emergency_call_bool=true, emergency_messaging_supported_bool=false, carrier_roaming_satellite_emergency_messaging_provider_per_country_bundle=PersistableBundle[{}], satellite_data_support_mode_int=0, carrier_roaming_ntn_connect_type_int=0, satellite_attach_supported_bool=false, carrier_roaming_satellite_emergency_messaging_redirection_destination_string=, satellite_nidd_apn_name_string=, carrier_supported_satellite_services_per_provider_bundle=PersistableBundle[{310830=[2, 3, 6]}], satellite_roaming_esos_inactivity_timeout_sec_int=300, carrier_supported_satellite_notification_hysteresis_sec_int=180, carrier_config_applied_bool=true, carrier_roaming_ntn_emergency_call_to_satellite_handover_type_int=2, carrier_roaming_satellite_default_services_int_array=[2, 3, 6], imsserviceentitlement.entitlement_server_url_string=, emergency_call_to_satellite_t911_handover_timeout_millis_int=30000, satellite_roaming_p2p_sms_supported_bool=false, carrier_config_version_string=, satellite_roaming_screen_off_inactivity_timeout_sec_int=30}]
09-14 09:34:50.702  1264  1385 D SatelliteController: getCarrierRoamingNtnConnectType: Falling back to global carrier config connect type: 0
09-14 09:34:50.702  1264  1385 D TelephonyConfigUpdateInstallReceiver: getConfigParser: domain=satellite
09-14 09:34:50.702  1264  1385 V SatelliteController: satelliteConfigParser is not ready
09-14 09:34:50.702  1264  1385 D SatelliteController: isSatelliteAttachSupportedViaConfigupdater: return null (satelliteConfig is null)
09-14 09:34:50.702  1264  1385 D SatelliteController: getConfigForSubId: subId= 1, config= PersistableBundle[{satellite_esos_supported_bool=false, satellite_connection_hysteresis_sec_int=180, satellite_supported_disaster_plmn_string_array=[], regional_satellite_earfcn_bundle=PersistableBundle[{}], satellite_entitlement_supported_bool=false, satellite_supported_emergency_plmn_string_array=[], satellite_configs_per_plmn_bundle=PersistableBundle[{}], satellite_sos_max_datagram_size_bytes_int=255, satellite_supported_msg_apps_string_array=[com.google.android.apps.messaging], satellite_connected_notification_throttle_millis_int=604800000, satellite_display_name_string=, satellite_roaming_p2p_sms_inactivity_timeout_sec_int=180, satellite_roaming_turn_off_session_for_emergency_call_bool=true, emergency_messaging_supported_bool=false, carrier_roaming_satellite_emergency_messaging_provider_per_country_bundle=PersistableBundle[{}], satellite_data_support_mode_int=0, carrier_roaming_ntn_connect_type_int=0, satellite_attach_supported_bool=false, carrier_roaming_satellite_emergency_messaging_redirection_destination_string=, satellite_nidd_apn_name_string=, carrier_supported_satellite_services_per_provider_bundle=PersistableBundle[{310830=[2, 3, 6]}], satellite_roaming_esos_inactivity_timeout_sec_int=300, carrier_supported_satellite_notification_hysteresis_sec_int=180, carrier_config_applied_bool=true, carrier_roaming_ntn_emergency_call_to_satellite_handover_type_int=2, carrier_roaming_satellite_default_services_int_array=[2, 3, 6], imsserviceentitlement.entitlement_server_url_string=, emergency_call_to_satellite_t911_handover_timeout_millis_int=30000, satellite_roaming_p2p_sms_supported_bool=false, carrier_config_version_string=, satellite_roaming_screen_off_inactivity_timeout_sec_int=30}]
09-14 09:34:50.702  1264  1385 D SatelliteController: isSatelliteSupportedViaCarrier: using CarrierConfig for subId=1, isAttachSupported=false
09-14 09:34:50.702  1264  1385 D SatelliteController: isInSatelliteModeForCarrierRoaming: subId=1, connectType=0, result=false
09-14 09:34:51.093   661  1082 D androidtc: Initializing SystemTextClassifier, type = System
09-14 09:34:51.093  1904  1904 I AiAiTextClassifier: onCreateTextClassificationSession = TextClassificationSessionId {45b0cc44-bfe8-4ffc-9a85-fbdf4983dec9}
09-14 09:34:51.094   661  1082 E ClipboardService: Denying clipboard access to com.android.chrome, application is not in focus nor is it a system service for user 0
09-14 09:34:51.094  1904  2225 I AiAiTranslate: C2T - not in a conversation
09-14 09:34:51.094  7043 19029 D androidtc: Initializing SystemTextClassifier, type = System
09-14 09:34:51.094  1110  1110 I ClipboardListener: Clipboard overlay suppressed.
09-14 09:34:51.095  1904  2250 I AiAiTextClassifier: GenerateLinks did not find valid links, returning empty result
09-14 09:34:51.095   661  1083 E ClipboardService: Denying clipboard access to com.android.chrome, application is not in focus nor is it a system service for user 0
09-14 09:34:51.096  1110  1110 I ClipboardListener: Clipboard overlay suppressed.
09-14 09:34:51.096  1904  2250 I AiAiTextClassifier: GenerateLinks did not find valid links, returning empty result
09-14 09:34:52.279  1333  1333 I wpa_supplicant: wlan0: CTRL-EVENT-BEACON-LOSS 
09-14 09:34:52.525   661  1014 E WifiDataStall: Ignore this poll. newStats: null txLinkSpeedMbps: 1 rxLinkSpeedMbps: 2 rssi: -50 connectionCapabilities: com.android.server.wifi.WifiNative$ConnectionCapabilities@42dc428
09-14 09:34:52.526   661  1043 I AdbWifiNetworkMonitor: Wi-Fi network available
09-14 09:34:52.526   661  1043 I AdbWifiNetworkMonitor: Received the same Wi-Fi SSID. Ignoring.
09-14 09:34:52.528  7388  8740 I NearbyMediums: Wifi changed new SSID: "AndroidWifi"
09-14 09:34:52.528  7388  8740 I NearbyMediums: WifiLanConnectivityInfo is not changed, skip notify.
09-14 09:34:52.528   661  1020 D ConnectivityService: NetReassign [no changes] [c 0] [a 1] [i 0]
09-14 09:34:52.528  7388  7419 I NullBinder: NullBinder for android.net.action.RECOMMEND_NETWORKS triggering remote TransactionTooLargeException due to Service without Chimera impl, calling uid: 1000, calling pid: 0
09-14 09:34:52.528  7388  7419 W libbinder.Binder: Large reply transaction of 1056768 bytes, interface descriptor , function: UNKNOWN_FUNCTION_NAME, code: 1, flags: 17
09-14 09:34:53.027  7388  8740 I NearbySharing: Network state changed: NetworkState(isRestricted=false, isOnline=true, isCongested=false, isMetered=false, isWifiConnected=true)
09-14 09:34:53.654  1952  1952 I adbd    : adbd service requested 'shell,v2,TERM=xterm-256color:export ANDROID_LOG_TAGS=''; exec logcat '-d''
